
> dynasty@0.0.0 sim:check:all
> vite-node tools/scenarios.ts -- --verbose


WORLD HEALTH REPORT  -  scenario "food-news"  seed "food-news"
==============================================================================
600 steps in 178ms  (3,371 steps/s)

POPULATION OVER TIME
  step    day   alive  hunger  thirst  tired   cold   lonely  health  food   bare  store  trees  grown  fruit  kids  wed  age   oob  
  0       5     5      16.0    0.0     0.0     0.0    0.0     100.0   10     642   0      0      0      0      1     4    23    0    
  60      5     5      19.3    2.7     0.5     0.7    4.2     100.0   10     642   0      0      0      0      1     4    23    0    
  120     5     5      22.6    5.5     1.0     0.3    8.4     99.6    10     642   0      0      0      0      1     4    23    0    
  180     5     5      25.9    8.4     1.4     0.0    12.6    98.9    10     642   0      0      0      0      1     4    23    0    
  240     6     5      29.2    11.1    1.9     0.7    16.8    98.2    10     642   0      0      0      0      1     4    23    0    
  300     6     5      32.5    13.8    2.4     1.0    21.0    97.5    10     642   0      0      0      0      1     4    23    0    
  360     6     5      35.8    16.8    2.9     0.4    25.2    96.8    10     642   0      0      0      0      1     4    23    0    
  420     6     5      34.9    19.8    3.4     0.0    29.4    96.1    9      642   0      0      0      0      1     4    23    0    
  480     7     5      31.0    22.6    3.8     0.3    33.6    96.3    7      642   0      0      0      0      1     4    23    0    
  540     7     5      34.3    25.4    4.3     0.3    37.8    96.6    5      642   0      0      0      0      1     4    23    0    
  600     7     5      37.6    28.5    4.8     0.0    42.0    96.8    3      642   0      0      0      0      1     4    23    0    

EVENTS
  malnutrition_samples    2674
  rest                    2400
  path_expanded           1056
  relocation_food_nodes   506
  relocation_food_depleted504
  walk_arrived            212
  food_accessible_at_think201
  remembered_node_candidate192
  remembered_node_target  191
  hungry_at_work_propose  119
  proposed_hungry         119
  walk_tick               87
  step_slope_down_ratio   68.28931164597454
  step_slope_down         66
  hungry_at_work_sleep    63
  woke_hungry             63
  place_memory_samples_band_054
  diet_nutrition_total    54
  diet_nutrition_protein  54
  malnutrition_sum        51.19068181818155
  path_found              18
  action_target_knowledge_checked18
  action_target_knowledge_known18
  water_visible_candidate 13
  mood_belonging_sum      12.532360183005789
  step_slope_flat_ratio   12.008247023546792
  step_slope_flat         12
  water_memory_candidate  12
  mood_samples            10
  macro_samples           10
  action_target_knowledge_visible_forage10
  step_slope_up           9
  step_slope_up_ratio     8.605994062963806
  macro_exertion_sum      8.170520833333331
  action_target_knowledge_remembered_forage8
  action_target_from_memory_forage8
  food_place_target_from_told8
  place_exploration_fraction_band_07.40625
  harvest_fish            7
  hungry_at_work_forage   7
  pushed_on_hunger_forage 7
  mood_comfort_sum        5.104589992911473
  macro_carb_sum          4.781136363636364
  site_placed             3
  ate_fish                3
  eat_calm_protein        3
  eat_calm_protein_rich   3
  eat                     3
  eaten_fish              3
  risky_meals_fish        3
  ate_at_source           3
  macro_fat_sum           2.7718636363636366
  macro_protein_sum       2.447
  marriage                2
  founding_households     2
  relocation_scarcity_days2
  conversation            1
  conversation_chat       1
  food_place_told         1
  chief_chosen            1
  conception              1
  place_memory_age_sum_band_00.9432957393483674
  mood_purpose_sum        -9.014495902359482
  mood_security_sum       -17.141621972991675

ACTIONS (summed over samples)
  rest                    2400
  forage                  296
  idle                    182
  propose                 122

KNOWLEDGE
  era: Lower Palaeolithic  ·  0 things known to somebody  ·  0 can make fire

BANDS
  1 chiefs  ·  0 outcast  ·  0 exiled  ·  0 orders obeyed, 0 refused

BUILDINGS
  0 of 3 finished  ·  0 items in store

RELATIONSHIPS
  20 edges across 5 people  ·  20 warm  ·  0 hostile
  Fenik band            theft tolerance 1.21   murder 1.11

TERRAIN
  water=388  beach=283  grass=1796  forest=1192  hills=393  rock=44

TRAVEL
  18 routes found  ·  58.7 mean / 139 worst expansions  ·  30.0 searches per 1,000 ticks
  route_arrived=0  walk_blocked=0  abandoned_cannot_reach=0
  everything that walks: step_blocked=0  ·  axis_null=0  ·  slides=0
  people only: 0 stuck of 87 walk ticks (0.0 per 1,000)  ·  denied: cooldown=0 budget=0
  recoveries=0 (0 found a route)

CHECKS
  PASS  word-of-food-travels    8 forage targets came from a food location heard in conversation

==============================================================================
ALL 1 APPLICABLE CHECKS PASSED


WORLD HEALTH REPORT  -  scenario "conflicts"  seed "conflicts"
==============================================================================
80 steps in 60ms  (1,333 steps/s)

POPULATION OVER TIME
  step    day   alive  hunger  thirst  tired   cold   lonely  health  food   bare  store  trees  grown  fruit  kids  wed  age   oob  
  0       5     12     0.0     0.0     0.0     0.0    0.0     100.0   1644   175   0      139    128    0      4     8    21    0    
  8       5     12     0.4     0.3     0.0     0.1    0.6     100.0   1644   175   0      139    128    0      4     8    21    0    
  16      5     12     0.9     0.7     0.1     0.3    1.1     99.6    1644   175   0      139    128    0      4     8    21    0    
  24      5     12     1.3     1.1     0.1     0.4    1.7     99.6    1659   175   0      139    128    0      4     8    21    0    
  32      5     12     1.8     1.5     0.2     0.5    2.2     99.6    1659   175   0      139    128    0      4     8    21    0    
  40      5     12     2.2     1.9     0.2     0.6    2.8     99.7    1674   175   0      139    128    0      4     8    21    0    
  48      5     12     2.6     2.3     0.3     0.6    3.4     99.7    1674   175   0      139    128    0      4     8    21    0    
  56      5     12     3.1     2.7     0.3     0.7    3.9     99.7    1674   175   0      139    128    0      4     8    21    0    
  64      5     12     3.5     3.1     0.4     0.7    4.5     99.7    1688   175   0      139    128    0      4     8    21    0    
  72      5     12     4.0     3.5     0.4     0.7    5.0     99.7    1688   175   0      139    128    0      4     8    21    0    
  80      5     12     4.4     3.9     0.5     0.6    5.6     99.7    1704   175   0      139    128    0      4     8    21    0    

EVENTS
  malnutrition_samples    960
  rest                    812
  step_slope_up           524
  step_slope_down_ratio   513.7787432893109
  step_slope_down         492
  step_slope_up_ratio     466.21164676218945
  path_expanded           196
  walk_tick               127
  step_blocked            123
  path_denied_cooldown    105
  step_slope_flat_ratio   60.05919284194879
  step_slope_flat         60
  step_slide              48
  intruder_sighted        22
  path_found              18
  animal_alarmed          14
  water_visible_candidate 14
  food_accessible_at_think14
  make_peace_offered      14
  place_memory_samples_band_113
  water_memory_candidate  13
  security_intruder_seen  13
  set_upon_flee           9
  place_exploration_fraction_band_17.034722222222221
  site_placed             6
  witnessed               5
  marriage                4
  founding_households     4
  blow_landed             1
  event_assault           1
  security_as_victim      1
  dread_as_victim         1
  debt_incurred_assault   1
  set_upon_under_attack   1
  malnutrition_sum        0
  place_memory_age_sum_band_10

ACTIONS (summed over samples)
  rest                    812
  attack                  80
  flee                    67
  idle                    1

KNOWLEDGE
  era: Lower Palaeolithic  ·  0 things known to somebody  ·  0 can make fire

BANDS
  0 chiefs  ·  0 outcast  ·  0 exiled  ·  0 orders obeyed, 0 refused

BUILDINGS
  0 of 6 finished  ·  0 items in store

RELATIONSHIPS
  61 edges across 12 people  ·  60 warm  ·  1 hostile
  Naror band            theft tolerance 0.83   murder 1.01
  Tora band             theft tolerance 0.36   murder 1.03

TERRAIN
  water=877  beach=218  grass=604  forest=430  hills=175  rock=0

TRAVEL
  18 routes found  ·  10.9 mean / 27 worst expansions  ·  225.0 searches per 1,000 ticks
  route_arrived=0  walk_blocked=0  abandoned_cannot_reach=0
  everything that walks: step_blocked=123  ·  axis_null=0  ·  slides=48
  people only: 0 stuck of 127 walk ticks (0.0 per 1,000)  ·  denied: cooldown=105 budget=0
  recoveries=0 (0 found a route)

CHECKS
  PASS  opinions-diverge        61 relationships across 12 people: 60 warm, 1 hostile

==============================================================================
ALL 1 APPLICABLE CHECKS PASSED


WORLD HEALTH REPORT  -  scenario "tiny"  seed "tiny"
==============================================================================
2000 steps in 948ms  (2,110 steps/s)

POPULATION OVER TIME
  step    day   alive  hunger  thirst  tired   cold   lonely  health  food   bare  store  trees  grown  fruit  kids  wed  age   oob  
  0       5     8      0.0     0.0     0.0     0.0    0.0     100.0   593    38    0      175    159    0      3     4    25    0    
  200     5     8      10.7    12.8    5.3     0.1    6.5     100.0   633    39    0      175    159    0      3     4    25    0    
  400     6     8      21.9    17.1    6.6     0.0    14.4    100.0   670    39    0      146    129    0      3     4    25    0    
  600     7     8      17.0    7.5     2.8     0.0    11.3    100.0   704    40    0      146    129    0      3     4    25    0    
  800     8     8      19.7    15.7    1.8     0.0    18.0    100.0   739    39    4      147    129    0      3     4    25    0    
  1000    9     8      20.6    17.2    0.6     0.0    19.3    100.0   760    40    18     150    129    0      3     4    25    0    
  1200    10    8      17.8    11.6    1.0     0.0    17.2    100.0   622    55    22     150    129    12     3     4    25    0    
  1400    10    8      17.8    19.1    7.5     0.0    13.5    100.0   674    27    22     150    129    12     3     4    25    0    
  1600    11    8      26.9    19.8    6.0     0.0    23.7    100.0   716    29    22     150    129    23     3     4    25    0    
  1800    12    8      11.3    9.9     3.4     0.0    29.5    100.0   750    28    27     150    129    36     3     4    25    0    
  2000    13    8      16.0    13.5    1.6     0.0    19.9    100.0   785    27    30     150    129    48     3     4    25    0    

EVENTS
  malnutrition_samples    16000
  step_slope_up           7988
  path_expanded           7916
  step_slope_up_ratio     7138.096018012286
  step_slope_down_ratio   7115.242526364973
  step_slope_down         6850
  walk_tick               4670
  walk_arrived            3578
  nursing_hunger_relief   3000
  nursing_thirst_relief   3000
  remembered_node_candidate2250
  rest                    1993
  water_visible_candidate 1901
  food_accessible_at_think1895
  water_memory_candidate  1895
  place_memory_age_sum_band_01800.9808913236209
  place_memory_samples_band_01702
  yield_obs_yield_forage_sum1681.395019554755
  sleeping_open           1661
  malnutrition_sum        1565.3625899625308
  path_denied_cooldown    1492
  path_found              939
  step_slope_flat_ratio   839.1049112071828
  step_slope_flat         838
  diet_nutrition_total    776
  craving_protein_search  651
  craving_protein_reachable551
  hunter_samples          500
  action_target_knowledge_checked481
  action_target_knowledge_known481
  relocation_food_nodes   480
  place_exploration_fraction_band_0339.77734375
  action_target_knowledge_visible_forage284
  remembered_node_target  265
  grazer_samples          228
  relocation_food_depleted183
  belief_seen_eat_berries 167
  drink                   155
  shared_resource_depletion_seen148
  diet_nutrition_protein  144
  action_target_knowledge_visible_chop136
  fruit_thirst_relief     122.79147587851438
  step_blocked            118
  mood_belonging_sum      115.0649005239207
  elite_larder_preferred  97
  craving_protein_absent  85
  yield_obs_yield_fish_sum79.00224215246637
  food_blocked_by_reach_at_think69
  food_reach_fallback_at_think69
  mood_samples            64
  macro_samples           64
  macro_exertion_sum      60.813718102615645
  harvest_berries         59
  yield_obs_yield_forage_n57
  eat                     53
  stored                  46
  worked_alongside        43
  grazer_samples_on_poor  43
  ate_berries             43
  eaten_berries           43
  macro_carb_sum          38.30426020633971
  witnessed               36
  action_target_knowledge_visible_pick35
  hydrating_food_candidate31
  belief_seen_eat_fish    31
  nursing_sessions        30
  tree_died_old           30
  step_slide              30
  food_stored_own         30
  belief_told             28
  stale_memory_resource_empty27
  abandoned_remembered_wrong27
  action_target_knowledge_visible_drink26
  drink_finished          26
  work_ended_node_empty   25
  eat_craving_protein     24
  water_place_told        21
  eat_calm_protein        21
  work_ended_hands_full   20
  animal_alarmed          19
  harvest_sticks          18
  romp_together           16
  conversation            16
  withdrawn               16
  craving_protein_outside_reach15
  grass_cut               14
  sought_out_chief_talk   14
  belief_seen_eat_pear    14
  macro_fat_sum           13.31163970155503
  macro_protein_sum       12.384100092105268
  materials_delivered     12
  haul_units_band_0       12
  route_arrived           12
  cry_interrupted         11
  harvest_fish            11
  hand_capacity_blocked   10
  meadow_poor_share_samples10
  sought_out_chief_spar   10
  craving_protein_masked_by_reachable_food10
  craving_protein_override_selected10
  sparred                 9
  settled_over_work       9
  conversation_chat       9
  would_spoil_berries     9
  abandoned_no_food       9
  raid_for_need_nowhere   8
  ate_fish                8
  eaten_fish              8
  risky_meals_fish        8
  conversation_interests  7
  order_obeyed            6
  event_share_food        6
  gift_given              6
  romp_away_from_family   6
  would_spoil_fish        6
  food_absent_in_search_at_think6
  haul_trip_band_0        5
  tree_seeded             5
  sought_out_chief_propose5
  rumor_spread            5
  yield_obs_yield_pick_n  5
  woke_baby_crying        4
  order_haul_obeyed       4
  dropped                 4
  carry_overflow_dropped  4
  yield_obs_yield_fish_n  4
  eat_craving_protein_rich4
  site_placed             3
  food_place_told         3
  project_request_refused 3
  interrupted_spar_baby_crying3
  marriage                2
  founding_households     2
  reflected               2
  rest_ended_baby_crying  2
  abandoned_nothing_to_haul2
  order_build_obeyed      2
  conception              2
  work_ended_baby_crying  2
  water_exploration_offered2
  water_exploration_offered_child2
  picked_pear             2
  work_ended_tree_bare    2
  eat_calm_protein_rich   2
  ate_pear                2
  eaten_pear              2
  baby_picked_up          1
  project_backer_added    1
  chief_chosen            1
  order_refused           1
  order_haul_refused      1
  building_completed      1
  completed_storage_pit   1
  abandoned_already_built 1
  prey_killed_by_predator 1
  prey_killed_by_bear     1
  animal_predated         1
  site_abandoned          1
  conceived_plant_lore    1
  spark_plant_lore_2      1
  meadow_poor_share_sum   0.38822303282959875
  hunter_samples_expected_in_firelight0
  spoilage_prevented      0
  yield_obs_yield_pick_sum0
  would_spoil_pear        0
  mood_comfort_sum        -61.94173856142737
  mood_purpose_sum        -162.59164485597574
  mood_security_sum       -199.2638998889529

ACTIONS (summed over samples)
  forage                  2904
  rest                    1993
  sleep                   1661
  idle                    1448
  go_home                 1289
  romp                    1241
  spar                    857
  talk                    797
  gather                  790
  chop                    667
  cut_grass               434
  build                   357
  drink                   339
  pick                    208
  propose                 203
  give                    194
  store                   184
  nurse                   167
  haul                    110
  take                    63
  reflect                 57
  eat                     37

KNOWLEDGE
  era: Lower Palaeolithic  ·  0 things known to somebody  ·  0 can make fire

BANDS
  1 chiefs  ·  0 outcast  ·  0 exiled  ·  6 orders obeyed, 1 refused

BUILDINGS
  1 of 2 finished  ·  30 items in store

RELATIONSHIPS
  56 edges across 8 people  ·  56 warm  ·  0 hostile
  Unga band             theft tolerance 1.34   murder 1.21

TERRAIN
  water=1398  beach=439  grass=1343  forest=576  hills=340  rock=0

TRAVEL
  939 routes found  ·  8.4 mean / 107 worst expansions  ·  469.5 searches per 1,000 ticks
  route_arrived=12  walk_blocked=0  abandoned_cannot_reach=0
  everything that walks: step_blocked=118  ·  axis_null=0  ·  slides=30
  people only: 0 stuck of 4670 walk ticks (0.0 per 1,000)  ·  denied: cooldown=1492 budget=0
  recoveries=0 (0 found a route)

CHECKS
  PASS  regions-stay-true       5 independently recomputed landmasses; 0 incorrectly labelled tiles and 0 incorrect region sizes
  PASS  hands-limit-loads       0 post-transfer states remained above the hands and fitted-container limit; 10 collection attempts hit a hand limit
  n/a   containers-carry-more   run the porters scenario to compare fitted containers with bare hands
  PASS  people-act-on-what-they-know481/481 forage, pick, drink, hunt and chop targets visible or remembered
  n/a   word-of-food-travels    measured in food-news, where the rumour supplies the only food
  PASS  stale-memories-cost     27 trips reached a remembered resource that was exhausted
  PASS  the-map-grows           18.0% → 22.2% mean explored (must grow and remain below 99%)
  n/a   kin-are-defended        0 attacks on children with adult witnesses (need 10)
  n/a   the-young-run-to-their-own0 attacked children fled (need 10)
  PASS  cravings-steer-the-diet 16.7% rich-protein meals while craving vs 9.5% while calm (need 1.3x)
  n/a   nights-are-slept        130 adult night samples (need 200)
  n/a   nights-are-spent-at-home130 adult night samples (need 200)
  PASS  moods-move-choices      10.8% talk in low-belonging tercile vs 0.6% in high (166 samples each; low must be higher)
  PASS  children-keep-close     93.8% of 241 child samples within radius + 3 of either living parent (need 75%; designated carer=90.0%; top actions: romp=59, go_home=57, rest=37, sleep=30, talk=17)
  PASS  no-nan                  worst sample had 0 non-finite fields
  PASS  people-in-bounds        worst sample had 0 people outside a 64x64 world
  PASS  people-on-land          worst sample had 0 people standing in water or on rock
  PASS  people-survive          8/8 alive at step 2000 (need 6 over 8 days)
  PASS  deaths-explained        nobody died
  PASS  nobody-stalls-under-orders0 people stalled under order for a full day; 0 gave up walking, 0 of those under order
  PASS  walkers-do-not-grind    0 of 4,670 walking ticks made no real progress (0.0 per 1,000; wanted under 5)
  PASS  paths-are-found         200 pairs sampled on the largest region, every one found — mean 138.1 / worst 939 expansions; 0 gave up mid-play
  PASS  nobody-walled-in        8 checked; 0 cut off from water, 0 cut off from food in their own region
  PASS  people-drink            drink=155
  n/a   drinking-is-paced       run too short to say anything about a daily rhythm
  n/a   food-work-continues     nobody got hungry enough mid-gather to be worth exempting
  PASS  people-harvest          berries=59 meat=0 wood=0 flint=0
  PASS  people-eat              eat=53
  PASS  ai-uses-many-actions    22 distinct actions observed: forage=2904 rest=1993 sleep=1661 idle=1448 go_home=1289 romp=1241 spar=857 talk=797 gather=790 chop=667 cut_grass=434 build=357 drink=339 pick=208 propose=203 give=194 store=184 nurse=167 haul=110 take=63 reflect=57 eat=37
  PASS  needs-not-pinned        final avgHunger=16.0 avgThirst=13.5 avgCold=0.0 avgCompany=19.9
  PASS  health-holds-up         final avgHealth=100.0 (floor is 60)
  PASS  events-witnessed        deeds=6 witnessed=36 unwitnessed=0
  PASS  people-talk             conversations=16
  n/a   gossip-is-aimed         run covers only 8 days; too short for a story worth telling
  PASS  rumor-propagates        stories passed on=5
  n/a   opinions-diverge        measured after a witnessed assault in conflicts. 56 relationships across 8 people: 56 warm, 0 hostile
  PASS  materials-delivered     delivered=12 sites=2 finished=1
  PASS  building-starts-small   2 projects measured; 0 exceeded sponsor + backers + ordered workers
  PASS  projects-find-backers   1/1 completed AI-planned projects had a backer (need 70%)
  n/a   shelter-answers-cold    never got cold (peak avgCold 0.1)
  PASS  work-runs-in-stretches  hands_full=20 node_empty=25 baby_crying=2 tree_bare=2
  PASS  foraging-bites          most bushes stripped at once: 55; wild food went from 593 to 785
  n/a   generations-turn-over   run covers only 8 days; too short to say
  PASS  forest-is-used          0 trees felled, 0 timber cut, 2 fruit picked
  PASS  fruit-comes-and-goes-with-the-seasonworst sample had 0 fruit hanging out of season; most windfall seen at once was 0 across 2 seasons
  PASS  forest-persists         stand went from 175 to 150 (129 grown, 9 seedlings); 5 seeded, 30 died of age
  PASS  bands-have-chiefs       1 chiefs for 8 people; 1 changes of leadership
  n/a   bands-decide-to-build   run too short for a band to plan anything
  n/a   camps-move-when-the-land-failsmeasured in the lean survival scenario
  n/a   jobs-bias-work          too few ticks with a job assigned to compare (0 held, 0 not)
  n/a   rebellion-is-rare-but-happensrun covers only 8 days; too short for rebellion to be expected or ruled out
  n/a   raids-are-organised     no chief in this world ever stood badly enough with a neighbour to weigh one
  n/a   knowledge-is-found      run covers under a year; too short to work anything out
  n/a   knowledge-is-passed-on  run too short to teach anything
  n/a   ideas-are-conceived     run too short for anybody to have an idea
  n/a   sparks-are-various      run too short for more than one route to fire
  n/a   ideas-become-tech       run too short to carry an idea to a proven design
  n/a   the-tree-is-climbed     run too short to get past the root technologies
  n/a   research-is-social      run too short for anybody to argue anything out
  n/a   techs-are-refined       run too short to improve a design
  n/a   records-are-cut         nobody in this world can write
  n/a   crafting-is-interruptibletoo few crafting attempts to tell (0 made, 0 interrupted)
  n/a   food-spoils             spoilage is switched off in this scenario
  n/a   stores-keep-food-better-than-packsspoilage is switched off in this scenario
  n/a   pictures-are-painted    nobody here knows how to burn earth red
  n/a   music-answers-lonelinessnobody here can make a flute
  n/a   beer-answers-loneliness nobody here knows how to brew
  n/a   the-temple-gathers      no band had a chief with redistribution and a granary
  n/a   the-ledger-remembers    no temple kept by a chief who keeps accounts
  n/a   taxes-reach-the-temple  no temple kept by a chief who knows how to tax
  n/a   the-law-is-the-same-for-allno chief who judges by the law heard a case of their own people
  n/a   soldiers-are-kept       no temple kept by a chief who knows a standing army
  n/a   kings-reign-for-life    nobody here knows kingship
  n/a   civilisation-is-derived no band holds the six things a civilisation is
  n/a   governments-declare-war-and-peaceno government declared anything in this run
  n/a   the-beaten-pay-tribute  no people submitted to another in this run
  n/a   serfs-are-owned         no governed people took an adult captive in this run
  n/a   feasts-gather-the-band  nobody here knows how to brew
  n/a   the-hurt-are-tended     nobody here knows a herb from a weed
  n/a   wounds-fester-untended  0 untended and 0 dressed wound-days; too few to compare (need 60 of each)
  n/a   raw-meat-sickens        8 raw meals eaten; too few for a ~10% risk to show (need 40)
  n/a   the-wise-avoid-baneberries0 baneberry meals by the unlettered; nobody was exposed enough to tell
  n/a   animals-are-tamed       nobody here would think of feeding one
  n/a   heads-direct-work       nobody here has the idea of a band with a shape
  n/a   kills-are-butchered-for-bonenobody alive knows what to do with a carcass
  n/a   crafts-happen-at-stations5 station designs exist and no band finished one in this run
  n/a   the-hearth-warms        nobody was cold within range of a finished hearth
  n/a   roast-wins              nobody alive knows cooking
  n/a   cooking-spreads         scenario did not found anyone knowing cooking
  n/a   pots-reach-a-granary    nobody alive knows how to fire clay
  PASS  discovery-is-situated   every one of 1 ideas came by a named route; 0 of them into the technologies cold suggests
  PASS  population-bounded      peak population 8
  PASS  spatial-hash-spreads    largest bucket holds 5 of 8 items across 2 cells
  PASS  animals-move            mean drift 14.5 tiles/day (floor is 2)
  PASS  animals-flee            45 bolts opened the distance, 35 did not
  n/a   hunts-succeed-and-fail  too few strikes to tell (0 kills, 0 misses)
  n/a   people-eat-meat         no meat entered the world in this run
  PASS  fish-are-caught         11 fish taken; 53 meals eaten
  n/a   bands-set-traps         nobody in this world knows how to set a trap
  n/a   fields-are-sown-and-reapednobody in this world knows how to farm
  n/a   soil-is-drawn-down      no harvest was taken off any ground in this run
  n/a   compost-answers-exhaustionnobody in this world knows how to compost
  n/a   traps-catch             no trap was finished in this run
  n/a   herds-breed-and-are-cullednobody in this world knows how to keep a pen
  n/a   wells-are-drawn-from    nobody in this world knows how to sink a well
  n/a   milk-is-drawn-and-drunk no milk was ever bred in this run
  n/a   wool-is-sheared-and-wovenno wool was ever bred in this run
  PASS  bands-dont-overbuild    band0=1; 0 over the ceiling, 0 holding empty stores
  PASS  families-exist          2 households of more than one; 8 people with family
  n/a   sleep-restores          nobody had a roof to sleep under in this run
  n/a   kin-outrank-strangers   not all three kinds of tie have 10+ pairs here: household=61.9 band=15.8 outsider=n/a outsider-unrelated=n/a · band-pairs=0 friendliest=0.0 hostile=0.0
  n/a   bands-take-sides        no two bands have touched each other in this run
  n/a   violence-concentrates   only 0 blows between peoples here; too few to say where they land
  n/a   peoples-drift-apart     0 incidents between peoples; too few to split the run around
  n/a   peace-within-bands      only 0 blows here; too few to say where they land
  n/a   children-are-not-struck only 0 blows here; too few to say
  n/a   the-struck-respond      only 0 second blows here; too few to say
  n/a   wrongs-reach-the-chief  only 0 debts run up; too few to say
  n/a   upbringing-follows-culturefewer than two peoples saw 15 wrongs by their children abroad, with regard for strangers 0.15 apart
  n/a   the-watched-intervene   only 0 property deeds were seen by their owners; too few to say
  n/a   captives-are-taken      only 0 blows between peoples; no quarrel long enough
  n/a   bodies-are-found        only 0 deaths here; too few to say
  n/a   murders-are-solved      only 0 killings here; too few to say
  PASS  world-has-land          grass=1343 forest=576 water=1398
  n/a   perf-budget             2,110 steps/s with 8 people at the peak (floor 4,386); judged only when a scenario runs alone
  PASS  herds-follow-the-grass  228 grazer samples, 19% of them on poor grass, against 4% of the meadow and the wood being poor
  PASS  predators-hunt          1 grazers pulled down (0 by wolves, 1 by bears, 0 by lynxes); 0 people bitten
  n/a   fire-keeps-wolves-off   500 hunter samples with 0.0 expected inside a circle of firelight; too few to say
  n/a   a-hunted-out-land-stays-emptythis land was not hunted out
  PASS  slopes-slow             7,988 uphill steps cover 89.4% of the distance asked, 6,850 downhill 103.9%, 838 flat 100%
  n/a   hills-see-farther       0 sightings of strangers in this run; too few to say

==============================================================================
ALL 47 APPLICABLE CHECKS PASSED  (84 not applicable)


WORLD HEALTH REPORT  -  scenario "band"  seed "band"
==============================================================================
3000 steps in 4001ms  (750 steps/s)

POPULATION OVER TIME
  step    day   alive  hunger  thirst  tired   cold   lonely  health  food   bare  store  trees  grown  fruit  kids  wed  age   oob  
  0       5     30     0.0     0.0     0.0     0.0    0.0     100.0   1486   187   0      1047   926    0      12    14   20    0    
  300     6     30     16.5    19.0    1.8     1.0    14.1    100.0   1576   193   0      942    818    0      12    14   20    0    
  600     7     30     19.1    15.8    3.5     0.0    18.6    100.0   1668   198   0      948    818    0      12    14   20    0    
  900     8     30     19.1    16.6    7.1     0.0    25.3    100.0   1722   196   16     951    818    0      12    14   20    0    
  1200    10    29     17.9    16.5    1.4     0.0    23.9    100.0   870    282   45     961    819    96     12    14   19    0    
  1500    11    29     18.9    15.6    3.7     0.0    27.3    100.0   1136   148   45     961    819    194    12    14   19    0    
  1800    12    29     17.2    19.9    4.5     0.0    26.3    100.0   1402   150   78     961    819    287    12    14   19    0    
  2100    13    29     18.6    14.5    6.5     0.0    26.3    100.0   1664   152   99     961    820    373    12    14   19    0    
  2400    15    29     17.4    20.4    4.1     0.0    19.9    100.0   1907   156   119    961    821    564    12    14   19    0    
  2700    16    30     19.4    18.1    4.0     0.0    26.4    99.9    2154   146   153    961    821    611    13    14   18    0    
  3000    17    31     19.2    17.3    3.9     0.0    27.2    99.8    2404   148   164    960    820    654    14    14   18    0    

EVENTS
  malnutrition_samples    88440
  path_expanded           53820
  step_slope_up           37631
  step_slope_up_ratio     33871.57713271174
  step_slope_down_ratio   32747.85888401814
  step_slope_down         31603
  walk_tick               28260
  walk_arrived            21706
  malnutrition_sum        15427.754179673348
  rest                    14463
  remembered_node_candidate13015
  yield_obs_yield_forage_sum10727.078528328593
  food_accessible_at_think10532
  water_memory_candidate  9928
  water_visible_candidate 8441
  path_denied_cooldown    7772
  nursing_hunger_relief   6100
  nursing_thirst_relief   6100
  sleeping_open           5798
  diet_nutrition_total    5600
  path_found              5149
  place_memory_age_sum_band_04998.5105301585945
  craving_protein_search  4925
  step_slope_flat_ratio   4551.095387861284
  step_slope_flat         4545
  place_memory_age_sum_band_23819.267746761027
  place_memory_samples_band_03201
  place_memory_samples_band_13159
  relocation_food_nodes   3144
  craving_protein_reachable3117
  place_memory_samples_band_22854
  action_target_knowledge_checked2653
  action_target_knowledge_known2653
  place_memory_age_sum_band_12105.4211199690862
  yield_obs_yield_fish_sum1874.9116106317103
  relocation_food_depleted1765
  remembered_node_target  1752
  action_target_knowledge_visible_forage1530
  poison_ticks            1325
  craving_protein_absent  1297
  diet_nutrition_protein  1278
  mood_belonging_sum      1189.1596968585325
  shared_resource_depletion_seen1112
  grazer_samples          1084
  step_blocked            1030
  fruit_thirst_relief     982.095978938532
  drink                   975
  belief_seen_eat_berries 922
  hunter_samples          750
  elite_larder_preferred  683
  action_target_knowledge_visible_chop633
  step_slide              600
  food_blocked_by_reach_at_think511
  food_reach_fallback_at_think511
  craving_protein_outside_reach511
  craving_protein_masked_by_reachable_food458
  craving_protein_override_selected458
  hydrating_food_candidate400
  eat                     380
  harvest_berries         370
  mood_samples            353
  macro_samples           353
  macro_exertion_sum      331.88458910090174
  worked_alongside        328
  yield_obs_yield_forage_n294
  action_target_knowledge_visible_pick292
  place_exploration_fraction_band_0283.5341796875
  place_exploration_fraction_band_2280.5341796875
  belief_seen_eat_fish    268
  work_ended_hands_full   265
  ate_berries             263
  eaten_berries           263
  place_exploration_fraction_band_1233.537109375
  macro_carb_sum          220.26966844244185
  grazer_samples_on_poor  203
  witnessed               197
  stored                  195
  work_ended_node_empty   183
  eat_craving_protein     183
  stale_memory_resource_empty176
  abandoned_remembered_wrong176
  food_stored_own         163
  drink_finished          162
  hungry_at_work_romp     162
  eat_calm_protein        147
  action_target_knowledge_visible_drink139
  belief_told             132
  romp_together           131
  food_absent_in_search_at_think124
  hand_capacity_blocked   118
  route_arrived           114
  tree_died_old           109
  yield_obs_yield_pick_sum92.673227698887
  would_spoil_berries     92
  yield_obs_yield_hunt_sum88.97905649583502
  water_place_told        87
  animal_alarmed          83
  romp_hungry             79
  harvest_fish            78
  harvest_sticks          77
  belief_seen_eat_pear    76
  ate_fish                71
  eaten_fish              71
  risky_meals_fish        71
  conversation            69
  macro_protein_sum       68.91341097651653
  sparred                 68
  settled_over_work       68
  sought_out_chief_talk   68
  hungry_at_work_rest     67
  belief_seen_eat_plum    67
  hungry_at_work_build    66
  hungry_at_work_sleep    65
  macro_fat_sum           63.81692058104156
  nursing_sessions        61
  yield_obs_yield_fish_n  60
  picked_plum             59
  materials_delivered     58
  action_target_from_memory_forage56
  woke_hungry             54
  water_exploration_no_frontier52
  rest_ended_hungry       50
  intruder_sighted        48
  eat_calm_protein_rich   47
  hungry_at_work_talk     44
  conversation_chat       42
  food_place_told         42
  would_spoil_fish        40
  rumor_spread            39
  raid_for_need_nowhere   35
  event_share_food        34
  gift_given              34
  belief_seen_sick        32
  romp_away_from_family   31
  withdrawn               31
  work_ended_tree_bare    30
  picked_pear             30
  cry_interrupted         28
  yield_obs_yield_pick_n  26
  action_target_knowledge_remembered_drink25
  security_intruder_seen  24
  hungry_at_work_hunt     24
  pushed_on_hunger_hunt   24
  grass_cut               22
  tree_seeded             22
  sought_out_chief_spar   22
  conversation_interests  22
  ate_plum                22
  eaten_plum              22
  haul_units_band_0       21
  haul_units_band_2       19
  reflected               19
  action_target_knowledge_visible_hunt19
  spoilage_prevented      19
  dropped                 19
  carry_overflow_dropped  19
  haul_units_band_1       18
  ate_pear                18
  eaten_pear              18
  talked_hungry           17
  water_exploration_offered17
  order_obeyed            16
  intruder_sighted_beyond_base16
  abandoned_no_food       16
  meadow_poor_share_samples15
  action_target_knowledge_remembered_forage15
  abandoned_no_fruit      15
  remembered_empty_walk   12
  water_exploration_offered_adult11
  site_placed             10
  project_request_refused 10
  order_refused           10
  order_build_obeyed      10
  inherited_goods         10
  work_ended_baby_crying  9
  harvest_reeds           9
  rest_ended_baby_crying  9
  eat_craving_protein_rich9
  prey_killed_by_predator 9
  animal_predated         9
  belief_seen_eat_toxic_berries9
  hungry_at_work_nurse    8
  abandoned_subject_gone  8
  marriage                7
  founding_households     7
  order_build_refused     7
  harvest_flint           7
  haul_trip_band_2        6
  haul_trip_band_1        6
  order_haul_obeyed       6
  hungry_at_work_forage   6
  pushed_on_hunger_forage 6
  water_exploration_offered_child6
  ate_toxic_berries       6
  eaten_toxic_berries     6
  ate_toxic_unwise        6
  risky_meals_toxic_berries6
  haul_trip_band_0        5
  conception              5
  sought_out_chief_propose5
  poisoned_fish           5
  poison_grade_mild       5
  prey_killed_by_wolf     5
  poisoning_passed        5
  site_abandoned          5
  baby_picked_up          4
  project_backer_added    4
  abandoned_nothing_to_haul4
  interrupted_spar_baby_crying4
  yield_obs_yield_hunt_n  4
  ate_at_source           4
  body_found              4
  courtship               3
  chief_chosen            3
  order_haul_refused      3
  relocation_scarcity_days3
  talked_baby_crying      3
  would_spoil_plum        3
  would_spoil_toxic_berries3
  poison_grade_severe     3
  conversation_greet      3
  romp_alone              3
  poisoned_toxic_berries  3
  action_target_from_memory_gather_for_site3
  woke_away_from_family   2
  woke_baby_crying        2
  rest_ended_away_from_family2
  building_completed      2
  completed_storage_pit   2
  abandoned_already_built 2
  work_ended_thirsty      2
  prey_killed_by_bear     2
  prey_killed_by_lynx     2
  conversation_deep       2
  birth                   2
  conceived_plant_lore    2
  romp_thirsty            1
  conceived_cordage       1
  spark_cordage_1         1
  death_settled           1
  succession              1
  corpse_left             1
  corpse_first_found      1
  interrupted_give_baby_crying1
  belief_seen_yield_pick  1
  remains_found           1
  order_resumed           1
  band_planned_windbreak  1
  conceived_tracking      1
  spark_tracking_0        1
  talked_away_from_family 1
  breakthrough_ponder     1
  interrupted_spar_thirsty1
  spark_plant_lore_0      1
  spark_plant_lore_2      1
  meadow_poor_share_sum   0.6770571919165236
  hunter_samples_expected_in_firelight0
  would_spoil_pear        0
  mood_comfort_sum        -9.571980557476163
  mood_security_sum       -746.1192443101488
  mood_purpose_sum        -3806.2760714625765

ACTIONS (summed over samples)
  forage                  15994
  rest                    14463
  romp                    8616
  go_home                 7859
  sleep                   5798
  spar                    4714
  gather                  4696
  drink                   4554
  talk                    3905
  idle                    3667
  pick                    3653
  chop                    3109
  store                   1525
  build                   1141
  give                    1100
  cut_grass               655
  propose                 633
  nurse                   413
  reflect                 381
  haul                    352
  court                   331
  take                    227
  eat                     194
  ponder                  169
  praise                  112
  hunt                    93
  wander                  56
  explore                 31

KNOWLEDGE
  era: Lower Palaeolithic  ·  0 things known to somebody  ·  0 can make fire

BANDS
  3 chiefs  ·  0 outcast  ·  0 exiled  ·  16 orders obeyed, 10 refused

BUILDINGS
  2 of 5 finished  ·  164 items in store

RELATIONSHIPS
  285 edges across 32 people  ·  282 warm  ·  1 hostile
  Arur band             theft tolerance 0.79   murder 0.98
  Ungun band            theft tolerance 0.77   murder 0.71
  Othra band            theft tolerance 0.73   murder 1.08

TERRAIN
  water=5393  beach=1347  grass=4345  forest=3226  hills=2064  rock=9

TRAVEL
  5149 routes found  ·  10.5 mean / 111 worst expansions  ·  1716.3 searches per 1,000 ticks
  route_arrived=114  walk_blocked=0  abandoned_cannot_reach=0
  everything that walks: step_blocked=1030  ·  axis_null=0  ·  slides=600
  people only: 0 stuck of 28260 walk ticks (0.0 per 1,000)  ·  denied: cooldown=7772 budget=0
  recoveries=0 (0 found a route)

CHECKS
  PASS  regions-stay-true       8 independently recomputed landmasses; 0 incorrectly labelled tiles and 0 incorrect region sizes
  PASS  hands-limit-loads       0 post-transfer states remained above the hands and fitted-container limit; 118 collection attempts hit a hand limit
  n/a   containers-carry-more   run the porters scenario to compare fitted containers with bare hands
  PASS  people-act-on-what-they-know2653/2653 forage, pick, drink, hunt and chop targets visible or remembered
  n/a   word-of-food-travels    measured in food-news, where the rumour supplies the only food
  PASS  stale-memories-cost     176 trips reached a remembered resource that was exhausted
  PASS  the-map-grows           7.2% → 9.1% mean explored (must grow and remain below 99%)
  n/a   kin-are-defended        0 attacks on children with adult witnesses (need 10)
  n/a   the-young-run-to-their-own0 attacked children fled (need 10)
  FAIL  cravings-steer-the-diet 4.9% rich-protein meals while craving vs 32.0% while calm (need 1.3x)
  PASS  nights-are-slept        65.0% of 658 adult samples in full night sleeping or resting (need 55%)
  PASS  nights-are-spent-at-home88.4% of 658 adult night samples within 15 tiles of an anchor (need 70%)
  PASS  moods-move-choices      4.2% talk in low-belonging tercile vs 1.7% in high (865 samples each; low must be higher)
  PASS  children-keep-close     93.7% of 1580 child samples within radius + 3 of either living parent (need 75%; designated carer=90.8%; top actions: romp=414, go_home=324, rest=192, sleep=177, forage=131)
  PASS  no-nan                  worst sample had 0 non-finite fields
  PASS  people-in-bounds        worst sample had 0 people outside a 128x128 world
  PASS  people-on-land          worst sample had 0 people standing in water or on rock
  PASS  people-survive          31/30 alive at step 3000 (need 21 over 12 days)
  PASS  deaths-explained        settled=1
  PASS  nobody-stalls-under-orders0 people stalled under order for a full day; 0 gave up walking, 0 of those under order
  PASS  walkers-do-not-grind    0 of 28,260 walking ticks made no real progress (0.0 per 1,000; wanted under 5)
  PASS  paths-are-found         200 pairs sampled on the largest region, every one found — mean 695.2 / worst 3287 expansions; 0 gave up mid-play
  PASS  nobody-walled-in        31 checked; 0 cut off from water, 0 cut off from food in their own region
  PASS  people-drink            drink=975
  PASS  drinking-is-paced       162 drinks finished over 356 person-days (0.46 each per day; wanted some, and fewer than 4)
  PASS  food-work-continues     6 ticks of food-gathering continued through hunger that would otherwise have stopped it (24 hunting)
  PASS  people-harvest          berries=370 meat=0 wood=0 flint=7
  PASS  people-eat              eat=380
  PASS  ai-uses-many-actions    28 distinct actions observed: forage=15994 rest=14463 romp=8616 go_home=7859 sleep=5798 spar=4714 gather=4696 drink=4554 talk=3905 idle=3667 pick=3653 chop=3109 store=1525 build=1141 give=1100 cut_grass=655 propose=633 nurse=413 reflect=381 haul=352 court=331 take=227 eat=194 ponder=169 praise=112 hunt=93 wander=56 explore=31
  PASS  needs-not-pinned        final avgHunger=19.2 avgThirst=17.3 avgCold=0.0 avgCompany=27.2
  PASS  health-holds-up         final avgHealth=99.8 (floor is 60)
  PASS  events-witnessed        deeds=34 witnessed=197 unwitnessed=0
  PASS  people-talk             conversations=69
  n/a   gossip-is-aimed         run covers only 12 days; too short for a story worth telling
  PASS  rumor-propagates        stories passed on=39
  n/a   opinions-diverge        measured after a witnessed assault in conflicts. 285 relationships across 32 people: 282 warm, 1 hostile
  PASS  materials-delivered     delivered=58 sites=5 finished=2
  PASS  building-starts-small   5 projects measured; 0 exceeded sponsor + backers + ordered workers
  PASS  projects-find-backers   2/2 completed AI-planned projects had a backer (need 70%)
  n/a   shelter-answers-cold    never got cold (peak avgCold 1.0)
  PASS  work-runs-in-stretches  baby_crying=9 hands_full=265 node_empty=183 thirsty=2 tree_bare=30
  PASS  foraging-bites          most bushes stripped at once: 282; wild food went from 1486 to 2404
  n/a   generations-turn-over   run covers only 12 days; too short to say
  PASS  forest-is-used          0 trees felled, 0 timber cut, 89 fruit picked
  PASS  fruit-comes-and-goes-with-the-seasonworst sample had 0 fruit hanging out of season; most windfall seen at once was 0 across 2 seasons
  PASS  forest-persists         stand went from 1047 to 960 (820 grown, 49 seedlings); 22 seeded, 109 died of age
  PASS  bands-have-chiefs       3 chiefs for 31 people; 3 changes of leadership
  n/a   bands-decide-to-build   run too short for a band to plan anything
  n/a   camps-move-when-the-land-failsmeasured in the lean survival scenario
  n/a   jobs-bias-work          too few ticks with a job assigned to compare (0 held, 0 not)
  n/a   rebellion-is-rare-but-happensrun covers only 12 days; too short for rebellion to be expected or ruled out
  n/a   raids-are-organised     no chief in this world ever stood badly enough with a neighbour to weigh one
  n/a   knowledge-is-found      run covers under a year; too short to work anything out
  n/a   knowledge-is-passed-on  run too short to teach anything
  n/a   ideas-are-conceived     run too short for anybody to have an idea
  n/a   sparks-are-various      run too short for more than one route to fire
  n/a   ideas-become-tech       run too short to carry an idea to a proven design
  n/a   the-tree-is-climbed     run too short to get past the root technologies
  n/a   research-is-social      run too short for anybody to argue anything out
  n/a   techs-are-refined       run too short to improve a design
  n/a   records-are-cut         nobody in this world can write
  n/a   crafting-is-interruptibletoo few crafting attempts to tell (0 made, 0 interrupted)
  n/a   food-spoils             spoilage is switched off in this scenario
  n/a   stores-keep-food-better-than-packsspoilage is switched off in this scenario
  n/a   pictures-are-painted    nobody here knows how to burn earth red
  n/a   music-answers-lonelinessnobody here can make a flute
  n/a   beer-answers-loneliness nobody here knows how to brew
  n/a   the-temple-gathers      no band had a chief with redistribution and a granary
  n/a   the-ledger-remembers    no temple kept by a chief who keeps accounts
  n/a   taxes-reach-the-temple  no temple kept by a chief who knows how to tax
  n/a   the-law-is-the-same-for-allno chief who judges by the law heard a case of their own people
  n/a   soldiers-are-kept       no temple kept by a chief who knows a standing army
  n/a   kings-reign-for-life    nobody here knows kingship
  n/a   civilisation-is-derived no band holds the six things a civilisation is
  n/a   governments-declare-war-and-peaceno government declared anything in this run
  n/a   the-beaten-pay-tribute  no people submitted to another in this run
  n/a   serfs-are-owned         no governed people took an adult captive in this run
  n/a   feasts-gather-the-band  nobody here knows how to brew
  n/a   the-hurt-are-tended     nobody here knows a herb from a weed
  n/a   wounds-fester-untended  0 untended and 0 dressed wound-days; too few to compare (need 60 of each)
  PASS  raw-meat-sickens        5 illnesses after 71 raw meals; none after anything cooked
  PASS  the-wise-avoid-baneberries6 baneberry meals by people without plant lore (3 fell ill), 0 by people who had it
  n/a   animals-are-tamed       nobody here would think of feeding one
  n/a   heads-direct-work       nobody here has the idea of a band with a shape
  n/a   kills-are-butchered-for-bonenobody alive knows what to do with a carcass
  n/a   crafts-happen-at-stations5 station designs exist and no band finished one in this run
  n/a   the-hearth-warms        nobody was cold within range of a finished hearth
  n/a   roast-wins              nobody alive knows cooking
  n/a   cooking-spreads         scenario did not found anyone knowing cooking
  n/a   pots-reach-a-granary    nobody alive knows how to fire clay
  PASS  discovery-is-situated   every one of 4 ideas came by a named route; 0 of them into the technologies cold suggests
  PASS  population-bounded      peak population 31
  PASS  spatial-hash-spreads    largest bucket holds 5 of 31 items across 11 cells
  PASS  animals-move            mean drift 13.9 tiles/day (floor is 2)
  PASS  animals-flee            104 bolts opened the distance, 19 did not
  n/a   hunts-succeed-and-fail  too few strikes to tell (0 kills, 0 misses)
  n/a   people-eat-meat         no meat entered the world in this run
  PASS  fish-are-caught         78 fish taken; 380 meals eaten
  n/a   bands-set-traps         nobody in this world knows how to set a trap
  n/a   fields-are-sown-and-reapednobody in this world knows how to farm
  n/a   soil-is-drawn-down      no harvest was taken off any ground in this run
  n/a   compost-answers-exhaustionnobody in this world knows how to compost
  n/a   traps-catch             no trap was finished in this run
  n/a   herds-breed-and-are-cullednobody in this world knows how to keep a pen
  n/a   wells-are-drawn-from    nobody in this world knows how to sink a well
  n/a   milk-is-drawn-and-drunk no milk was ever bred in this run
  n/a   wool-is-sheared-and-wovenno wool was ever bred in this run
  PASS  bands-dont-overbuild    band1=1 band2=1; 0 over the ceiling, 0 holding empty stores
  PASS  families-exist          7 households of more than one; 29 people with family
  n/a   sleep-restores          nobody had a roof to sleep under in this run
  n/a   kin-outrank-strangers   not all three kinds of tie have 10+ pairs here: household=60.8 band=12.0 outsider=n/a outsider-unrelated=n/a · band-pairs=1 friendliest=0.0 hostile=-5.1
  n/a   bands-take-sides        run covers only 12 days; too short for standing to have spread (1 pairs, spread so far 5.1)
  n/a   violence-concentrates   only 0 blows between peoples here; too few to say where they land
  n/a   peoples-drift-apart     0 incidents between peoples; too few to split the run around
  n/a   peace-within-bands      only 0 blows here; too few to say where they land
  n/a   children-are-not-struck only 0 blows here; too few to say
  n/a   the-struck-respond      only 0 second blows here; too few to say
  n/a   wrongs-reach-the-chief  only 0 debts run up; too few to say
  n/a   upbringing-follows-culturefewer than two peoples saw 15 wrongs by their children abroad, with regard for strangers 0.15 apart
  n/a   the-watched-intervene   only 0 property deeds were seen by their owners; too few to say
  n/a   captives-are-taken      only 0 blows between peoples; no quarrel long enough
  n/a   bodies-are-found        only 1 deaths here; too few to say
  n/a   murders-are-solved      only 0 killings here; too few to say
  PASS  world-has-land          grass=4345 forest=3226 water=5393
  n/a   perf-budget             750 steps/s with 31 people at the peak (floor 1,678); judged only when a scenario runs alone
  PASS  herds-follow-the-grass  1,084 grazer samples, 19% of them on poor grass, against 5% of the meadow and the wood being poor
  PASS  predators-hunt          9 grazers pulled down (5 by wolves, 2 by bears, 2 by lynxes); 0 people bitten
  n/a   fire-keeps-wolves-off   750 hunter samples with 0.0 expected inside a circle of firelight; too few to say
  n/a   a-hunted-out-land-stays-emptythis land was not hunted out
  PASS  slopes-slow             37,631 uphill steps cover 90.0% of the distance asked, 31,603 downhill 103.6%, 4,545 flat 100%
  PASS  hills-see-farther       16 of 48 sightings were from further off than the bare radius of 12 tiles

==============================================================================
1/131 CHECKS FAILED: cravings-steer-the-diet


WORLD HEALTH REPORT  -  scenario "crowded"  seed "crowded"
==============================================================================
3000 steps in 12351ms  (243 steps/s)

POPULATION OVER TIME
  step    day   alive  hunger  thirst  tired   cold   lonely  health  food   bare  store  trees  grown  fruit  kids  wed  age   oob  
  0       5     73     0.0     0.0     0.0     0.0    0.0     100.0   685    64    0      977    857    0      22    44   20    0    
  300     6     72     15.6    16.4    1.9     1.0    15.7    100.0   664    82    0      866    741    0      22    44   19    0    
  600     7     71     18.2    10.0    3.6     0.0    20.9    100.0   682    85    0      869    741    0      22    44   19    0    
  900     8     71     23.1    18.0    6.4     0.0    25.2    100.0   679    73    0      875    741    0      22    44   19    0    
  1200    10    71     23.2    14.8    4.7     0.0    26.5    99.9    431    101   27     880    741    123    22    44   19    0    
  1500    11    71     23.6    18.0    3.0     0.0    28.8    100.0   529    57    56     880    741    233    22    44   19    0    
  1800    12    71     24.1    15.2    6.5     0.0    26.7    100.0   604    53    64     880    741    297    22    44   19    0    
  2100    13    71     20.5    19.2    8.4     0.0    29.3    99.8    674    65    69     880    741    382    22    44   19    0    
  2400    15    71     23.4    16.0    4.4     0.0    25.7    99.6    742    67    116    880    741    608    22    44   19    0    
  2700    16    73     24.1    16.8    4.8     0.0    32.1    99.5    824    54    132    880    741    644    24    44   18    0    
  3000    17    76     23.1    14.2    8.6     0.0    33.9    99.7    905    61    157    880    741    639    27    44   18    0    

EVENTS
  path_expanded           363666
  malnutrition_samples    214078
  walk_tick               82022
  step_slope_up           51064
  step_slope_up_ratio     46864.25023228967
  walk_arrived            46817
  remembered_node_candidate42212
  step_slope_down_ratio   41808.263963540616
  step_slope_down         40588
  malnutrition_sum        33853.121999331175
  water_memory_candidate  30523
  water_visible_candidate 30316
  rest                    28593
  food_accessible_at_think27993
  path_denied_cooldown    18745
  sleeping_open           18595
  path_found              16379
  diet_nutrition_total    12411
  action_target_knowledge_checked10472
  action_target_knowledge_known10472
  place_memory_age_sum_band_39748.28238091698
  yield_obs_yield_fish_sum9487.509741152528
  place_memory_age_sum_band_09266.362286691121
  step_slope_flat_ratio   8674.796227743998
  step_slope_flat         8663
  place_memory_samples_band_07048
  yield_obs_yield_forage_sum6519.292695726941
  place_memory_age_sum_band_16419.884001331403
  craving_protein_search  6338
  remembered_node_target  6277
  place_memory_samples_band_16140
  place_memory_samples_band_26123
  place_memory_samples_band_36092
  place_memory_age_sum_band_25832.512957398606
  nursing_hunger_relief   5700
  nursing_thirst_relief   5700
  diet_nutrition_protein  5532
  action_target_knowledge_visible_forage5391
  craving_protein_reachable4550
  action_target_knowledge_visible_pick3459
  intruder_sighted        3436
  shared_resource_depletion_seen3223
  poison_ticks            2964
  drink                   2677
  food_absent_in_search_at_think2588
  worked_alongside        2388
  mood_belonging_sum      1727.864972292335
  fruit_thirst_relief     1637.296666185606
  relocation_food_nodes   1596
  belief_seen_eat_fish    1552
  hungry_at_work_rest     1523
  food_blocked_by_reach_at_think1435
  food_reach_fallback_at_think1435
  craving_protein_absent  1407
  rest_ended_hungry       1290
  belief_seen_eat_berries 1276
  stale_memory_resource_empty1192
  abandoned_remembered_wrong1192
  witnessed               1110
  elite_larder_preferred  1107
  security_intruder_seen  963
  relocation_food_depleted926
  mood_samples            857
  macro_samples           857
  water_exploration_no_frontier834
  hungry_at_work_sleep    831
  action_target_knowledge_visible_chop802
  macro_exertion_sum      795.2905986668203
  eat                     790
  action_target_from_memory_forage784
  woke_hungry             752
  hunter_samples          750
  belief_seen_eat_plum    749
  place_exploration_fraction_band_0661.1220703125
  place_exploration_fraction_band_2610.302734375
  water_exploration_offered604
  place_exploration_fraction_band_3593.779296875
  yield_obs_yield_fish_n  577
  eat_calm_protein        532
  abandoned_no_fruit      508
  hydrating_food_candidate502
  drink_finished          461
  action_target_knowledge_visible_drink458
  macro_carb_sum          426.1855577787471
  yield_obs_yield_forage_n394
  grazer_samples          387
  craving_protein_outside_reach381
  place_exploration_fraction_band_1372.798828125
  water_exploration_offered_adult368
  remembered_empty_walk   362
  belief_told             339
  belief_seen_eat_pear    335
  work_ended_node_empty   329
  harvest_berries         294
  intruder_sighted_beyond_base294
  water_place_told        290
  harvest_fish            279
  route_arrived           278
  stored                  274
  mood_comfort_sum        273.92153331891734
  ate_fish                269
  eaten_fish              269
  risky_meals_fish        269
  step_blocked            261
  eat_calm_protein_rich   261
  yield_obs_yield_hunt_sum246.77134186568148
  ate_berries             243
  eaten_berries           243
  picked_plum             239
  macro_protein_sum       236.41196545440923
  water_exploration_offered_child236
  settled_over_work       221
  sparred                 215
  path_denied_budget      214
  macro_fat_sum           194.40247676684373
  action_target_knowledge_remembered_forage194
  eat_craving_protein     193
  work_ended_tree_bare    174
  belief_seen_sick        173
  conversation            167
  action_target_knowledge_visible_hunt163
  ate_plum                162
  eaten_plum              162
  harvest_sticks          161
  food_stored_own         156
  rumor_spread            151
  hungry_at_work_hunt     146
  pushed_on_hunger_hunt   146
  hungry_at_work_give     140
  pushed_on_hunger_give   140
  craving_protein_masked_by_reachable_food137
  craving_protein_override_selected137
  animal_alarmed          131
  sought_out_chief_talk   130
  would_spoil_fish        128
  yield_obs_yield_pick_sum122.1828340219742
  withdrawn               117
  tree_died_old           116
  work_ended_hands_full   110
  abandoned_no_food       109
  hungry_at_work_bring_food104
  step_slide              100
  conversation_chat       100
  belief_seen_eat_toxic_berries99
  event_share_food        96
  gift_given              96
  hungry_at_work_talk     92
  grazer_samples_on_poor  91
  picked_pear             90
  hand_capacity_blocked   86
  romp_together           82
  sought_out_chief_spar   80
  belief_seen_eat_meat    79
  materials_delivered     69
  ate_pear                69
  eaten_pear              69
  hungry_at_work_propose  62
  proposed_hungry         61
  hungry_at_work_explore  58
  pushed_on_hunger_explore58
  nursing_sessions        57
  conversation_interests  56
  harvest_reeds           49
  harvest_flint           47
  yield_obs_yield_pick_n  43
  talked_hungry           39
  hungry_at_work_spar     37
  romp_away_from_family   36
  would_spoil_berries     32
  hungry_at_work_romp     32
  reflected               31
  romp_hungry             30
  harvest_meat            29
  raid_for_need_nowhere   27
  interrupted_spar_hungry 27
  food_place_told         26
  poisoning_passed        26
  make_peace_offered      26
  ate_toxic_berries       24
  eaten_toxic_berries     24
  ate_toxic_unwise        24
  risky_meals_toxic_berries24
  poisoned_fish           23
  ate_meat                23
  eaten_meat              23
  risky_meals_meat        23
  marriage                22
  founding_households     22
  haul_units_band_2       22
  eat_craving_protein_rich22
  ate_at_source           20
  bring_food_hungry       20
  cry_interrupted         19
  tree_seeded             19
  poison_grade_mild       19
  starving_fed            19
  haul_units_band_1       18
  body_found              18
  hungry_at_work_pick     17
  pushed_on_hunger_pick   17
  site_placed             16
  conception              16
  starving_fed_remembered 16
  meadow_poor_share_samples15
  haul_units_band_3       15
  haul_units_band_0       14
  breakthrough_ponder     13
  project_backer_added    12
  tree_death_deferred     12
  poison_grade_moderate   12
  abandoned_subject_gone  12
  yield_obs_yield_hunt_n  12
  dropped                 12
  rest_ended_away_from_family11
  poisoned_toxic_berries  11
  project_request_refused 9
  remains_found           9
  carry_overflow_dropped  9
  spoilage_prevented      8
  ponder_nothing          8
  thought_nothing_came_of_it8
  site_abandoned          8
  conversation_deep       8
  abandoned_nothing_to_haul7
  talked_away_from_family 7
  baby_picked_up          6
  haul_trip_band_2        6
  haul_trip_band_3        6
  conceived_plant_lore    6
  hungry_at_work_forage   6
  pushed_on_hunger_forage 6
  order_obeyed            6
  order_haul_obeyed       6
  work_ended_baby_crying  5
  haul_trip_band_1        5
  relocation_scarcity_days5
  belief_seen_yield_fish  5
  rest_ended_baby_crying  5
  spark_plant_lore_0      5
  would_spoil_meat        5
  action_target_knowledge_remembered_drink5
  poison_grade_severe     5
  birth                   5
  haul_trip_band_0        4
  chief_chosen            4
  inherited_goods         4
  woke_away_from_family   4
  action_target_from_memory_gather4
  building_completed      4
  completed_storage_pit   4
  band_planned_windbreak  4
  action_target_from_memory_gather_for_site4
  hungry_at_work_nurse    4
  interrupted_give_baby_crying3
  animal_killed           3
  hunt_killed             3
  hunt_missed             3
  breakthrough_discuss    3
  would_spoil_plum        3
  discuss_nothing         3
  talked_nothing_came_of_it3
  prey_killed_by_predator 3
  animal_predated         3
  raid_proposed           3
  raid_never_raised       3
  belief_seen_yield_forage3
  conversation_greet      3
  talked_baby_crying      3
  courtship               2
  woke_baby_crying        2
  death_settled           2
  succession              2
  corpse_left             2
  corpse_first_found      2
  conceived_tracking      2
  spark_tracking_0        2
  conceived_cordage       2
  sought_out_chief_feed   2
  poisoned_meat           2
  raid_rejected_by_chief  2
  prey_killed_by_bear     2
  interrupted_spar_thirsty2
  sought_out_chief_discuss2
  abandoned_quarry_gone   1
  animal_blow_deer        1
  hunter_turned_on_by_deer1
  wound_days_untended     1
  spark_cordage_1         1
  sought_out_chief_praise 1
  prey_killed_by_lynx     1
  spark_cordage_0         1
  belief_seen_yield_pick  1
  spark_plant_lore_2      1
  raid_approved           1
  order_refused           1
  order_haul_refused      1
  event_praise            1
  praise_told             1
  proposed_thirsty        1
  reasoned_out_tracking   1
  prototype_trial_passed  1
  abandoned_partner_ignorant1
  abandoned_hands_full    1
  interrupted_discuss_baby_crying1
  prototype_failed        1
  conceived_division_of_labour1
  spark_division_of_labour_01
  meadow_poor_share_sum   0.18497251069028706
  hunter_samples_expected_in_firelight0
  would_spoil_toxic_berries0
  would_spoil_pear        0
  mood_security_sum       -494.24101074773
  mood_purpose_sum        -3518.9301492237614

ACTIONS (summed over samples)
  forage                  40302
  rest                    28593
  pick                    25747
  sleep                   18595
  go_home                 16026
  spar                    15318
  idle                    10357
  gather                  10348
  talk                    9951
  romp                    8542
  drink                   7600
  chop                    3936
  give                    3364
  ponder                  3198
  store                   2555
  take                    1593
  build                   1580
  propose                 1216
  explore                 1094
  hunt                    788
  haul                    779
  discuss                 771
  reflect                 623
  wander                  543
  eat                     459
  praise                  443
  nurse                   231
  bring_food              131
  court                   120

KNOWLEDGE
  era: Lower Palaeolithic  ·  0 things known to somebody  ·  0 can make fire

BANDS
  4 chiefs  ·  0 outcast  ·  0 exiled  ·  6 orders obeyed, 1 refused

BUILDINGS
  4 of 8 finished  ·  157 items in store

RELATIONSHIPS
  1425 edges across 78 people  ·  1289 warm  ·  115 hostile
  Ithok band            theft tolerance 1.59   murder 1.11
  Ithok band            theft tolerance 1.39   murder 1.12
  Halul band            theft tolerance 1.50   murder 1.02
  Othul band            theft tolerance 1.00   murder 1.13

TERRAIN
  water=4942  beach=1951  grass=4864  forest=3321  hills=1055  rock=251

TRAVEL
  16379 routes found  ·  22.2 mean / 1082 worst expansions  ·  5459.7 searches per 1,000 ticks
  route_arrived=278  walk_blocked=0  abandoned_cannot_reach=0
  everything that walks: step_blocked=261  ·  axis_null=0  ·  slides=100
  people only: 0 stuck of 82022 walk ticks (0.0 per 1,000)  ·  denied: cooldown=18745 budget=214
  recoveries=0 (0 found a route)

CHECKS
  PASS  regions-stay-true       9 independently recomputed landmasses; 0 incorrectly labelled tiles and 0 incorrect region sizes
  PASS  hands-limit-loads       0 post-transfer states remained above the hands and fitted-container limit; 86 collection attempts hit a hand limit
  n/a   containers-carry-more   run the porters scenario to compare fitted containers with bare hands
  PASS  people-act-on-what-they-know10472/10472 forage, pick, drink, hunt and chop targets visible or remembered
  n/a   word-of-food-travels    measured in food-news, where the rumour supplies the only food
  PASS  stale-memories-cost     1192 trips reached a remembered resource that was exhausted
  PASS  the-map-grows           7.0% → 9.5% mean explored (must grow and remain below 99%)
  n/a   kin-are-defended        0 attacks on children with adult witnesses (need 10)
  n/a   the-young-run-to-their-own0 attacked children fled (need 10)
  FAIL  cravings-steer-the-diet 11.4% rich-protein meals while craving vs 49.1% while calm (need 1.3x)
  PASS  nights-are-slept        66.0% of 1871 adult samples in full night sleeping or resting (need 55%)
  PASS  nights-are-spent-at-home88.8% of 1871 adult night samples within 15 tiles of an anchor (need 70%)
  PASS  moods-move-choices      3.7% talk in low-belonging tercile vs 2.6% in high (2461 samples each; low must be higher)
  PASS  children-keep-close     92.2% of 2495 child samples within radius + 3 of either living parent (need 75%; designated carer=88.3%; top actions: go_home=541, romp=420, sleep=324, pick=257, forage=253)
  PASS  no-nan                  worst sample had 0 non-finite fields
  PASS  people-in-bounds        worst sample had 0 people outside a 128x128 world
  PASS  people-on-land          worst sample had 0 people standing in water or on rock
  PASS  people-survive          76/73 alive at step 3000 (need 49 over 12 days)
  PASS  deaths-explained        settled=2
  PASS  nobody-stalls-under-orders0 people stalled under order for a full day; 0 gave up walking, 0 of those under order
  PASS  walkers-do-not-grind    0 of 82,022 walking ticks made no real progress (0.0 per 1,000; wanted under 5)
  PASS  paths-are-found         200 pairs sampled on the largest region, every one found — mean 815.0 / worst 4658 expansions; 0 gave up mid-play
  PASS  nobody-walled-in        76 checked; 0 cut off from water, 0 cut off from food in their own region
  PASS  people-drink            drink=2677
  PASS  drinking-is-paced       461 drinks finished over 863 person-days (0.53 each per day; wanted some, and fewer than 4)
  PASS  food-work-continues     23 ticks of food-gathering continued through hunger that would otherwise have stopped it (146 hunting)
  PASS  people-harvest          berries=294 meat=29 wood=0 flint=47
  PASS  people-eat              eat=790
  PASS  ai-uses-many-actions    29 distinct actions observed: forage=40302 rest=28593 pick=25747 sleep=18595 go_home=16026 spar=15318 idle=10357 gather=10348 talk=9951 romp=8542 drink=7600 chop=3936 give=3364 ponder=3198 store=2555 take=1593 build=1580 propose=1216 explore=1094 hunt=788 haul=779 discuss=771 reflect=623 wander=543 eat=459 praise=443 nurse=231 bring_food=131 court=120
  PASS  needs-not-pinned        final avgHunger=23.1 avgThirst=14.2 avgCold=0.0 avgCompany=33.9
  PASS  health-holds-up         final avgHealth=99.7 (floor is 60)
  PASS  events-witnessed        deeds=97 witnessed=1110 unwitnessed=0
  PASS  people-talk             conversations=167
  n/a   gossip-is-aimed         run covers only 12 days; too short for a story worth telling
  PASS  rumor-propagates        stories passed on=151
  n/a   opinions-diverge        measured after a witnessed assault in conflicts. 1425 relationships across 78 people: 1289 warm, 115 hostile
  PASS  materials-delivered     delivered=69 sites=8 finished=4
  PASS  building-starts-small   8 projects measured; 0 exceeded sponsor + backers + ordered workers
  PASS  projects-find-backers   4/4 completed AI-planned projects had a backer (need 70%)
  n/a   shelter-answers-cold    never got cold (peak avgCold 1.0)
  PASS  work-runs-in-stretches  baby_crying=5 node_empty=329 hands_full=110 tree_bare=174
  PASS  foraging-bites          most bushes stripped at once: 101; wild food went from 685 to 905
  n/a   generations-turn-over   run covers only 12 days; too short to say
  PASS  forest-is-used          0 trees felled, 0 timber cut, 329 fruit picked
  PASS  fruit-comes-and-goes-with-the-seasonworst sample had 0 fruit hanging out of season; most windfall seen at once was 0 across 2 seasons
  PASS  forest-persists         stand went from 977 to 880 (741 grown, 50 seedlings); 19 seeded, 116 died of age
  PASS  bands-have-chiefs       4 chiefs for 76 people; 4 changes of leadership
  n/a   bands-decide-to-build   run too short for a band to plan anything
  n/a   camps-move-when-the-land-failsmeasured in the lean survival scenario
  n/a   jobs-bias-work          too few ticks with a job assigned to compare (0 held, 0 not)
  n/a   rebellion-is-rare-but-happensrun covers only 12 days; too short for rebellion to be expected or ruled out
  n/a   raids-are-organised     weighed 3 times and never once raised a party; no fighting party could be assembled in this world
  n/a   knowledge-is-found      run covers under a year; too short to work anything out
  n/a   knowledge-is-passed-on  run too short to teach anything
  n/a   ideas-are-conceived     run too short for anybody to have an idea
  n/a   sparks-are-various      run too short for more than one route to fire
  n/a   ideas-become-tech       run too short to carry an idea to a proven design
  n/a   the-tree-is-climbed     run too short to get past the root technologies
  n/a   research-is-social      run too short for anybody to argue anything out
  n/a   techs-are-refined       run too short to improve a design
  n/a   records-are-cut         nobody in this world can write
  n/a   crafting-is-interruptibletoo few crafting attempts to tell (0 made, 0 interrupted)
  n/a   food-spoils             spoilage is switched off in this scenario
  n/a   stores-keep-food-better-than-packsspoilage is switched off in this scenario
  n/a   pictures-are-painted    nobody here knows how to burn earth red
  n/a   music-answers-lonelinessnobody here can make a flute
  n/a   beer-answers-loneliness nobody here knows how to brew
  n/a   the-temple-gathers      no band had a chief with redistribution and a granary
  n/a   the-ledger-remembers    no temple kept by a chief who keeps accounts
  n/a   taxes-reach-the-temple  no temple kept by a chief who knows how to tax
  n/a   the-law-is-the-same-for-allno chief who judges by the law heard a case of their own people
  n/a   soldiers-are-kept       no temple kept by a chief who knows a standing army
  n/a   kings-reign-for-life    nobody here knows kingship
  n/a   civilisation-is-derived no band holds the six things a civilisation is
  n/a   governments-declare-war-and-peaceno government declared anything in this run
  n/a   the-beaten-pay-tribute  no people submitted to another in this run
  n/a   serfs-are-owned         no governed people took an adult captive in this run
  n/a   feasts-gather-the-band  nobody here knows how to brew
  n/a   the-hurt-are-tended     nobody here knows a herb from a weed
  n/a   wounds-fester-untended  1 untended and 0 dressed wound-days; too few to compare (need 60 of each)
  PASS  raw-meat-sickens        25 illnesses after 292 raw meals; none after anything cooked
  PASS  the-wise-avoid-baneberries24 baneberry meals by people without plant lore (11 fell ill), 0 by people who had it
  n/a   animals-are-tamed       nobody here would think of feeding one
  n/a   heads-direct-work       nobody here has the idea of a band with a shape
  n/a   kills-are-butchered-for-bonenobody alive knows what to do with a carcass
  n/a   crafts-happen-at-stations5 station designs exist and no band finished one in this run
  n/a   the-hearth-warms        nobody was cold within range of a finished hearth
  n/a   roast-wins              nobody alive knows cooking
  n/a   cooking-spreads         scenario did not found anyone knowing cooking
  n/a   pots-reach-a-granary    nobody alive knows how to fire clay
  PASS  discovery-is-situated   every one of 11 ideas came by a named route; 0 of them into the technologies cold suggests
  PASS  population-bounded      peak population 76
  PASS  spatial-hash-spreads    largest bucket holds 10 of 76 items across 25 cells
  PASS  animals-move            mean drift 15.4 tiles/day (floor is 2)
  PASS  animals-flee            72 bolts opened the distance, 17 did not
  n/a   hunts-succeed-and-fail  too few strikes to tell (3 kills, 3 misses)
  PASS  people-eat-meat         29 meat taken; 790 meals eaten
  PASS  fish-are-caught         279 fish taken; 790 meals eaten
  n/a   bands-set-traps         nobody in this world knows how to set a trap
  n/a   fields-are-sown-and-reapednobody in this world knows how to farm
  n/a   soil-is-drawn-down      no harvest was taken off any ground in this run
  n/a   compost-answers-exhaustionnobody in this world knows how to compost
  n/a   traps-catch             no trap was finished in this run
  n/a   herds-breed-and-are-cullednobody in this world knows how to keep a pen
  n/a   wells-are-drawn-from    nobody in this world knows how to sink a well
  n/a   milk-is-drawn-and-drunk no milk was ever bred in this run
  n/a   wool-is-sheared-and-wovenno wool was ever bred in this run
  PASS  bands-dont-overbuild    band0=1 band1=1 band2=1 band3=1; 0 over the ceiling, 0 holding empty stores
  PASS  families-exist          22 households of more than one; 73 people with family
  n/a   sleep-restores          nobody had a roof to sleep under in this run
  PASS  kin-outrank-strangers   household=67.3 band=14.0 outsider=-8.2 outsider-unrelated=-8.2 · band-pairs=2 friendliest=0.0 hostile=-52.1
  n/a   bands-take-sides        run covers only 12 days; too short for standing to have spread (2 pairs, spread so far 52.1)
  n/a   violence-concentrates   only 0 blows between peoples here; too few to say where they land
  n/a   peoples-drift-apart     0 incidents between peoples; too few to split the run around
  n/a   peace-within-bands      only 0 blows here; too few to say where they land
  n/a   children-are-not-struck only 0 blows here; too few to say
  n/a   the-struck-respond      only 0 second blows here; too few to say
  n/a   wrongs-reach-the-chief  only 0 debts run up; too few to say
  n/a   upbringing-follows-culturefewer than two peoples saw 15 wrongs by their children abroad, with regard for strangers 0.15 apart
  n/a   the-watched-intervene   only 0 property deeds were seen by their owners; too few to say
  n/a   captives-are-taken      only 0 blows between peoples; no quarrel long enough
  n/a   bodies-are-found        only 2 deaths here; too few to say
  n/a   murders-are-solved      only 0 killings here; too few to say
  PASS  world-has-land          grass=4864 forest=3321 water=4942
  n/a   perf-budget             243 steps/s with 76 people at the peak (floor 760); judged only when a scenario runs alone
  PASS  herds-follow-the-grass  387 grazer samples, 24% of them on poor grass, against 1% of the meadow and the wood being poor
  PASS  predators-hunt          3 grazers pulled down (0 by wolves, 2 by bears, 1 by lynxes); 0 people bitten
  n/a   fire-keeps-wolves-off   750 hunter samples with 0.0 expected inside a circle of firelight; too few to say
  n/a   a-hunted-out-land-stays-emptythis land was not hunted out
  PASS  slopes-slow             51,064 uphill steps cover 91.8% of the distance asked, 40,588 downhill 103.0%, 8,663 flat 100%
  PASS  hills-see-farther       294 of 3,436 sightings were from further off than the bare radius of 12 tiles

==============================================================================
1/131 CHECKS FAILED: cravings-steer-the-diet


WORLD HEALTH REPORT  -  scenario "century"  seed "century"
==============================================================================
40000 steps in 172417ms  (232 steps/s)

POPULATION OVER TIME
  step    day   alive  hunger  thirst  tired   cold   lonely  health  food   bare  store  trees  grown  fruit  kids  wed  age   oob  
  0       5     30     0.0     0.0     0.0     0.0    0.0     100.0   1580   172   0      1214   1075   0      8     20   24    0    
  4000    21    32     14.2    11.0    5.9     0.0    24.1    99.7    1740   165   319    1101   941    1263   10    20   22    0    
  8000    38    38     16.6    13.2    1.2     53.4   39.7    98.4    1505   276   333    1096   940    0      16    20   19    0    
  12000   55    42     17.5    14.9    2.7     21.1   34.9    96.2    1763   172   368    1126   941    744    20    20   18    0    
  16000   71    47     23.4    11.1    9.9     11.3   22.8    98.4    1541   276   525    1125   945    0      25    20   16    0    
  20000   88    49     21.7    11.8    8.7     23.7   26.3    96.9    1809   185   400    1146   948    0      26    20   16    0    
  24000   105   54     20.3    12.9    6.4     0.1    27.7    97.8    2381   168   473    1154   944    2057   31    22   15    0    
  28000   121   58     33.8    16.2    9.4     49.2   48.0    99.0    988    193   452    1153   947    0      34    22   14    0    
  32000   138   64     31.4    15.4    17.9    0.6    41.7    94.1    2252   172   481    1193   949    882    40    22   13    0    
  36000   155   65     34.6    16.5    18.7    37.7   41.1    95.0    1395   279   568    1188   950    0      42    20   13    0    
  40000   171   55     39.5    18.1    27.1    25.1   50.1    85.3    1034   175   553    1231   948    227    35    15   13    0    

EVENTS
  path_expanded           2042562
  malnutrition_samples    1917294
  place_memory_age_sum_band_21170408.64172683
  place_memory_age_sum_band_01106223.4737646428
  remembered_node_candidate879103
  place_memory_age_sum_band_1844941.6866861873
  walk_tick               682590
  step_slope_up           676431
  nursing_hunger_relief   669300
  nursing_thirst_relief   669300
  step_slope_up_ratio     611075.0220657063
  step_slope_down_ratio   566362.3373940088
  step_slope_down         547357
  malnutrition_sum        368267.5963603217
  water_memory_candidate  339994
  water_visible_candidate 334361
  food_accessible_at_think313277
  path_denied_cooldown    175039
  craving_protein_search  165672
  walk_arrived            153159
  path_found              137789
  sleeping                131745
  cold_damage_ticks       124786
  yield_obs_yield_forage_sum124694.7352130043
  remembered_node_target  123238
  diet_nutrition_total    104778
  rest                    88240
  craving_protein_reachable87220
  step_slope_flat_ratio   86140.6796544294
  step_slope_flat         86028
  remembered_bush_out_of_season82976
  mood_belonging_sum      79713.46330513811
  place_memory_samples_band_275738
  place_memory_samples_band_067865
  elite_larder_preferred  66928
  place_memory_samples_band_165739
  action_target_knowledge_checked59558
  action_target_knowledge_known59558
  sheltering              53324
  hungry_at_work_sleep    52003
  yield_obs_yield_fish_sum48143.08225649913
  woke_hungry             47536
  craving_protein_absent  46888
  action_target_knowledge_visible_forage44551
  poison_ticks            34299
  craving_protein_outside_reach31564
  shared_resource_depletion_seen30212
  food_blocked_by_reach_at_think28205
  food_reach_fallback_at_think28205
  diet_nutrition_protein  27810
  hungry_at_work_rest     27329
  relocation_food_nodes   26796
  food_absent_in_search_at_think26770
  craving_protein_masked_by_reachable_food25657
  craving_protein_override_selected25657
  rest_ended_hungry       25606
  belief_seen_eat_berries 21211
  sleeping_open           20394
  witnessed               18229
  fruit_thirst_relief     17967.762771842285
  drink                   17586
  step_blocked            16294
  relocation_food_depleted16218
  grazer_samples          15073
  hungry_at_work_romp     14900
  water_exploration_no_frontier13723
  romp_hungry             13227
  action_target_from_memory_forage12626
  abandoned_hands_full    12441
  stale_memory_resource_empty11823
  abandoned_remembered_wrong11823
  hunter_samples          10263
  place_exploration_fraction_band_29902.06640625
  step_slide              9534
  remembered_empty_walk   9086
  intruder_sighted        9046
  hungry_at_work_nurse    9014
  mood_samples            8196
  macro_samples           8196
  macro_exertion_sum      7460.914126277645
  eat                     6806
  belief_seen_eat_fish    6793
  place_exploration_fraction_band_06783.4873046875
  hydrating_food_candidate6783
  nursing_sessions        6693
  grazer_samples_on_poor  5872
  place_exploration_fraction_band_15729.8193359375
  talked_cold             5729
  macro_carb_sum          4983.20610317049
  action_target_knowledge_visible_pick4497
  action_target_knowledge_remembered_forage4474
  yield_obs_yield_forage_n4312
  romp_cold               3959
  ate_berries             3956
  eaten_berries           3956
  eat_craving_protein     3802
  animal_alarmed          3571
  yield_obs_yield_hunt_sum3545.0845125632377
  work_ended_node_empty   3357
  harvest_berries         3333
  hungry_at_work_give     3137
  pushed_on_hunger_give   3134
  worked_alongside        3089
  cry_interrupted         2932
  bring_food_cold         2804
  drink_finished          2672
  action_target_knowledge_visible_drink2643
  sought_out_chief_talk   2577
  stored                  2483
  hungry_at_work_talk     2482
  eat_calm_protein        2433
  romp_together           2349
  security_intruder_seen  2281
  belief_seen_eat_apple   2232
  yield_obs_yield_fish_n  2192
  work_ended_cold         2189
  action_target_knowledge_visible_chop2009
  talked_hungry           1993
  food_stored_own         1942
  withdrawn               1931
  cold_damage_sum         1812.9207370986821
  shared_a_roof           1763
  belief_told             1721
  belief_seen_eat_pear    1713
  hungry_at_work_hunt     1704
  pushed_on_hunger_hunt   1704
  belief_seen_sick        1684
  macro_protein_sum       1674.2145617391411
  route_arrived           1672
  belief_seen_eat_toxic_berries1565
  macro_fat_sum           1538.5793350902236
  belief_seen_eat_plum    1496
  belief_seen_eat_hazelnut1469
  ate_fish                1410
  eaten_fish              1410
  risky_meals_fish        1410
  woke_away_from_family   1410
  action_target_knowledge_visible_hunt1340
  event_share_food        1256
  gift_given              1256
  hungry_at_work_bring_food1225
  harvest_fish            1221
  water_place_told        1183
  pushed_on_cold_ponder   1130
  eat_calm_protein_rich   1000
  romp_away_from_family   963
  conversation            953
  work_ended_hands_full   943
  would_spoil_berries     859
  pushed_on_cold_propose  705
  woke_baby_crying        689
  abandoned_no_food       667
  intruder_sighted_beyond_base614
  talked_baby_crying      607
  would_spoil_fish        589
  water_exploration_offered582
  water_exploration_offered_child580
  rest_ended_baby_crying  574
  hand_capacity_blocked   538
  work_ended_baby_crying  526
  hurt_person_days        522
  pushed_on_cold_build    511
  hunter_samples_expected_in_firelight439.5621947685921
  materials_delivered     435
  work_ended_tree_bare    435
  settled_over_work       421
  hearths                 421
  belief_seen_eat_meat    406
  starving_fed            399
  eat_craving_protein_rich387
  reflected               358
  harvest_sticks          345
  ate_pear                340
  eaten_pear              340
  sparred                 326
  conversation_greet      323
  spoilage_prevented      308
  interrupted_give_baby_crying305
  starving_fed_remembered 296
  ate_apple               286
  eaten_apple             286
  rumor_spread            284
  picked_pear             276
  yield_obs_yield_pick_sum265.7737312016131
  picked_up               264
  pickup_ordered          264
  npc_pickup              264
  capture_offered         255
  ate_plum                250
  eaten_plum              250
  sought_out_chief_discuss249
  harvest_meat            249
  ate_at_source           248
  ate_toxic_berries       246
  eaten_toxic_berries     246
  risky_meals_toxic_berries246
  ate_hazelnut            237
  eaten_hazelnut          237
  conversation_deep       232
  conversation_chat       231
  hungry_at_work_propose  224
  abandoned_no_fruit      220
  raid_for_need_nowhere   216
  ate_toxic_unwise        203
  meadow_poor_share_samples200
  poisoning_passed        200
  picked_plum             197
  picked_apple            192
  bring_food_hungry       185
  picked_hazelnut         179
  tree_seeded             178
  sought_out_chief_spar   175
  dropped                 171
  proposed_hungry         171
  conversation_interests  167
  tree_death_deferred     166
  action_target_from_memory_gather166
  tree_died_old           157
  poisoned_toxic_berries  156
  haul_units_band_1       146
  haul_units_band_2       145
  haul_units_band_0       144
  order_obeyed            141
  poisoned_fish           139
  breakthrough_ponder     137
  yield_obs_yield_pick_n  136
  interrupted_discuss_cold136
  would_spoil_toxic_berries135
  woke_thirsty            132
  order_haul_obeyed       131
  would_spoil_plum        126
  poison_grade_moderate   125
  wet_nursing_sessions    124
  ponder_nothing          117
  thought_nothing_came_of_it117
  interrupted_teach_cold  115
  yield_obs_yield_hunt_n  113
  caught_warn_offered     112
  poison_grade_mild       110
  abandoned_nothing_to_haul106
  harvest_reeds           101
  interrupted_discuss_baby_crying101
  sought_out_chief_propose91
  interrupted_give_cold   91
  hungry_at_work_spar     89
  wood_cut                88
  sought_out_chief_give   88
  action_target_from_memory_gather_for_site86
  rest_ended_away_from_family85
  ate_meat                81
  eaten_meat              81
  risky_meals_meat        81
  body_found              79
  carry_overflow_dropped  77
  relocation_scarcity_days75
  harvest_flint           74
  child_watched           72
  pushed_on_cold_discuss  69
  poison_grade_severe     68
  haul_trip_band_0        66
  animal_born             64
  prey_killed_by_predator 63
  animal_predated         63
  proposed_baby_crying    61
  rest_ended_thirsty      60
  interrupted_spar_cold   59
  sought_out_chief_ask    56
  haul_trip_band_2        55
  haul_trip_band_1        53
  site_placed             52
  prey_killed_by_wolf     49
  meadow_poor_share_sum   46.63153091489848
  project_backer_added    45
  belief_seen_yield_forage44
  ate_toxic_wise          43
  baby_picked_up          42
  conception              42
  action_target_knowledge_remembered_drink42
  observed_plant_lore     42
  birth                   41
  harvest_clay            39
  interrupted_ask_cold    38
  site_abandoned          37
  observed_tracking       37
  make_peace_offered      37
  hunt_ended_baby_crying  35
  event_teach             34
  interrupted_teach_baby_crying33
  discuss_nothing         32
  talked_nothing_came_of_it32
  sought_out_chief_teach  31
  hungry_at_work_craft    30
  band_planned_mud_hut    27
  belief_seen_yield_fish  25
  prototype_trial_passed  25
  would_spoil_meat        25
  food_place_told         24
  animal_entered_by_edge  24
  project_request_refused 22
  hungry_at_work_forage   21
  pushed_on_hunger_forage 21
  bring_food_baby_crying  21
  remains_found           20
  pushed_on_cold_gather   19
  animal_killed           19
  hunt_killed             19
  taught_plant_lore       19
  raid_capture_offered    19
  path_denied_budget      19
  breakthrough_discuss    18
  raid_proposed           18
  taught_tracking         18
  conceived_plant_lore    17
  crafted_rope            17
  raid_never_raised       17
  teaching_failed         16
  death_settled           16
  corpse_left             16
  corpse_first_found      16
  security_as_witness     16
  security_by_hearsay     16
  talked_thirsty          15
  prey_killed_by_bear     14
  talked_away_from_family 14
  interrupted_spar_baby_crying14
  child_taught            14
  raid_approved           14
  conceived_cordage       13
  building_completed      12
  band_planned_storage_pit12
  observed_cordage        12
  marriage                11
  bring_food_away_from_family11
  founding_households     10
  work_ended_away_from_family10
  spark_cordage_1         10
  spark_plant_lore_2      10
  order_build_obeyed      10
  death_starvation        10
  abandoned_already_built 9
  conceived_storytelling  9
  order_refused           9
  courtship               9
  caught_outsider         9
  relocation_votes_total  9
  event_praise            8
  praise_told             8
  poisoned_meat           8
  abandoned_target_gone   8
  child_taught_by_parent  8
  hungry_at_work_pick     8
  pushed_on_hunger_pick   8
  chief_chosen            7
  sought_out_chief_feed   7
  hunt_missed             7
  ask_refused             7
  asked_would_not_teach   7
  ask_taught              7
  hearth_taught           7
  inherited_goods         7
  completed_storage_pit   6
  belief_seen_yield_pick  6
  conceived_tracking      6
  spark_tracking_0        6
  spark_plant_lore_0      6
  herd_entered_by_edge    6
  conceived_division_of_labour6
  sought_out_chief_court  6
  spark_storytelling_0    5
  romp_thirsty            5
  spark_division_of_labour_05
  order_haul_refused      5
  animal_left_by_edge     5
  refined_tracking        5
  animal_bit_person       5
  animal_bit_person_wolf  5
  animal_blow_wolf        5
  investigation_opened    5
  relocation_votes_yes    5
  murder_unsolved         5
  band_planned_windbreak  4
  tree_felled             4
  completed_mud_hut       4
  prototype_failed        4
  abandoned_goods_gone    4
  reasoned_out_tracking   4
  crafted_bundle          4
  taught_cordage          4
  refined_plant_lore      4
  raid_rejected_by_chief  4
  craft_interrupted       4
  death_exposure          4
  reasoned_out_plant_lore 3
  hunt_ended_cold         3
  conceived_firemaking    3
  belief_seen_yield_hunt  3
  proven_plant_lore       3
  discovered_plant_lore   3
  ask_taught_nothing      3
  asked_learned_nothing   3
  interrupted_give_hungry 3
  spark_cordage_0         3
  proven_tracking         3
  discovered_tracking     3
  conceived_clothing      3
  wound_days_untended     3
  order_take_refused      3
  romp_alone              3
  hungry_at_work_teach    3
  interrupted_teach_hungry3
  succession              3
  orphan_carried          3
  widowed_by_seeing       3
  fled_from_animal        3
  water_exploration_offered_adult2
  interrupted_spar_thirsty2
  would_spoil_apple       2
  completed_windbreak     2
  action_target_knowledge_remembered_hunt2
  spark_storytelling_1    2
  spark_firemaking_0      2
  prototyped_cordage      2
  abandoned_nothing_to_think_about2
  practised_plant_lore    2
  crafted_rope_thatch     2
  spark_clothing_1        2
  refined_cordage         2
  spark_storytelling_2    2
  harvest_hide            2
  abandoned_quarry_gone   2
  conceived_basketry      2
  spark_basketry_1        2
  idea_abandoned_cordage  2
  conceived_herbalism     2
  spark_herbalism_0       2
  animal_bit_person_at_night2
  death_animal            2
  person_killed_by_wolf   2
  spark_plant_lore_1      1
  abandoned_store_full    1
  spark_firemaking_4      1
  spark_wanting_firemaking_41
  spark_division_of_labour_11
  order_build_refused     1
  animal_starved          1
  animal_starved_out      1
  herd_left_by_edge       1
  proven_cordage          1
  discovered_cordage      1
  unwitnessed             1
  abandoned_project_no_longer_available1
  interrupted_ask_away_from_family1
  work_ended_thirsty      1
  animal_blow_boar        1
  hunter_turned_on_by_boar1
  raid_called             1
  raid_for_plunder        1
  raid_refused_outright   1
  event_theft             1
  property_deed_seen_by_owner1
  property_used_watched   1
  event_threaten          1
  security_as_victim      1
  dread_as_victim         1
  warned_off              1
  household_feud_started  1
  conceived_marking       1
  spark_marking_2         1
  interrupted_ask_baby_crying1
  mastered_cordage        1
  relocation_no_known_destination1
  hunt_ended_hungry       1
  work_ended_hungry       1
  mastered_plant_lore     1
  relocation_proposed     1
  relocation_approved     1
  camps_moved             1
  predator_kept_off_by_fire1
  idea_abandoned_clothing 1
  spark_clothing_0        1
  idea_abandoned_firemaking1
  mastered_tracking       1
  would_spoil_pear        0
  raid_joined             0
  mood_comfort_sum        -38.2183994089056
  mood_security_sum       -3041.1978178032573
  mood_purpose_sum        -72103.3075485812

ACTIONS (summed over samples)
  idle                    518613
  forage                  243783
  sleep                   193901
  romp                    172383
  go_home                 170339
  rest                    112617
  talk                    87341
  shelter                 63746
  drink                   62155
  ponder                  55060
  give                    47292
  nurse                   43781
  pick                    33853
  gather                  27384
  spar                    24397
  store                   23306
  take                    16772
  discuss                 10691
  chop                    9728
  haul                    7410
  reflect                 7331
  teach                   7043
  propose                 6395
  bring_food              6009
  build                   4893
  hunt                    4689
  wander                  4157
  eat                     3627
  ask                     2834
  craft                   2109
  pickup                  1973
  court                   764
  warn                    395
  prototype               365
  praise                  211
  flee                    78
  investigate             20
  explore                 10
  carry_baby              1

KNOWLEDGE
  era: Lower Palaeolithic  ·  3 things known to somebody  ·  0 can make fire

BANDS
  3 chiefs  ·  0 outcast  ·  0 exiled  ·  141 orders obeyed, 9 refused

BUILDINGS
  12 of 15 finished  ·  553 items in store

RELATIONSHIPS
  1490 edges across 71 people  ·  1278 warm  ·  157 hostile
  Sulok band            theft tolerance 0.79   murder 0.98
  Eska band             theft tolerance 1.15   murder 0.91
  Kelen band            theft tolerance 1.32   murder 0.77

TERRAIN
  water=4937  beach=1624  grass=4662  forest=4104  hills=787  rock=270

TRAVEL
  137789 routes found  ·  14.8 mean / 1885 worst expansions  ·  3444.7 searches per 1,000 ticks
  route_arrived=1672  walk_blocked=0  abandoned_cannot_reach=0
  everything that walks: step_blocked=16294  ·  axis_null=0  ·  slides=9534
  people only: 0 stuck of 682590 walk ticks (0.0 per 1,000)  ·  denied: cooldown=175039 budget=19
  recoveries=0 (0 found a route)

CHECKS
  PASS  regions-stay-true       8 independently recomputed landmasses; 0 incorrectly labelled tiles and 0 incorrect region sizes
  PASS  hands-limit-loads       0 post-transfer states remained above the hands and fitted-container limit; 538 collection attempts hit a hand limit
  n/a   containers-carry-more   run the porters scenario to compare fitted containers with bare hands
  PASS  people-act-on-what-they-know59558/59558 forage, pick, drink, hunt and chop targets visible or remembered
  n/a   word-of-food-travels    measured in food-news, where the rumour supplies the only food
  PASS  stale-memories-cost     11823 trips reached a remembered resource that was exhausted
  PASS  the-map-grows           5.5% → 10.2% mean explored (must grow and remain below 99%)
  n/a   kin-are-defended        0 attacks on children with adult witnesses (need 10)
  n/a   the-young-run-to-their-own0 attacked children fled (need 10)
  FAIL  cravings-steer-the-diet 10.2% rich-protein meals while craving vs 41.1% while calm (need 1.3x)
  FAIL  nights-are-slept        47.6% of 14915 adult samples in full night sleeping or resting (need 55%)
  PASS  nights-are-spent-at-home86.8% of 14915 adult night samples within 15 tiles of an anchor (need 70%)
  FAIL  moods-move-choices      2.9% talk in low-belonging tercile vs 8.6% in high (15063 samples each; low must be higher)
  PASS  children-keep-close     89.9% of 27143 child samples within radius + 3 of either living parent (need 75%; designated carer=85.9%; top actions: romp=8520, go_home=6822, sleep=4403, idle=3498, drink=1105)
  PASS  no-nan                  worst sample had 0 non-finite fields
  PASS  people-in-bounds        worst sample had 0 people outside a 128x128 world
  PASS  people-on-land          worst sample had 0 people standing in water or on rock
  PASS  population-persists     55 alive after 4 years (peaked at 65, 41 born); need 23 and at least one birth
  PASS  deaths-explained        starvation=10 settled=16 animal=2 exposure=4
  PASS  nobody-stalls-under-orders0 people stalled under order for a full day; 0 gave up walking, 0 of those under order
  PASS  walkers-do-not-grind    0 of 682,590 walking ticks made no real progress (0.0 per 1,000; wanted under 5)
  PASS  paths-are-found         200 pairs sampled on the largest region, every one found — mean 745.1 / worst 4321 expansions; 0 gave up mid-play
  PASS  nobody-walled-in        55 checked; 0 cut off from water, 0 cut off from food in their own region
  PASS  people-drink            drink=17586
  PASS  drinking-is-paced       2672 drinks finished over 8059 person-days (0.33 each per day; wanted some, and fewer than 4)
  PASS  food-work-continues     29 ticks of food-gathering continued through hunger that would otherwise have stopped it (1704 hunting)
  PASS  people-harvest          berries=3333 meat=249 wood=0 flint=74
  PASS  people-eat              eat=6806
  PASS  ai-uses-many-actions    39 distinct actions observed: idle=518613 forage=243783 sleep=193901 romp=172383 go_home=170339 rest=112617 talk=87341 shelter=63746 drink=62155 ponder=55060 give=47292 nurse=43781 pick=33853 gather=27384 spar=24397 store=23306 take=16772 discuss=10691 chop=9728 haul=7410 reflect=7331 teach=7043 propose=6395 bring_food=6009 build=4893 hunt=4689 wander=4157 eat=3627 ask=2834 craft=2109 pickup=1973 court=764 warn=395 prototype=365 praise=211 flee=78 investigate=20 explore=10 carry_baby=1
  PASS  needs-not-pinned        final avgHunger=39.5 avgThirst=18.1 avgCold=25.1 avgCompany=50.1
  PASS  health-holds-up         final avgHealth=85.3 (floor is 60)
  PASS  events-witnessed        deeds=1300 witnessed=18229 unwitnessed=1
  PASS  people-talk             conversations=953
  PASS  gossip-is-aimed         0 slanders and 8 praises over 953 conversations
  PASS  rumor-propagates        stories passed on=284
  n/a   opinions-diverge        measured after a witnessed assault in conflicts. 1490 relationships across 71 people: 1278 warm, 157 hostile
  PASS  materials-delivered     delivered=435 sites=15 finished=12
  PASS  building-starts-small   14 projects measured; 0 exceeded sponsor + backers + ordered workers
  PASS  projects-find-backers   12/12 completed AI-planned projects had a backer (need 70%)
  PASS  shelter-answers-cold    ticks spent sheltering=53324 final avgCold=25.1
  PASS  work-runs-in-stretches  hands_full=943 node_empty=3357 tree_bare=435 away_from_family=10 baby_crying=526 cold=2189 thirsty=1 hungry=1
  PASS  foraging-bites          most bushes stripped at once: 279; wild food went from 1580 to 1034
  PASS  generations-turn-over   over 4 years: 9 courtships, 11 marriages, 42 conceptions, 41 births, 3 successions
  PASS  forest-is-used          4 trees felled, 88 timber cut, 1108 fruit picked
  PASS  fruit-comes-and-goes-with-the-seasonworst sample had 0 fruit hanging out of season; most windfall seen at once was 13016 across 4 seasons
  PASS  forest-persists         stand went from 1214 to 1231 (948 grown, 172 seedlings); 178 seeded, 157 died of age
  PASS  bands-have-chiefs       3 chiefs for 55 people; 7 changes of leadership
  PASS  bands-decide-to-build   43 sites marked out by bands themselves (player placed none)
  n/a   camps-move-when-the-land-failsmeasured in the lean survival scenario
  n/a   jobs-bias-work          too few ticks with a job assigned to compare (0 held, 0 not)
  n/a   rebellion-is-rare-but-happensnone fired in this run; a rare stochastic event, see band.test.ts for the deterministic assertion
  PASS  raids-are-organised     1 called (1 for plunder, 0 for damage), 0 followed, 17 never raised a party, 0 found nothing within a day of walking
  PASS  knowledge-is-found      plant_lore=3 cordage=1 tracking=3
  PASS  knowledge-is-passed-on  41 taught deliberately, 91 picked up by watching; 16 lessons that did not take
  PASS  children-are-taught     14 of 41 lessons went to a child, 8 of those from a parent
  PASS  ideas-are-conceived     62 ideas conceived (0.31 per person-year; wanted some, and fewer than 3)
  PASS  sparks-are-various      19 routes into 10 technologies: cordage tracking plant_lore storytelling firemaking division_of_labour clothing marking basketry herbalism
  PASS  ideas-become-tech       62 conceived, 2 built, 7 proven, 4 failed their trial
  PASS  the-tree-is-climbed     4 of 10 technologies conceived were past the root nodes: clothing marking basketry herbalism
  PASS  research-is-social      137 breakthroughs alone, 18 by arguing it out
  PASS  trials-accumulate       25 trials went well across 7 designs proven, 4 went badly
  PASS  techs-are-refined       11 improvements to proven designs, 3 carried as far as they go
  n/a   records-are-cut         nobody in this world can write
  PASS  crafting-is-interruptible23 things made, 4 attempts broken off for a need
  n/a   food-spoils             spoilage is switched off in this scenario
  n/a   stores-keep-food-better-than-packsspoilage is switched off in this scenario
  n/a   pictures-are-painted    nobody here knows how to burn earth red
  n/a   music-answers-lonelinessnobody here can make a flute
  n/a   beer-answers-loneliness nobody here knows how to brew
  n/a   the-temple-gathers      no band had a chief with redistribution and a granary
  n/a   the-ledger-remembers    no temple kept by a chief who keeps accounts
  n/a   taxes-reach-the-temple  no temple kept by a chief who knows how to tax
  n/a   the-law-is-the-same-for-allno chief who judges by the law heard a case of their own people
  n/a   soldiers-are-kept       no temple kept by a chief who knows a standing army
  n/a   kings-reign-for-life    nobody here knows kingship
  n/a   civilisation-is-derived no band holds the six things a civilisation is
  n/a   governments-declare-war-and-peaceno government declared anything in this run
  n/a   the-beaten-pay-tribute  no people submitted to another in this run
  n/a   serfs-are-owned         no governed people took an adult captive in this run
  n/a   feasts-gather-the-band  nobody here knows how to brew
  n/a   the-hurt-are-tended     nobody here knows a herb from a weed
  n/a   wounds-fester-untended  3 untended and 0 dressed wound-days; too few to compare (need 60 of each)
  PASS  raw-meat-sickens        147 illnesses after 1491 raw meals; none after anything cooked
  FAIL  the-wise-avoid-baneberries203 baneberry meals by people without plant lore (156 fell ill), 43 by people who had it
  n/a   animals-are-tamed       nobody here would think of feeding one
  n/a   heads-direct-work       nobody here has the idea of a band with a shape
  n/a   kills-are-butchered-for-bonenobody alive knows what to do with a carcass
  n/a   crafts-happen-at-stations5 station designs exist and no band finished one in this run
  n/a   the-hearth-warms        nobody was cold within range of a finished hearth
  n/a   roast-wins              nobody alive knows cooking
  n/a   cooking-spreads         scenario did not found anyone knowing cooking
  n/a   pots-reach-a-granary    nobody alive knows how to fire clay
  FAIL  discovery-is-situated   every one of 62 ideas came by a named route; 4 of them into the technologies cold suggests
  PASS  population-bounded      peak population 65
  PASS  spatial-hash-spreads    largest bucket holds 9 of 55 items across 16 cells
  PASS  animals-move            mean drift 14.8 tiles/day (floor is 2)
  PASS  animals-flee            1933 bolts opened the distance, 706 did not
  PASS  hunts-succeed-and-fail  19 kills, 7 misses, 0 outrun
  PASS  people-eat-meat         249 meat taken; 6806 meals eaten
  PASS  fish-are-caught         1221 fish taken; 6806 meals eaten
  n/a   bands-set-traps         nobody in this world knows how to set a trap
  n/a   fields-are-sown-and-reapednobody in this world knows how to farm
  n/a   soil-is-drawn-down      no harvest was taken off any ground in this run
  n/a   compost-answers-exhaustionnobody in this world knows how to compost
  n/a   traps-catch             no trap was finished in this run
  n/a   herds-breed-and-are-cullednobody in this world knows how to keep a pen
  n/a   wells-are-drawn-from    nobody in this world knows how to sink a well
  n/a   milk-is-drawn-and-drunk no milk was ever bred in this run
  n/a   wool-is-sheared-and-wovenno wool was ever bred in this run
  PASS  bands-dont-overbuild    band0=4 band1=4 band2=4; 0 over the ceiling, 0 holding empty stores
  PASS  families-exist          8 households of more than one; 55 people with family
  n/a   sleep-restores          nobody had a roof to sleep under in this run
  PASS  kin-outrank-strangers   household=64.1 band=55.6 outsider=-8.4 outsider-unrelated=-8.4 · band-pairs=1 friendliest=0.0 hostile=-100.0
  PASS  bands-take-sides        1 pairs, friendliest=0.0 hostile=-100.0 (spread 100.0)
  n/a   violence-concentrates   only 0 blows between peoples here; too few to say where they land
  n/a   peoples-drift-apart     1 incidents between peoples; too few to split the run around
  n/a   peace-within-bands      only 0 blows here; too few to say where they land
  n/a   children-are-not-struck only 0 blows here; too few to say
  n/a   the-struck-respond      only 0 second blows here; too few to say
  n/a   wrongs-reach-the-chief  only 0 debts run up; too few to say
  n/a   upbringing-follows-culturefewer than two peoples saw 15 wrongs by their children abroad, with regard for strangers 0.15 apart
  n/a   the-watched-intervene   only 1 property deeds were seen by their owners; too few to say
  n/a   captives-are-taken      only 0 blows between peoples; no quarrel long enough
  PASS  bodies-are-found        16 of 16 bodies found by somebody (79 findings of somebody known, 20 of remains past knowing)
  n/a   murders-are-solved      only 0 killings here; too few to say
  PASS  world-has-land          grass=4662 forest=4104 water=4937
  n/a   perf-budget             232 steps/s with 65 people at the peak (floor 877); judged only when a scenario runs alone
  PASS  herds-follow-the-grass  15,073 grazer samples, 39% of them on poor grass, against 23% of the meadow and the wood being poor
  PASS  predators-hunt          63 grazers pulled down (49 by wolves, 14 by bears, 0 by lynxes); 5 people bitten
  PASS  fire-keeps-wolves-off   0 of 10263 hunter samples inside a circle of firelight, where chance alone would put 439.6 (1 turned back)
  n/a   a-hunted-out-land-stays-emptythis land was not hunted out
  PASS  slopes-slow             676,431 uphill steps cover 90.3% of the distance asked, 547,357 downhill 103.5%, 86,028 flat 100%
  PASS  hills-see-farther       614 of 9,046 sightings were from further off than the bare radius of 12 tiles

==============================================================================
5/133 CHECKS FAILED: cravings-steer-the-diet, nights-are-slept, moods-move-choices, the-wise-avoid-baneberries, discovery-is-situated


WORLD HEALTH REPORT  -  scenario "craft"  seed "craft"
==============================================================================
16000 steps in 32787ms  (488 steps/s)

POPULATION OVER TIME
  step    day   alive  hunger  thirst  tired   cold   lonely  health  food   bare  store  trees  grown  fruit  kids  wed  age   oob  
  0       5     24     0.0     0.0     0.0     0.0    0.0     100.0   1633   171   0      970    870    0      9     12   17    0    
  1600    11    24     17.4    18.4    6.0     0.0    19.5    100.0   1255   171   12     893    771    167    9     12   17    0    
  3200    18    27     25.6    16.9    6.5     0.0    42.1    99.3    2287   167   74     892    771    657    12    12   15    0    
  4800    25    28     24.6    19.7    6.9     0.0    31.7    99.8    2873   127   53     892    772    1760   13    12   15    0    
  6400    31    30     21.6    18.8    8.8     1.0    23.9    99.7    2094   228   94     892    773    0      15    12   14    0    
  8000    38    30     30.0    16.9    10.3    6.8    32.1    98.2    2005   238   60     891    772    0      15    12   14    0    
  9600    45    30     39.0    16.6    18.8    3.3    42.8    93.9    1605   186   63     903    772    0      15    12   14    0    
  11200   51    29     61.3    18.3    34.5    2.9    54.6    79.5    1109   168   63     920    772    169    17    7    13    0    
  12800   58    22     33.2    16.8    24.6    0.0    53.6    81.6    2334   170   72     920    772    642    12    3    14    0    
  14400   65    22     30.3    19.3    8.8     0.0    30.1    88.9    2902   132   95     920    773    1699   11    3    14    0    
  16000   71    22     29.2    16.5    14.3    0.0    31.5    94.8    2116   236   113    919    772    0      11    5    14    0    

EVENTS
  path_expanded           710592
  malnutrition_samples    398304
  step_slope_up           219768
  step_slope_up_ratio     199535.580058443
  walk_tick               190439
  step_slope_down_ratio   187390.8209358535
  step_slope_down         181415
  place_memory_age_sum_band_0178820.2205139195
  place_memory_age_sum_band_1161479.3912761236
  remembered_node_candidate125915
  malnutrition_sum        94322.53793967898
  nursing_hunger_relief   71100
  nursing_thirst_relief   71100
  water_memory_candidate  68893
  food_accessible_at_think68534
  water_visible_candidate 67599
  intruder_sighted        64385
  walk_arrived            45680
  craving_protein_search  42109
  path_found              37465
  path_denied_cooldown    37149
  rest                    34979
  craving_protein_reachable34914
  step_slope_flat_ratio   32006.4796668062
  step_slope_flat         31963
  place_memory_samples_band_026544
  place_memory_samples_band_123609
  diet_nutrition_total    22813
  sleeping_open           21738
  make_peace_offered      17776
  remembered_node_target  17301
  yield_obs_yield_forage_sum16419.61619798371
  witnessed               15391
  fled_from_dread_considered14149
  relocation_food_nodes   13869
  mood_belonging_sum      12145.28240571199
  elite_larder_preferred  10142
  action_target_knowledge_checked9747
  action_target_knowledge_known9747
  yield_obs_yield_fish_sum9259.720111038576
  hungry_at_work_rest     8814
  rest_ended_hungry       8359
  relocation_food_depleted7350
  hungry_at_work_sleep    6890
  security_intruder_seen  6715
  woke_hungry             6642
  diet_nutrition_protein  5886
  grazer_samples          5741
  security_as_witness     5477
  action_target_knowledge_visible_forage5387
  poison_ticks            5105
  belief_seen_eat_berries 4870
  shared_resource_depletion_seen4759
  drink                   4602
  cold_damage_ticks       4114
  fruit_thirst_relief     3936.0040008903443
  hunter_samples          3837
  craving_protein_absent  3832
  place_exploration_fraction_band_03491.8486328125
  craving_protein_outside_reach3363
  place_exploration_fraction_band_13232.9443359375
  action_target_knowledge_visible_pick2720
  craving_protein_masked_by_reachable_food2706
  craving_protein_override_selected2706
  step_blocked            2413
  hydrating_food_candidate2071
  mood_samples            1748
  macro_samples           1748
  food_blocked_by_reach_at_think1735
  food_reach_fallback_at_think1735
  grazer_samples_on_poor  1697
  macro_exertion_sum      1696.548193369253
  hungry_at_work_nurse    1611
  eat                     1482
  belief_seen_eat_fish    1355
  defend_territory_chosen 1318
  hungry_at_work_hunt     1278
  pushed_on_hunger_hunt   1278
  intruder_sighted_beyond_base1201
  macro_carb_sum          1088.5719473539677
  hungry_at_work_romp     1033
  worked_alongside        981
  romp_hungry             873
  step_slide              861
  eat_craving_protein     840
  hungry_at_work_give     839
  pushed_on_hunger_give   837
  ate_berries             778
  eaten_berries           778
  mood_comfort_sum        773.0525568676288
  abandoned_hands_full    771
  stale_memory_resource_empty764
  abandoned_remembered_wrong764
  nursing_sessions        711
  belief_seen_eat_pear    702
  food_absent_in_search_at_think681
  drink_finished          669
  animal_alarmed          656
  action_target_knowledge_visible_drink652
  yield_obs_yield_forage_n633
  harvest_berries         614
  hungry_at_work_warn     574
  belief_told             521
  eat_calm_protein        514
  security_as_victim      513
  dread_as_victim         513
  household_feud_started  513
  event_threaten          511
  warned_off              509
  warned_hungry           485
  yield_obs_yield_fish_n  469
  stored                  462
  action_target_knowledge_visible_chop461
  action_target_from_memory_forage457
  hungry_at_work_talk     416
  route_arrived           406
  action_target_knowledge_visible_hunt405
  water_place_told        403
  work_ended_node_empty   400
  cry_interrupted         376
  food_stored_own         362
  macro_protein_sum       351.6749483109671
  withdrawn               349
  belief_seen_eat_apple   335
  ate_fish                327
  eaten_fish              327
  risky_meals_fish        327
  harvest_fish            309
  macro_fat_sum           307.753104335065
  conversation            305
  hungry_at_work_bring_food296
  belief_seen_eat_hazelnut287
  belief_seen_eat_plum    266
  romp_together           264
  belief_seen_sick        255
  event_share_food        252
  gift_given              252
  hungry_at_work_propose  250
  romp_cold               249
  eat_calm_protein_rich   242
  proposed_hungry         241
  amends_offered          238
  water_exploration_no_frontier237
  sought_out_chief_talk   229
  work_ended_hands_full   224
  belief_seen_eat_toxic_berries218
  security_by_hearsay     217
  hurt_person_days        192
  talked_hungry           189
  water_exploration_offered188
  water_exploration_offered_child184
  picked_pear             182
  ate_pear                172
  eaten_pear              172
  abandoned_no_food       167
  would_spoil_fish        151
  rest_ended_baby_crying  150
  conversation_chat       143
  work_ended_tree_bare    129
  abandoned_no_fruit      129
  correct_offered         126
  would_spoil_berries     118
  bring_food_hungry       116
  hand_capacity_blocked   111
  harvest_sticks          107
  tree_died_old           103
  action_target_knowledge_remembered_forage100
  yield_obs_yield_hunt_sum99.55931493299548
  mischief_abroad_seen_b0 97
  mischief_abroad_minded_b097
  ate_at_source           93
  woke_baby_crying        91
  settled_over_work       89
  remembered_empty_walk   88
  relocation_scarcity_days85
  cold_damage_sum         82.08567502654269
  meadow_poor_share_samples80
  sought_out_chief_feed   76
  caught_warn_offered     73
  conversation_interests  72
  peace_offered           69
  picked_hazelnut         69
  sparred                 67
  conversation_greet      67
  eat_craving_protein_rich66
  picked_apple            66
  ate_hazelnut            64
  eaten_hazelnut          64
  food_place_told         62
  ate_apple               60
  eaten_apple             60
  starving_fed            58
  yield_obs_yield_hunt_n  57
  hungry_at_work_forage   56
  pushed_on_hunger_forage 56
  rumor_spread            54
  reflected               53
  tree_seeded             52
  starving_fed_remembered 50
  body_found              50
  yield_obs_yield_pick_sum48.4327663252394
  picked_plum             47
  ate_plum                47
  eaten_plum              47
  abandoned_partner_unwilling46
  materials_delivered     44
  relocation_votes_yes    44
  relocation_votes_total  44
  talked_baby_crying      40
  sought_out_chief_propose40
  romp_away_from_family   39
  attack_route_territory  39
  poisoning_passed        37
  wet_nursing_sessions    37
  sought_out_chief_court  36
  warned_baby_crying      35
  ate_toxic_berries       34
  eaten_toxic_berries     34
  ate_toxic_unwise        34
  risky_meals_toxic_berries34
  yield_obs_yield_pick_n  31
  hungry_at_work_pick     31
  pushed_on_hunger_pick   31
  property_used_unseen    28
  work_ended_baby_crying  27
  poisoned_fish           27
  prey_killed_by_predator 27
  animal_predated         27
  breakthrough_ponder     26
  hungry_at_work_court    26
  interrupted_court_hungry26
  site_placed             25
  haul_units_band_0       24
  order_obeyed            23
  order_haul_obeyed       23
  conversation_deep       23
  prey_killed_by_wolf     22
  animal_born             22
  poison_grade_moderate   21
  spoilage_prevented      21
  event_sabotage          21
  haul_units_band_1       20
  site_abandoned          20
  poisoned_toxic_berries  20
  sought_out_chief_ask    19
  action_target_knowledge_remembered_drink19
  poison_grade_mild       19
  band_planned_windbreak  18
  child_watched           18
  interrupted_give_baby_crying17
  project_request_refused 15
  abandoned_nothing_to_haul15
  meadow_poor_share_sum   14.417957941339239
  raid_proposed           14
  raid_never_raised       14
  corrected_abroad        14
  corrected               14
  sought_out_chief_spar   13
  belief_seen_yield_forage13
  raid_approved           13
  ponder_nothing          13
  thought_nothing_came_of_it13
  abandoned_subject_gone  13
  child_taught            12
  child_taught_by_parent  12
  event_teach             12
  set_upon_flee           12
  proposed_baby_crying    12
  courtship               12
  project_backer_added    11
  ask_taught              11
  order_refused           11
  order_haul_refused      11
  raid_for_need_nowhere   10
  conception              10
  observed_firemaking     10
  animal_entered_by_edge  10
  death_starvation        10
  death_settled           10
  corpse_left             10
  corpse_first_found      10
  haul_trip_band_0        9
  harvest_reeds           9
  conceived_plant_lore    9
  remains_found           9
  ask_taught_nothing      8
  asked_learned_nothing   8
  birth                   8
  baby_picked_up          8
  observed_pottery        8
  harvest_flint           8
  animal_left_by_edge     8
  marriage                7
  teaching_failed         7
  poison_grade_severe     7
  discuss_nothing         7
  talked_nothing_came_of_it7
  picked_up               7
  pickup_ordered          7
  npc_pickup              7
  event_theft             7
  founding_households     6
  taught_firemaking       6
  haul_trip_band_1        6
  chief_chosen            6
  taught_pottery          6
  ask_refused             6
  asked_would_not_teach   6
  hungry_at_work_spar     6
  interrupted_spar_hungry 6
  dropped                 6
  carry_overflow_dropped  6
  relocation_proposed     6
  relocation_approved     6
  camps_moved             6
  sought_out_chief_discuss6
  hunt_ended_baby_crying  6
  belief_seen_yield_fish  6
  romp_alone              5
  prey_killed_by_bear     5
  talked_away_from_family 5
  spark_plant_lore_0      5
  water_exploration_offered_adult4
  caught_outsider         4
  property_deed_seen_by_owner4
  abandoned_corrected     4
  widowed_by_seeing       4
  succession              4
  abandoned_target_gone   4
  conceived_fishing       4
  prototype_trial_passed  4
  spark_plant_lore_2      3
  breakthrough_discuss    3
  action_target_knowledge_remembered_hunt3
  hunt_ended_hungry       3
  work_ended_hungry       3
  spark_fishing_2         3
  spark_wanting_fishing_2 3
  interrupted_spar_baby_crying2
  belief_seen_yield_pick  2
  work_ended_away_from_family2
  building_completed      2
  completed_storage_pit   2
  raid_nothing_in_reach   2
  wound_days_untended     2
  interrupted_ask_away_from_family2
  blow_landed             2
  event_assault           2
  harm_child_threaten     2
  debt_incurred_threaten  2
  conceived_cooking       2
  spark_cooking_1         2
  herd_entered_by_edge    2
  interrupted_give_hungry 2
  romp_thirsty            2
  inherited_goods         2
  unwitnessed             2
  work_ended_thirsty      2
  herd_left_by_edge       2
  action_target_from_memory_gather_for_site2
  orphan_carried          2
  abandoned_fruit_fallen  2
  era_advanced            1
  conceived_cordage       1
  spark_cordage_1         1
  raid_rejected_by_chief  1
  abandoned_already_built 1
  woke_away_from_family   1
  hunt_missed             1
  animal_blow_deer        1
  hunter_turned_on_by_deer1
  animal_bit_person       1
  animal_bit_person_bear  1
  animal_blow_bear        1
  fled_from_animal        1
  would_spoil_toxic_berries1
  set_upon_under_attack   1
  threaten_succeeded      1
  conceived_division_of_labour1
  spark_division_of_labour_21
  proposed_thirsty        1
  threaten_refused        1
  threatened_refused_demand1
  interrupted_teach_baby_crying1
  belief_seen_yield_hunt  1
  event_trespass          1
  property_used_watched   1
  correct_baby_crying     1
  band_planned_mud_hut    1
  animal_starved          1
  animal_starved_out      1
  practised_fishing       1
  prototype_failed        1
  spark_fishing_0         1
  reasoned_out_fishing    1
  spark_plant_lore_1      1
  practised_plant_lore    1
  abandoned_project_no_longer_available1
  reasoned_out_plant_lore 1
  hunter_samples_expected_in_firelight0
  would_spoil_pear        0
  would_spoil_plum        0
  would_spoil_apple       0
  mood_purpose_sum        -14902.562834175293
  mood_security_sum       -110935.633230738

ACTIONS (summed over samples)
  idle                    81468
  go_home                 65552
  forage                  45449
  rest                    34979
  pick                    22539
  warn                    22355
  sleep                   21738
  romp                    20459
  flee                    19839
  talk                    16568
  drink                   13528
  give                    8938
  take                    6104
  store                   5955
  ponder                  5850
  gather                  5806
  spar                    4645
  nurse                   3240
  ask                     3136
  propose                 2364
  chop                    2265
  hunt                    1872
  make_peace              1373
  discuss                 1264
  reflect                 1060
  court                   1032
  haul                    982
  bring_food              898
  eat                     798
  build                   740
  sabotage                313
  attack                  260
  threaten                214
  correct                 206
  praise                  203
  teach                   118
  pickup                  92
  wander                  77
  explore                 30
  slander                 15

KNOWLEDGE
  era: Middle Palaeolithic  ·  4 things known to somebody  ·  11 can make fire
  1 advances, 0 relapses

BANDS
  2 chiefs  ·  0 outcast  ·  0 exiled  ·  23 orders obeyed, 11 refused

BUILDINGS
  2 of 5 finished  ·  113 items in store

RELATIONSHIPS
  849 edges across 32 people  ·  357 warm  ·  487 hostile
  Rhaar band            theft tolerance 0.73   murder 1.25
  Othsh band            theft tolerance 1.43   murder 0.83

TERRAIN
  water=5939  beach=1469  grass=4103  forest=3125  hills=1730  rock=18

TRAVEL
  37465 routes found  ·  19.0 mean / 756 worst expansions  ·  2341.6 searches per 1,000 ticks
  route_arrived=406  walk_blocked=0  abandoned_cannot_reach=0
  everything that walks: step_blocked=2413  ·  axis_null=0  ·  slides=861
  people only: 0 stuck of 190439 walk ticks (0.0 per 1,000)  ·  denied: cooldown=37149 budget=0
  recoveries=0 (0 found a route)

CHECKS
  PASS  regions-stay-true       12 independently recomputed landmasses; 0 incorrectly labelled tiles and 0 incorrect region sizes
  PASS  hands-limit-loads       0 post-transfer states remained above the hands and fitted-container limit; 111 collection attempts hit a hand limit
  n/a   containers-carry-more   run the porters scenario to compare fitted containers with bare hands
  PASS  people-act-on-what-they-know9747/9747 forage, pick, drink, hunt and chop targets visible or remembered
  n/a   word-of-food-travels    measured in food-news, where the rumour supplies the only food
  PASS  stale-memories-cost     764 trips reached a remembered resource that was exhausted
  PASS  the-map-grows           7.8% → 16.7% mean explored (must grow and remain below 99%)
  n/a   kin-are-defended        0 attacks on children with adult witnesses (need 10)
  n/a   the-young-run-to-their-own0 attacked children fled (need 10)
  FAIL  cravings-steer-the-diet 7.9% rich-protein meals while craving vs 47.1% while calm (need 1.3x)
  FAIL  nights-are-slept        36.0% of 3458 adult samples in full night sleeping or resting (need 55%)
  PASS  nights-are-spent-at-home92.2% of 3458 adult night samples within 15 tiles of an anchor (need 70%)
  PASS  moods-move-choices      3.1% talk in low-belonging tercile vs 2.5% in high (3631 samples each; low must be higher)
  PASS  children-keep-close     94.7% of 5211 child samples within radius + 3 of either living parent (need 75%; designated carer=93.0%; top actions: go_home=1371, romp=954, sleep=527, forage=473, rest=452)
  PASS  no-nan                  worst sample had 0 non-finite fields
  PASS  people-in-bounds        worst sample had 0 people outside a 128x128 world
  PASS  people-on-land          worst sample had 0 people standing in water or on rock
  PASS  people-survive          22/24 alive at step 16000 (need 17 over 66 days)
  PASS  deaths-explained        starvation=10 settled=10
  PASS  nobody-stalls-under-orders0 people stalled under order for a full day; 0 gave up walking, 0 of those under order
  PASS  walkers-do-not-grind    0 of 190,439 walking ticks made no real progress (0.0 per 1,000; wanted under 5)
  PASS  paths-are-found         200 pairs sampled on the largest region, every one found — mean 769.4 / worst 5819 expansions; 0 gave up mid-play
  PASS  nobody-walled-in        22 checked; 0 cut off from water, 0 cut off from food in their own region
  PASS  people-drink            drink=4602
  PASS  drinking-is-paced       669 drinks finished over 1728 person-days (0.39 each per day; wanted some, and fewer than 4)
  PASS  food-work-continues     87 ticks of food-gathering continued through hunger that would otherwise have stopped it (1278 hunting)
  PASS  people-harvest          berries=614 meat=0 wood=0 flint=8
  PASS  people-eat              eat=1482
  PASS  ai-uses-many-actions    40 distinct actions observed: idle=81468 go_home=65552 forage=45449 rest=34979 pick=22539 warn=22355 sleep=21738 romp=20459 flee=19839 talk=16568 drink=13528 give=8938 take=6104 store=5955 ponder=5850 gather=5806 spar=4645 nurse=3240 ask=3136 propose=2364 chop=2265 hunt=1872 make_peace=1373 discuss=1264 reflect=1060 court=1032 haul=982 bring_food=898 eat=798 build=740 sabotage=313 attack=260 threaten=214 correct=206 praise=203 teach=118 pickup=92 wander=77 explore=30 slander=15
  PASS  needs-not-pinned        final avgHunger=29.2 avgThirst=16.5 avgCold=0.0 avgCompany=31.5
  PASS  health-holds-up         final avgHealth=94.8 (floor is 60)
  PASS  events-witnessed        deeds=806 witnessed=15391 unwitnessed=2
  PASS  people-talk             conversations=305
  FAIL  gossip-is-aimed         0 slanders and 0 praises over 305 conversations
  PASS  rumor-propagates        stories passed on=54
  n/a   opinions-diverge        measured after a witnessed assault in conflicts. 849 relationships across 32 people: 357 warm, 487 hostile
  PASS  materials-delivered     delivered=44 sites=5 finished=2
  PASS  building-starts-small   5 projects measured; 0 exceeded sponsor + backers + ordered workers
  PASS  projects-find-backers   2/2 completed AI-planned projects had a backer (need 70%)
  n/a   shelter-answers-cold    never got cold (peak avgCold 6.8)
  PASS  work-runs-in-stretches  node_empty=400 hands_full=224 baby_crying=27 away_from_family=2 tree_bare=129 hungry=3 thirsty=2
  PASS  foraging-bites          most bushes stripped at once: 238; wild food went from 1633 to 2116
  n/a   generations-turn-over   run covers only 66 days; too short to say
  PASS  forest-is-used          0 trees felled, 0 timber cut, 371 fruit picked
  PASS  fruit-comes-and-goes-with-the-seasonworst sample had 0 fruit hanging out of season; most windfall seen at once was 10312 across 4 seasons
  PASS  forest-persists         stand went from 970 to 919 (772 grown, 72 seedlings); 52 seeded, 103 died of age
  PASS  bands-have-chiefs       2 chiefs for 22 people; 6 changes of leadership
  PASS  bands-decide-to-build   19 sites marked out by bands themselves (player placed none)
  n/a   camps-move-when-the-land-failsmeasured in the lean survival scenario
  n/a   jobs-bias-work          too few ticks with a job assigned to compare (0 held, 0 not)
  n/a   rebellion-is-rare-but-happensrun covers only 66 days; too short for rebellion to be expected or ruled out
  n/a   raids-are-organised     weighed 14 times and never once raised a party; no fighting party could be assembled in this world
  n/a   knowledge-is-found      run covers under a year; too short to work anything out
  PASS  knowledge-is-passed-on  12 taught deliberately, 18 picked up by watching; 7 lessons that did not take
  PASS  children-are-taught     12 of 12 lessons went to a child, 12 of those from a parent
  PASS  ideas-are-conceived     17 ideas conceived (0.39 per person-year; wanted some, and fewer than 3)
  PASS  sparks-are-various      9 routes into 5 technologies: cordage plant_lore division_of_labour cooking fishing
  n/a   ideas-become-tech       run covers under a year; 17 conceived, too soon to prove any
  n/a   the-tree-is-climbed     run covers under a year; too soon to get past the root technologies
  PASS  research-is-social      26 breakthroughs alone, 3 by arguing it out
  n/a   trials-accumulate       nothing was proven, so nothing was tried more than once
  n/a   techs-are-refined       nothing was proven, so nothing could be improved
  n/a   records-are-cut         nobody in this world can write
  n/a   crafting-is-interruptibletoo few crafting attempts to tell (0 made, 0 interrupted)
  n/a   food-spoils             spoilage is switched off in this scenario
  n/a   stores-keep-food-better-than-packsspoilage is switched off in this scenario
  n/a   pictures-are-painted    nobody here knows how to burn earth red
  n/a   music-answers-lonelinessnobody here can make a flute
  n/a   beer-answers-loneliness nobody here knows how to brew
  n/a   the-temple-gathers      no band had a chief with redistribution and a granary
  n/a   the-ledger-remembers    no temple kept by a chief who keeps accounts
  n/a   taxes-reach-the-temple  no temple kept by a chief who knows how to tax
  n/a   the-law-is-the-same-for-allno chief who judges by the law heard a case of their own people
  n/a   soldiers-are-kept       no temple kept by a chief who knows a standing army
  n/a   kings-reign-for-life    nobody here knows kingship
  n/a   civilisation-is-derived no band holds the six things a civilisation is
  n/a   governments-declare-war-and-peaceno government declared anything in this run
  n/a   the-beaten-pay-tribute  no people submitted to another in this run
  n/a   serfs-are-owned         no governed people took an adult captive in this run
  n/a   feasts-gather-the-band  nobody here knows how to brew
  n/a   the-hurt-are-tended     nobody here knows a herb from a weed
  n/a   wounds-fester-untended  2 untended and 0 dressed wound-days; too few to compare (need 60 of each)
  PASS  raw-meat-sickens        27 illnesses after 327 raw meals; none after anything cooked
  PASS  the-wise-avoid-baneberries34 baneberry meals by people without plant lore (20 fell ill), 0 by people who had it
  n/a   animals-are-tamed       nobody here would think of feeding one
  n/a   heads-direct-work       nobody here has the idea of a band with a shape
  n/a   kills-are-butchered-for-bonenobody alive knows what to do with a carcass
  n/a   crafts-happen-at-stations5 station designs exist and no band finished one in this run
  n/a   the-hearth-warms        nobody was cold within range of a finished hearth
  n/a   roast-wins              nobody alive knows cooking
  n/a   cooking-spreads         scenario did not found anyone knowing cooking
  n/a   pots-reach-a-granary    pottery is known and 0 pots made, but no band needed a granary yet
  FAIL  discovery-is-situated   every one of 17 ideas came by a named route; 0 of them into the technologies cold suggests
  PASS  population-bounded      peak population 30
  PASS  spatial-hash-spreads    largest bucket holds 6 of 22 items across 10 cells
  PASS  animals-move            mean drift 14.7 tiles/day (floor is 2)
  PASS  animals-flee            905 bolts opened the distance, 345 did not
  n/a   hunts-succeed-and-fail  too few strikes to tell (0 kills, 1 misses)
  n/a   people-eat-meat         no meat entered the world in this run
  PASS  fish-are-caught         309 fish taken; 1482 meals eaten
  n/a   bands-set-traps         nobody in this world knows how to set a trap
  n/a   fields-are-sown-and-reapednobody in this world knows how to farm
  n/a   soil-is-drawn-down      no harvest was taken off any ground in this run
  n/a   compost-answers-exhaustionnobody in this world knows how to compost
  n/a   traps-catch             no trap was finished in this run
  n/a   herds-breed-and-are-cullednobody in this world knows how to keep a pen
  n/a   wells-are-drawn-from    nobody in this world knows how to sink a well
  n/a   milk-is-drawn-and-drunk no milk was ever bred in this run
  n/a   wool-is-sheared-and-wovenno wool was ever bred in this run
  PASS  bands-dont-overbuild    band0=1 band1=1; 0 over the ceiling, 0 holding empty stores
  PASS  families-exist          6 households of more than one; 21 people with family
  n/a   sleep-restores          nobody had a roof to sleep under in this run
  PASS  kin-outrank-strangers   household=73.5 band=18.6 outsider=-72.3 outsider-unrelated=-72.3 · band-pairs=1 friendliest=0.0 hostile=-96.6
  PASS  bands-take-sides        1 pairs, friendliest=0.0 hostile=-96.6 (spread 96.6)
  n/a   violence-concentrates   only 2 blows between peoples here; too few to say where they land
  PASS  peoples-drift-apart     peoples stood 13.3 tiles apart before half the 513 incidents, 26.9 after
  n/a   peace-within-bands      only 2 blows here; too few to say where they land
  n/a   children-are-not-struck only 2 blows here; too few to say
  n/a   the-struck-respond      only 0 second blows here; too few to say
  n/a   wrongs-reach-the-chief  only 2 debts run up; too few to say
  n/a   upbringing-follows-culturefewer than two peoples saw 15 wrongs by their children abroad, with regard for strangers 0.15 apart
  n/a   the-watched-intervene   only 4 property deeds were seen by their owners; too few to say
  n/a   captives-are-taken      only 2 blows between peoples; no quarrel long enough
  PASS  bodies-are-found        10 of 10 bodies found by somebody (50 findings of somebody known, 9 of remains past knowing)
  n/a   murders-are-solved      only 0 killings here; too few to say
  PASS  world-has-land          grass=4103 forest=3125 water=5939
  n/a   perf-budget             488 steps/s with 30 people at the peak (floor 1,724); judged only when a scenario runs alone
  PASS  herds-follow-the-grass  5,741 grazer samples, 30% of them on poor grass, against 18% of the meadow and the wood being poor
  PASS  predators-hunt          27 grazers pulled down (22 by wolves, 5 by bears, 0 by lynxes); 1 people bitten
  n/a   fire-keeps-wolves-off   3837 hunter samples with 0.0 expected inside a circle of firelight; too few to say
  n/a   a-hunted-out-land-stays-emptythis land was not hunted out
  PASS  slopes-slow             219,768 uphill steps cover 90.8% of the distance asked, 181,415 downhill 103.3%, 31,963 flat 100%
  PASS  hills-see-farther       1201 of 64,385 sightings were from further off than the bare radius of 12 tiles

==============================================================================
4/133 CHECKS FAILED: cravings-steer-the-diet, nights-are-slept, gossip-is-aimed, discovery-is-situated


WORLD HEALTH REPORT  -  scenario "wilds"  seed "wilds"
==============================================================================
14000 steps in 21870ms  (640 steps/s)

POPULATION OVER TIME
  step    day   alive  hunger  thirst  tired   cold   lonely  health  food   bare  store  trees  grown  fruit  kids  wed  age   oob  
  0       5     24     0.0     0.0     0.0     0.0    0.0     100.0   1654   174   0      1050   921    0      6     16   21    0    
  1400    10    24     11.3    12.9    6.7     0.0    26.9    100.0   1057   170   83     967    806    116    6     16   21    0    
  2800    16    25     14.1    10.5    5.1     0.0    22.9    99.8    2074   176   95     966    805    798    7     16   20    0    
  4200    22    29     20.4    12.6    5.7     0.0    23.3    96.3    1988   148   236    965    804    1206   11    16   18    0    
  5600    28    30     18.6    14.0    3.6     0.0    20.7    97.8    2650   149   236    962    803    1963   12    16   17    0    
  7000    34    31     19.8    13.0    3.3     1.2    23.1    97.9    1856   248   240    961    802    0      13    16   17    0    
  8400    40    31     19.7    12.4    6.7     3.0    12.0    98.3    1025   313   219    960    802    0      13    16   17    0    
  9800    45    32     22.2    10.8    8.5     0.0    27.8    98.1    1538   197   217    969    802    0      14    16   16    0    
  11200   51    33     18.3    11.4    9.3     0.0    26.0    95.9    1006   174   253    992    800    228    15    16   16    0    
  12600   57    34     15.7    14.2    8.5     0.0    30.1    96.5    2170   170   299    992    801    801    15    16   16    0    
  14000   63    36     23.3    13.3    6.1     0.0    22.2    97.9    2172   146   306    991    803    1375   17    16   15    0    

EVENTS
  malnutrition_samples    415863
  path_expanded           291532
  walk_tick               138277
  step_slope_up           137695
  step_slope_up_ratio     125103.54283210578
  nursing_hunger_relief   123500
  nursing_thirst_relief   123500
  place_memory_age_sum_band_1118865.82751984826
  place_memory_age_sum_band_0117806.03987683522
  step_slope_down_ratio   114948.99653796035
  step_slope_down         111281
  remembered_node_candidate102450
  malnutrition_sum        86449.72212429541
  walk_arrived            58170
  food_accessible_at_think46595
  water_memory_candidate  46389
  water_visible_candidate 40443
  path_denied_cooldown    39864
  yield_obs_yield_forage_sum37374.03290404831
  rest                    31874
  diet_nutrition_total    27238
  path_found              25707
  craving_protein_search  22099
  step_slope_flat_ratio   19569.068806059644
  step_slope_flat         19544
  place_memory_samples_band_018692
  craving_protein_reachable18513
  sleeping                18128
  place_memory_samples_band_118001
  mood_belonging_sum      15588.624497198465
  yield_obs_yield_fish_sum14977.26729419171
  remembered_node_target  13733
  poison_ticks            13388
  action_target_knowledge_checked11421
  action_target_knowledge_known11421
  hunter_samples          10437
  relocation_food_nodes   10150
  diet_nutrition_protein  8682
  action_target_knowledge_visible_forage8239
  elite_larder_preferred  7649
  sleeping_open           6955
  belief_seen_eat_berries 5945
  shared_resource_depletion_seen5935
  relocation_food_depleted5648
  step_blocked            5635
  drink                   4331
  fruit_thirst_relief     4302.3625347717725
  abandoned_hands_full    3669
  step_slide              3404
  belief_seen_eat_fish    2375
  grazer_samples          2339
  yield_obs_yield_hunt_sum2329.282352980343
  craving_protein_absent  2265
  hydrating_food_candidate2194
  place_exploration_fraction_band_01962.5322265625
  place_exploration_fraction_band_11837.939453125
  eat                     1769
  mood_samples            1729
  macro_samples           1729
  macro_exertion_sum      1577.5647618573182
  stale_memory_resource_empty1410
  abandoned_remembered_wrong1410
  craving_protein_outside_reach1321
  food_blocked_by_reach_at_think1282
  food_reach_fallback_at_think1282
  witnessed               1255
  nursing_sessions        1235
  belief_seen_eat_toxic_berries1102
  worked_alongside        1085
  action_target_knowledge_visible_chop1077
  harvest_berries         1072
  craving_protein_masked_by_reachable_food1056
  craving_protein_override_selected1056
  yield_obs_yield_forage_n1042
  macro_carb_sum          1032.848505125525
  ate_berries             1029
  eaten_berries           1029
  belief_seen_sick        958
  action_target_from_memory_forage882
  eat_craving_protein     862
  hungry_at_work_rest     813
  work_ended_node_empty   776
  eat_calm_protein        762
  stored                  748
  work_ended_hands_full   742
  rest_ended_hungry       739
  belief_told             734
  hungry_at_work_sleep    725
  food_absent_in_search_at_think698
  hungry_at_work_hunt     690
  pushed_on_hunger_hunt   690
  drink_finished          671
  cry_interrupted         652
  hungry_at_work_nurse    612
  action_target_knowledge_visible_drink598
  action_target_knowledge_visible_hunt595
  woke_hungry             577
  food_stored_own         575
  remembered_empty_walk   568
  action_target_knowledge_visible_pick559
  route_arrived           547
  hungry_at_work_talk     545
  yield_obs_yield_fish_n  517
  grazer_samples_on_poor  501
  would_spoil_berries     492
  water_place_told        462
  withdrawn               442
  hand_capacity_blocked   419
  ate_fish                419
  eaten_fish              419
  risky_meals_fish        419
  animal_alarmed          402
  belief_seen_eat_pear    392
  macro_protein_sum       385.72323934408337
  harvest_fish            379
  belief_seen_eat_apple   368
  eat_calm_protein_rich   338
  macro_fat_sum           310.42825553039376
  sought_out_chief_talk   305
  conversation            301
  hunter_samples_expected_in_firelight277.26702741031085
  rumor_spread            275
  action_target_knowledge_remembered_forage273
  path_no_route           270
  talked_hungry           257
  talked_baby_crying      240
  shared_a_roof           237
  settled_over_work       201
  would_spoil_fish        187
  spoilage_prevented      186
  materials_delivered     184
  belief_seen_eat_meat    176
  sparred                 162
  romp_together           162
  hungry_at_work_romp     149
  ate_toxic_berries       147
  eaten_toxic_berries     147
  risky_meals_toxic_berries147
  harvest_sticks          146
  ate_toxic_unwise        141
  harvest_meat            129
  water_exploration_no_frontier126
  tree_died_old           122
  reflected               122
  event_share_food        120
  gift_given              120
  work_ended_baby_crying  115
  conversation_deep       115
  abandoned_no_food       112
  haul_units_band_1       109
  raid_for_need_nowhere   105
  sought_out_chief_spar   96
  predator_kept_off_by_fire95
  romp_hungry             94
  rest_ended_baby_crying  93
  belief_seen_eat_plum    87
  rest_ended_thirsty      83
  would_spoil_toxic_berries83
  poisoned_toxic_berries  83
  woke_baby_crying        82
  action_target_knowledge_remembered_drink80
  walk_stuck_tick         80
  conversation_interests  79
  yield_obs_yield_pick_n  78
  eat_craving_protein_rich78
  yield_obs_yield_pick_sum76.41852919729554
  haul_units_band_0       75
  bleeding_ticks          75
  picked_pear             73
  order_obeyed            73
  order_haul_obeyed       71
  meadow_poor_share_samples70
  poison_grade_moderate   70
  poisoning_passed        70
  hearths                 70
  tree_seeded             66
  ate_pear                66
  eaten_pear              66
  sought_out_chief_discuss60
  conversation_chat       59
  hungry_at_work_give     57
  pushed_on_hunger_give   57
  harvest_reeds           55
  dropped                 54
  belief_seen_eat_hazelnut52
  prey_killed_by_predator 51
  animal_predated         51
  abandoned_nothing_to_haul51
  breakthrough_ponder     49
  picked_up               49
  pickup_ordered          49
  npc_pickup              49
  romp_away_from_family   48
  conversation_greet      48
  poisoned_fish           47
  ponder_nothing          47
  thought_nothing_came_of_it47
  ate_apple               46
  eaten_apple             46
  picked_apple            45
  haul_trip_band_1        44
  interrupted_discuss_baby_crying43
  hurt_person_days        41
  yield_obs_yield_hunt_n  38
  ate_meat                38
  eaten_meat              38
  risky_meals_meat        38
  poison_grade_mild       37
  food_place_told         36
  prey_killed_by_wolf     36
  carry_overflow_dropped  36
  picked_plum             33
  work_ended_tree_bare    32
  interrupted_give_baby_crying31
  hungry_at_work_propose  29
  action_target_from_memory_gather28
  haul_trip_band_0        27
  action_target_from_memory_gather_for_site27
  poison_grade_severe     27
  interrupted_teach_baby_crying21
  sought_out_chief_propose21
  site_placed             20
  project_request_refused 20
  tree_death_deferred     20
  water_exploration_offered20
  proposed_baby_crying    20
  sought_out_chief_give   19
  ate_plum                18
  eaten_plum              18
  animal_bit_person       18
  fled_from_animal        18
  water_exploration_offered_child18
  harvest_flint           17
  conceived_plant_lore    17
  wood_cut                17
  abandoned_no_fruit      16
  starving_fed_remembered 16
  starving_fed            15
  order_refused           15
  prototype_trial_passed  15
  project_backer_added    14
  conception              14
  breakthrough_discuss    14
  wound_days_untended     14
  discuss_nothing         14
  talked_nothing_came_of_it14
  order_haul_refused      14
  baby_picked_up          13
  child_watched           13
  spark_plant_lore_2      13
  would_spoil_meat        13
  proposed_hungry         13
  birth                   12
  animal_entered_by_edge  12
  sought_out_chief_ask    12
  animal_bit_person_wolf  12
  animal_blow_wolf        12
  observed_firemaking     11
  romp_alone              10
  animal_killed           10
  hunt_killed             10
  building_completed      9
  conceived_cordage       9
  prey_killed_by_bear     9
  belief_seen_yield_forage9
  sought_out_chief_feed   9
  marriage                8
  founding_households     8
  event_teach             8
  site_abandoned          8
  hunt_ended_baby_crying  8
  child_taught            7
  hunt_missed             7
  relocation_scarcity_days7
  fled                    7
  ask_taught              6
  event_praise            6
  praise_told             6
  belief_seen_yield_pick  6
  woke_away_from_family   6
  prey_killed_by_lynx     6
  talked_away_from_family 6
  picked_hazelnut         6
  ate_hazelnut            6
  eaten_hazelnut          6
  ate_at_source           6
  animal_bit_person_at_night6
  prototype_failed        6
  harvest_clay            6
  ate_toxic_wise          6
  rest_ended_away_from_family5
  spark_cordage_1         5
  band_planned_windbreak  5
  band_planned_mud_hut    5
  animal_bit_person_lynx  5
  animal_blow_lynx        5
  practised_plant_lore    5
  taught_plant_lore       5
  interrupted_spar_baby_crying5
  meadow_poor_share_sum   4.353879887927887
  taught_firemaking       4
  child_taught_by_parent  4
  teaching_failed         4
  chief_chosen            4
  completed_storage_pit   4
  completed_windbreak     4
  poisoned_meat           4
  band_planned_storage_pit4
  herd_entered_by_edge    4
  spark_plant_lore_0      4
  talked_thirsty          4
  animal_born             4
  belief_seen_yield_fish  3
  work_ended_thirsty      3
  abandoned_store_full    3
  abandoned_already_built 3
  tree_felled             3
  conceived_cooking       3
  proven_plant_lore       3
  discovered_plant_lore   3
  observed_plant_lore     3
  conceived_ochre         3
  spark_ochre_0           3
  water_exploration_offered_adult2
  animal_blow_boar        2
  hunter_turned_on_by_boar2
  work_ended_away_from_family2
  interrupted_spar_thirsty2
  belief_seen_yield_hunt  2
  spark_cordage_0         2
  spark_cordage_2         2
  reasoned_out_plant_lore 2
  conceived_storytelling  2
  conceived_division_of_labour2
  spark_cooking_1         2
  hungry_at_work_pick     2
  pushed_on_hunger_pick   2
  hungry_at_work_forage   2
  pushed_on_hunger_forage 2
  order_build_obeyed      2
  ask_taught_nothing      1
  asked_learned_nothing   1
  era_advanced            1
  abandoned_quarry_gone   1
  animal_bit_person_bear  1
  animal_blow_bear        1
  hunt_ended_hands_full   1
  spark_cooking_0         1
  hearth_taught           1
  interrupted_ask_away_from_family1
  spark_storytelling_0    1
  bring_food_baby_crying  1
  spark_division_of_labour_11
  spark_division_of_labour_01
  completed_mud_hut       1
  woke_thirsty            1
  spark_storytelling_2    1
  animal_starved          1
  animal_starved_out      1
  refined_plant_lore      1
  interrupted_ask_baby_crying1
  order_build_refused     1
  would_spoil_plum        0
  would_spoil_pear        0
  would_spoil_apple       0
  mood_comfort_sum        -432.4894318663721
  mood_security_sum       -4684.223860167481
  mood_purpose_sum        -24920.689317784367

ACTIONS (summed over samples)
  idle                    90327
  forage                  64054
  rest                    39685
  talk                    34886
  sleep                   33085
  go_home                 22083
  drink                   18150
  ponder                  16851
  romp                    13772
  spar                    12882
  gather                  12035
  store                   7099
  pick                    6713
  nurse                   5941
  discuss                 5659
  chop                    5242
  give                    4275
  take                    3976
  haul                    3825
  build                   3221
  propose                 2972
  hunt                    2727
  reflect                 2460
  teach                   1491
  eat                     1114
  ask                     1027
  wander                  731
  pickup                  664
  flee                    436
  bring_food              281
  praise                  168
  explore                 15
  carry_baby              5

KNOWLEDGE
  era: Middle Palaeolithic  ·  2 things known to somebody  ·  19 can make fire
  1 advances, 0 relapses

BANDS
  2 chiefs  ·  0 outcast  ·  0 exiled  ·  73 orders obeyed, 15 refused

BUILDINGS
  9 of 12 finished  ·  306 items in store

RELATIONSHIPS
  429 edges across 36 people  ·  429 warm  ·  0 hostile
  Ithul band            theft tolerance 1.48   murder 0.86
  Ithul band            theft tolerance 0.64   murder 0.71

TERRAIN
  water=5067  beach=1440  grass=4689  forest=3520  hills=1437  rock=231

TRAVEL
  25707 routes found  ·  11.2 mean / 859 worst expansions  ·  1855.5 searches per 1,000 ticks
  route_arrived=547  walk_blocked=0  abandoned_cannot_reach=0
  everything that walks: step_blocked=5635  ·  axis_null=0  ·  slides=3404
  people only: 80 stuck of 138277 walk ticks (0.6 per 1,000)  ·  denied: cooldown=39864 budget=0
  recoveries=0 (0 found a route)

CHECKS
  PASS  regions-stay-true       10 independently recomputed landmasses; 0 incorrectly labelled tiles and 0 incorrect region sizes
  PASS  hands-limit-loads       0 post-transfer states remained above the hands and fitted-container limit; 419 collection attempts hit a hand limit
  n/a   containers-carry-more   run the porters scenario to compare fitted containers with bare hands
  PASS  people-act-on-what-they-know11421/11421 forage, pick, drink, hunt and chop targets visible or remembered
  n/a   word-of-food-travels    measured in food-news, where the rumour supplies the only food
  PASS  stale-memories-cost     1410 trips reached a remembered resource that was exhausted
  PASS  the-map-grows           6.7% → 9.1% mean explored (must grow and remain below 99%)
  n/a   kin-are-defended        0 attacks on children with adult witnesses (need 10)
  n/a   the-young-run-to-their-own0 attacked children fled (need 10)
  FAIL  cravings-steer-the-diet 9.0% rich-protein meals while craving vs 44.4% while calm (need 1.3x)
  PASS  nights-are-slept        55.7% of 3914 adult samples in full night sleeping or resting (need 55%)
  PASS  nights-are-spent-at-home88.6% of 3914 adult night samples within 15 tiles of an anchor (need 70%)
  FAIL  moods-move-choices      7.7% talk in low-belonging tercile vs 10.1% in high (4233 samples each; low must be higher)
  PASS  children-keep-close     94.9% of 3658 child samples within radius + 3 of either living parent (need 75%; designated carer=90.9%; top actions: go_home=724, romp=676, sleep=578, talk=444, forage=386)
  PASS  no-nan                  worst sample had 0 non-finite fields
  PASS  people-in-bounds        worst sample had 0 people outside a 128x128 world
  PASS  people-on-land          worst sample had 0 people standing in water or on rock
  PASS  people-survive          36/24 alive at step 14000 (need 17 over 58 days)
  PASS  deaths-explained        nobody died
  PASS  nobody-stalls-under-orders0 people stalled under order for a full day; 0 gave up walking, 0 of those under order
  PASS  walkers-do-not-grind    80 of 138,277 walking ticks made no real progress (0.6 per 1,000; wanted under 5)
  PASS  paths-are-found         200 pairs sampled on the largest region, every one found — mean 639.3 / worst 3978 expansions; 0 gave up mid-play
  PASS  nobody-walled-in        36 checked; 0 cut off from water, 0 cut off from food in their own region
  PASS  people-drink            drink=4331
  PASS  drinking-is-paced       671 drinks finished over 1735 person-days (0.39 each per day; wanted some, and fewer than 4)
  PASS  food-work-continues     4 ticks of food-gathering continued through hunger that would otherwise have stopped it (690 hunting)
  PASS  people-harvest          berries=1072 meat=129 wood=0 flint=17
  PASS  people-eat              eat=1769
  PASS  ai-uses-many-actions    33 distinct actions observed: idle=90327 forage=64054 rest=39685 talk=34886 sleep=33085 go_home=22083 drink=18150 ponder=16851 romp=13772 spar=12882 gather=12035 store=7099 pick=6713 nurse=5941 discuss=5659 chop=5242 give=4275 take=3976 haul=3825 build=3221 propose=2972 hunt=2727 reflect=2460 teach=1491 eat=1114 ask=1027 wander=731 pickup=664 flee=436 bring_food=281 praise=168 explore=15 carry_baby=5
  PASS  needs-not-pinned        final avgHunger=23.3 avgThirst=13.3 avgCold=0.0 avgCompany=22.2
  PASS  health-holds-up         final avgHealth=97.9 (floor is 60)
  PASS  events-witnessed        deeds=134 witnessed=1255 unwitnessed=0
  PASS  people-talk             conversations=301
  PASS  gossip-is-aimed         0 slanders and 6 praises over 301 conversations
  PASS  rumor-propagates        stories passed on=275
  n/a   opinions-diverge        measured after a witnessed assault in conflicts. 429 relationships across 36 people: 429 warm, 0 hostile
  PASS  materials-delivered     delivered=184 sites=12 finished=9
  PASS  building-starts-small   11 projects measured; 0 exceeded sponsor + backers + ordered workers
  PASS  projects-find-backers   9/9 completed AI-planned projects had a backer (need 70%)
  n/a   shelter-answers-cold    never got cold (peak avgCold 3.0)
  PASS  work-runs-in-stretches  node_empty=776 hands_full=742 baby_crying=115 tree_bare=32 away_from_family=2 thirsty=3
  PASS  foraging-bites          most bushes stripped at once: 313; wild food went from 1654 to 2172
  n/a   generations-turn-over   run covers only 58 days; too short to say
  PASS  forest-is-used          3 trees felled, 17 timber cut, 206 fruit picked
  PASS  fruit-comes-and-goes-with-the-seasonworst sample had 0 fruit hanging out of season; most windfall seen at once was 6818 across 4 seasons
  PASS  forest-persists         stand went from 1050 to 991 (803 grown, 86 seedlings); 66 seeded, 122 died of age
  PASS  bands-have-chiefs       2 chiefs for 36 people; 4 changes of leadership
  PASS  bands-decide-to-build   14 sites marked out by bands themselves (player placed none)
  n/a   camps-move-when-the-land-failsmeasured in the lean survival scenario
  n/a   jobs-bias-work          too few ticks with a job assigned to compare (0 held, 0 not)
  n/a   rebellion-is-rare-but-happensrun covers only 58 days; too short for rebellion to be expected or ruled out
  n/a   raids-are-organised     no chief in this world ever stood badly enough with a neighbour to weigh one
  n/a   knowledge-is-found      run covers under a year; too short to work anything out
  PASS  knowledge-is-passed-on  9 taught deliberately, 14 picked up by watching; 4 lessons that did not take
  PASS  children-are-taught     7 of 9 lessons went to a child, 4 of those from a parent
  PASS  ideas-are-conceived     36 ideas conceived (0.83 per person-year; wanted some, and fewer than 3)
  PASS  sparks-are-various      12 routes into 6 technologies: cordage plant_lore cooking storytelling division_of_labour ochre
  n/a   ideas-become-tech       run covers under a year; 36 conceived, too soon to prove any
  n/a   the-tree-is-climbed     run covers under a year; too soon to get past the root technologies
  PASS  research-is-social      49 breakthroughs alone, 14 by arguing it out
  PASS  trials-accumulate       15 trials went well across 3 designs proven, 6 went badly
  n/a   techs-are-refined       run covers under a year; too short to improve a design
  n/a   records-are-cut         nobody in this world can write
  n/a   crafting-is-interruptibletoo few crafting attempts to tell (0 made, 0 interrupted)
  n/a   food-spoils             spoilage is switched off in this scenario
  n/a   stores-keep-food-better-than-packsspoilage is switched off in this scenario
  n/a   pictures-are-painted    nobody here knows how to burn earth red
  n/a   music-answers-lonelinessnobody here can make a flute
  n/a   beer-answers-loneliness nobody here knows how to brew
  n/a   the-temple-gathers      no band had a chief with redistribution and a granary
  n/a   the-ledger-remembers    no temple kept by a chief who keeps accounts
  n/a   taxes-reach-the-temple  no temple kept by a chief who knows how to tax
  n/a   the-law-is-the-same-for-allno chief who judges by the law heard a case of their own people
  n/a   soldiers-are-kept       no temple kept by a chief who knows a standing army
  n/a   kings-reign-for-life    nobody here knows kingship
  n/a   civilisation-is-derived no band holds the six things a civilisation is
  n/a   governments-declare-war-and-peaceno government declared anything in this run
  n/a   the-beaten-pay-tribute  no people submitted to another in this run
  n/a   serfs-are-owned         no governed people took an adult captive in this run
  n/a   feasts-gather-the-band  nobody here knows how to brew
  n/a   the-hurt-are-tended     nobody here knows a herb from a weed
  n/a   wounds-fester-untended  14 untended and 0 dressed wound-days; too few to compare (need 60 of each)
  PASS  raw-meat-sickens        51 illnesses after 457 raw meals; none after anything cooked
  FAIL  the-wise-avoid-baneberries141 baneberry meals by people without plant lore (83 fell ill), 6 by people who had it
  n/a   animals-are-tamed       nobody here would think of feeding one
  n/a   heads-direct-work       nobody here has the idea of a band with a shape
  n/a   kills-are-butchered-for-bonenobody alive knows what to do with a carcass
  n/a   crafts-happen-at-stations5 station designs exist and no band finished one in this run
  n/a   the-hearth-warms        nobody was cold within range of a finished hearth
  n/a   roast-wins              nobody alive knows cooking
  n/a   cooking-spreads         scenario did not found anyone knowing cooking
  n/a   pots-reach-a-granary    nobody alive knows how to fire clay
  PASS  discovery-is-situated   every one of 36 ideas came by a named route; 0 of them into the technologies cold suggests
  PASS  population-bounded      peak population 36
  PASS  spatial-hash-spreads    largest bucket holds 11 of 36 items across 7 cells
  PASS  animals-move            mean drift 22.1 tiles/day (floor is 2)
  PASS  animals-flee            579 bolts opened the distance, 356 did not
  PASS  hunts-succeed-and-fail  10 kills, 7 misses, 0 outrun
  PASS  people-eat-meat         129 meat taken; 1769 meals eaten
  PASS  fish-are-caught         379 fish taken; 1769 meals eaten
  n/a   bands-set-traps         nobody in this world knows how to set a trap
  n/a   fields-are-sown-and-reapednobody in this world knows how to farm
  n/a   soil-is-drawn-down      no harvest was taken off any ground in this run
  n/a   compost-answers-exhaustionnobody in this world knows how to compost
  n/a   traps-catch             no trap was finished in this run
  n/a   herds-breed-and-are-cullednobody in this world knows how to keep a pen
  n/a   wells-are-drawn-from    nobody in this world knows how to sink a well
  n/a   milk-is-drawn-and-drunk no milk was ever bred in this run
  n/a   wool-is-sheared-and-wovenno wool was ever bred in this run
  PASS  bands-dont-overbuild    band0=4 band1=5; 0 over the ceiling, 0 holding empty stores
  PASS  families-exist          8 households of more than one; 35 people with family
  n/a   sleep-restores          nobody had a roof to sleep under in this run
  n/a   kin-outrank-strangers   not all three kinds of tie have 10+ pairs here: household=69.9 band=19.2 outsider=n/a outsider-unrelated=n/a · band-pairs=0 friendliest=0.0 hostile=0.0
  n/a   bands-take-sides        no two bands have touched each other in this run
  n/a   violence-concentrates   only 0 blows between peoples here; too few to say where they land
  n/a   peoples-drift-apart     0 incidents between peoples; too few to split the run around
  n/a   peace-within-bands      only 0 blows here; too few to say where they land
  n/a   children-are-not-struck only 0 blows here; too few to say
  n/a   the-struck-respond      only 0 second blows here; too few to say
  n/a   wrongs-reach-the-chief  only 0 debts run up; too few to say
  n/a   upbringing-follows-culturefewer than two peoples saw 15 wrongs by their children abroad, with regard for strangers 0.15 apart
  n/a   the-watched-intervene   only 0 property deeds were seen by their owners; too few to say
  n/a   captives-are-taken      only 0 blows between peoples; no quarrel long enough
  n/a   bodies-are-found        only 0 deaths here; too few to say
  n/a   murders-are-solved      only 0 killings here; too few to say
  PASS  world-has-land          grass=4689 forest=3520 water=5067
  n/a   perf-budget             640 steps/s with 36 people at the peak (floor 1,479); judged only when a scenario runs alone
  PASS  herds-follow-the-grass  2,339 grazer samples, 21% of them on poor grass, against 6% of the meadow and the wood being poor
  PASS  predators-hunt          51 grazers pulled down (36 by wolves, 9 by bears, 6 by lynxes); 18 people bitten
  PASS  fire-keeps-wolves-off   0 of 10437 hunter samples inside a circle of firelight, where chance alone would put 277.3 (95 turned back)
  n/a   a-hunted-out-land-stays-emptythis land was not hunted out
  PASS  slopes-slow             137,695 uphill steps cover 90.9% of the distance asked, 111,281 downhill 103.3%, 19,544 flat 100%
  n/a   hills-see-farther       0 sightings of strangers in this run; too few to say

==============================================================================
3/133 CHECKS FAILED: cravings-steer-the-diet, moods-move-choices, the-wise-avoid-baneberries


WORLD HEALTH REPORT  -  scenario "emptied"  seed "emptied"
==============================================================================
9600 steps in 4336ms  (2,214 steps/s)

POPULATION OVER TIME
  step    day   alive  hunger  thirst  tired   cold   lonely  health  food   bare  store  trees  grown  fruit  kids  wed  age   oob  
  0       5     9      0.0     0.0     0.0     0.0    0.0     100.0   1449   196   0      1016   902    0      2     6    19    0    
  960     9     9      20.3    8.1     3.5     0.0    19.4    100.0   1867   197   0      914    769    0      2     6    19    0    
  1920    13    9      15.6    13.4    2.1     0.0    32.8    100.0   1888   118   0      913    768    404    2     6    19    0    
  2880    17    9      24.9    20.3    3.0     0.0    17.4    99.8    2749   121   44     913    769    738    2     6    19    0    
  3840    21    11     21.7    23.3    5.4     0.0    39.7    99.8    1806   156   81     912    768    1076   4     6    16    0    
  4800    25    11     22.5    12.1    6.7     0.3    19.1    99.7    2443   158   120    911    768    1684   4     6    16    0    
  5760    29    12     16.5    8.4     3.0     11.1   26.9    99.7    2553   157   120    911    769    1942   5     6    15    0    
  6720    33    12     17.2    11.2    3.6     43.3   26.7    99.7    1447   277   120    911    771    0      5     6    15    0    
  7680    37    12     13.3    9.0     0.2     85.6   52.8    98.8    1407   282   120    910    770    0      5     6    15    0    
  8640    41    12     17.6    14.4    0.3     100.0  75.0    90.6    791    290   120    909    769    0      5     6    15    0    
  9600    45    12     17.3    7.6     1.3     100.0  75.0    82.9    1232   197   120    917    769    0      5     6    15    0    

EVENTS
  malnutrition_samples    102960
  path_expanded           72694
  remembered_node_candidate44318
  place_memory_age_sum_band_040500.866538392154
  walk_tick               27723
  nursing_hunger_relief   27300
  nursing_thirst_relief   27300
  cold_damage_ticks       25925
  malnutrition_sum        19719.484219655486
  step_slope_up           19499
  walk_arrived            19221
  step_slope_up_ratio     17736.216279592605
  step_slope_down_ratio   16337.297307126959
  step_slope_down         15825
  rest                    14842
  food_accessible_at_think13497
  water_memory_candidate  13200
  water_visible_candidate 12147
  place_memory_samples_band_09885
  yield_obs_yield_forage_sum7369.4122458880975
  diet_nutrition_total    7335
  yield_obs_yield_fish_sum7184.03620962671
  path_denied_cooldown    6547
  poison_ticks            5658
  path_found              5070
  sleeping_open           4126
  craving_protein_search  3977
  relocation_food_nodes   3440
  diet_nutrition_protein  3402
  craving_protein_reachable3289
  step_slope_flat_ratio   2740.8921495712543
  step_slope_flat         2737
  action_target_knowledge_checked2626
  action_target_knowledge_known2626
  relocation_food_depleted1945
  mood_belonging_sum      1821.381326597684
  action_target_knowledge_visible_forage1375
  romp_cold               1309
  work_ended_cold         1270
  drink                   1231
  remembered_node_target  1108
  place_exploration_fraction_band_0969.029296875
  fruit_thirst_relief     931.1241279294717
  action_target_knowledge_visible_chop900
  elite_larder_preferred  875
  mood_security_sum       750.6545419534524
  belief_seen_eat_fish    628
  shared_resource_depletion_seen612
  cold_damage_sum         562.3634123471784
  belief_seen_eat_berries 474
  eat                     458
  craving_protein_outside_reach452
  yield_obs_yield_pick_sum447.692709866985
  mood_samples            429
  macro_samples           429
  macro_exertion_sum      407.10682072972054
  food_blocked_by_reach_at_think396
  food_reach_fallback_at_think396
  witnessed               374
  craving_protein_masked_by_reachable_food327
  craving_protein_override_selected327
  eat_calm_protein        292
  nursing_sessions        273
  hydrating_food_candidate268
  grazer_samples          267
  work_ended_hands_full   259
  harvest_berries         237
  craving_protein_absent  236
  macro_carb_sum          209.81101809562787
  drink_finished          201
  worked_alongside        191
  ate_fish                189
  eaten_fish              189
  risky_meals_fish        189
  action_target_knowledge_visible_drink187
  ate_berries             182
  eaten_berries           182
  yield_obs_yield_forage_n174
  harvest_fish            172
  interrupted_give_cold   162
  yield_obs_yield_fish_n  156
  would_spoil_fish        152
  eat_calm_protein_rich   149
  eat_craving_protein     144
  action_target_knowledge_visible_pick139
  hand_capacity_blocked   137
  tree_died_old           136
  stored                  127
  work_ended_node_empty   125
  macro_protein_sum       121.45095735918552
  belief_seen_sick        114
  cry_interrupted         112
  belief_told             107
  spoilage_prevented      106
  would_spoil_berries     103
  food_stored_own         102
  macro_fat_sum           97.73802454518754
  route_arrived           93
  stale_memory_resource_empty93
  abandoned_remembered_wrong93
  materials_delivered     87
  haul_units_band_0       87
  talked_cold             87
  belief_seen_eat_pear    81
  water_place_told        79
  belief_seen_eat_toxic_berries73
  event_share_food        68
  gift_given              68
  rumor_spread            61
  yield_obs_yield_pick_n  60
  would_spoil_toxic_berries60
  order_obeyed            59
  order_haul_obeyed       59
  conversation            53
  abandoned_nothing_to_haul50
  picked_pear             48
  hungry_at_work_rest     48
  romp_alone              45
  romp_together           44
  tree_seeded             40
  picked_up               40
  pickup_ordered          40
  npc_pickup              40
  ate_pear                39
  eaten_pear              39
  pushed_on_cold_propose  39
  dropped                 38
  settled_over_work       36
  work_ended_baby_crying  36
  grazer_samples_on_poor  36
  rest_ended_baby_crying  35
  wood_cut                34
  sparred                 33
  harvest_sticks          33
  haul_trip_band_0        33
  meadow_poor_share_samples33
  action_target_from_memory_gather_for_site32
  eat_craving_protein_rich32
  belief_seen_eat_apple   31
  belief_seen_eat_hazelnut31
  step_blocked            29
  raid_for_need_nowhere   27
  sought_out_chief_talk   27
  conversation_chat       27
  food_absent_in_search_at_think27
  would_spoil_plum        26
  romp_away_from_family   25
  action_target_from_memory_forage25
  poisoned_fish           24
  water_exploration_no_frontier24
  ate_toxic_berries       23
  eaten_toxic_berries     23
  ate_toxic_unwise        23
  risky_meals_toxic_berries23
  poisoning_passed        22
  harvest_reeds           21
  hungry_at_work_romp     21
  romp_hungry             21
  reflected               21
  belief_seen_eat_plum    21
  talked_baby_crying      19
  picked_plum             17
  sought_out_chief_spar   15
  poison_grade_moderate   15
  interrupted_give_baby_crying15
  picked_hazelnut         15
  ate_hazelnut            15
  eaten_hazelnut          15
  action_target_knowledge_remembered_drink14
  poisoned_toxic_berries  14
  food_place_told         13
  carry_overflow_dropped  13
  poison_grade_severe     13
  hungry_at_work_talk     12
  conversation_interests  11
  order_refused           11
  order_haul_refused      11
  action_target_knowledge_remembered_forage11
  poison_grade_mild       10
  animal_entered_by_edge  10
  sought_out_chief_give   9
  woke_away_from_family   9
  relocation_scarcity_days9
  rest_ended_hungry       9
  conversation_deep       8
  step_slide              8
  interrupted_spar_cold   8
  hungry_at_work_sleep    7
  woke_hungry             7
  conversation_greet      7
  ponder_nothing          7
  thought_nothing_came_of_it7
  withdrawn               7
  pushed_on_cold_gather   7
  hurt_person_days        7
  work_ended_tree_bare    6
  picked_apple            6
  ate_apple               6
  eaten_apple             6
  site_placed             5
  project_backer_added    5
  sought_out_chief_propose5
  abandoned_no_food       5
  rest_ended_away_from_family5
  breakthrough_ponder     5
  woke_baby_crying        4
  hungry_at_work_forage   4
  pushed_on_hunger_forage 4
  conception              4
  harvest_flint           4
  ate_plum                4
  eaten_plum              4
  hungry_at_work_nurse    4
  marriage                3
  founding_households     3
  interrupted_spar_baby_crying3
  tree_felled             3
  herd_entered_by_edge    3
  birth                   3
  baby_picked_up          3
  water_exploration_offered3
  water_exploration_offered_child3
  conceived_plant_lore    3
  harvest_clay            3
  rest_ended_thirsty      2
  woke_thirsty            2
  interrupted_give_thirsty2
  site_abandoned          2
  band_planned_mud_hut    2
  spark_plant_lore_2      2
  discuss_nothing         2
  talked_nothing_came_of_it2
  animal_born             2
  chief_chosen            1
  building_completed      1
  completed_storage_pit   1
  abandoned_no_fruit      1
  starving_fed            1
  starving_fed_remembered 1
  conceived_division_of_labour1
  spark_division_of_labour_01
  romp_thirsty            1
  abandoned_tree_gone     1
  spark_plant_lore_1      1
  belief_seen_yield_pick  1
  remembered_empty_walk   1
  breakthrough_discuss    1
  event_praise            1
  praise_told             1
  conceived_storytelling  1
  spark_storytelling_1    1
  conceived_tracking      1
  spark_tracking_0        1
  conceived_cordage       1
  spark_cordage_1         1
  belief_seen_yield_fish  1
  practised_plant_lore    1
  meadow_poor_share_sum   0.4913453503640922
  would_spoil_pear        0
  would_spoil_apple       0
  mood_comfort_sum        -497.6911427773984
  mood_purpose_sum        -5164.599961349069

ACTIONS (summed over samples)
  idle                    21131
  rest                    14842
  forage                  14764
  romp                    6991
  go_home                 6372
  drink                   4552
  chop                    4366
  sleep                   4126
  talk                    3647
  gather                  3520
  ponder                  3109
  give                    2652
  haul                    2561
  spar                    2538
  pick                    2183
  store                   1773
  nurse                   1377
  reflect                 428
  build                   425
  wander                  365
  discuss                 361
  propose                 263
  pickup                  240
  eat                     238
  take                    125
  praise                  14

KNOWLEDGE
  era: Lower Palaeolithic  ·  0 things known to somebody  ·  0 can make fire

BANDS
  1 chiefs  ·  0 outcast  ·  0 exiled  ·  59 orders obeyed, 11 refused

BUILDINGS
  1 of 3 finished  ·  120 items in store

RELATIONSHIPS
  99 edges across 12 people  ·  99 warm  ·  0 hostile
  Sulor band            theft tolerance 0.54   murder 0.92

TERRAIN
  water=5458  beach=1494  grass=4717  forest=3660  hills=934  rock=121

TRAVEL
  5070 routes found  ·  14.3 mean / 145 worst expansions  ·  528.1 searches per 1,000 ticks
  route_arrived=93  walk_blocked=0  abandoned_cannot_reach=0
  everything that walks: step_blocked=29  ·  axis_null=0  ·  slides=8
  people only: 0 stuck of 27723 walk ticks (0.0 per 1,000)  ·  denied: cooldown=6547 budget=0
  recoveries=0 (0 found a route)

CHECKS
  PASS  regions-stay-true       17 independently recomputed landmasses; 0 incorrectly labelled tiles and 0 incorrect region sizes
  PASS  hands-limit-loads       0 post-transfer states remained above the hands and fitted-container limit; 137 collection attempts hit a hand limit
  n/a   containers-carry-more   run the porters scenario to compare fitted containers with bare hands
  PASS  people-act-on-what-they-know2626/2626 forage, pick, drink, hunt and chop targets visible or remembered
  n/a   word-of-food-travels    measured in food-news, where the rumour supplies the only food
  PASS  stale-memories-cost     93 trips reached a remembered resource that was exhausted
  PASS  the-map-grows           7.6% → 8.8% mean explored (must grow and remain below 99%)
  n/a   kin-are-defended        0 attacks on children with adult witnesses (need 10)
  n/a   the-young-run-to-their-own0 attacked children fled (need 10)
  FAIL  cravings-steer-the-diet 22.2% rich-protein meals while craving vs 51.0% while calm (need 1.3x)
  PASS  nights-are-slept        58.8% of 1120 adult samples in full night sleeping or resting (need 55%)
  FAIL  nights-are-spent-at-home68.2% of 1120 adult night samples within 15 tiles of an anchor (need 70%)
  FAIL  moods-move-choices      3.0% talk in low-belonging tercile vs 3.8% in high (1120 samples each; low must be higher)
  PASS  children-keep-close     91.9% of 960 child samples within radius + 3 of either living parent (need 75%; designated carer=85.4%; top actions: romp=321, go_home=228, sleep=137, idle=101, drink=62)
  PASS  no-nan                  worst sample had 0 non-finite fields
  PASS  people-in-bounds        worst sample had 0 people outside a 128x128 world
  PASS  people-on-land          worst sample had 0 people standing in water or on rock
  PASS  people-survive          12/9 alive at step 9600 (need 7 over 40 days)
  PASS  deaths-explained        nobody died
  PASS  nobody-stalls-under-orders0 people stalled under order for a full day; 0 gave up walking, 0 of those under order
  PASS  walkers-do-not-grind    0 of 27,723 walking ticks made no real progress (0.0 per 1,000; wanted under 5)
  PASS  paths-are-found         200 pairs sampled on the largest region, every one found — mean 606.8 / worst 2861 expansions; 0 gave up mid-play
  PASS  nobody-walled-in        12 checked; 0 cut off from water, 0 cut off from food in their own region
  PASS  people-drink            drink=1231
  PASS  drinking-is-paced       201 drinks finished over 429 person-days (0.47 each per day; wanted some, and fewer than 4)
  PASS  food-work-continues     4 ticks of food-gathering continued through hunger that would otherwise have stopped it (0 hunting)
  PASS  people-harvest          berries=237 meat=0 wood=0 flint=4
  PASS  people-eat              eat=458
  PASS  ai-uses-many-actions    26 distinct actions observed: idle=21131 rest=14842 forage=14764 romp=6991 go_home=6372 drink=4552 chop=4366 sleep=4126 talk=3647 gather=3520 ponder=3109 give=2652 haul=2561 spar=2538 pick=2183 store=1773 nurse=1377 reflect=428 build=425 wander=365 discuss=361 propose=263 pickup=240 eat=238 take=125 praise=14
  FAIL  needs-not-pinned        final avgHunger=17.3 avgThirst=7.6 avgCold=100.0 avgCompany=75.0
  PASS  health-holds-up         final avgHealth=82.9 (floor is 60)
  PASS  events-witnessed        deeds=69 witnessed=374 unwitnessed=0
  PASS  people-talk             conversations=53
  PASS  gossip-is-aimed         0 slanders and 1 praises over 53 conversations
  PASS  rumor-propagates        stories passed on=61
  n/a   opinions-diverge        measured after a witnessed assault in conflicts. 99 relationships across 12 people: 99 warm, 0 hostile
  PASS  materials-delivered     delivered=87 sites=3 finished=1
  PASS  building-starts-small   3 projects measured; 0 exceeded sponsor + backers + ordered workers
  PASS  projects-find-backers   1/1 completed AI-planned projects had a backer (need 70%)
  FAIL  shelter-answers-cold    ticks spent sheltering=0 final avgCold=100.0
  PASS  work-runs-in-stretches  node_empty=125 hands_full=259 baby_crying=36 tree_bare=6 cold=1270
  PASS  foraging-bites          most bushes stripped at once: 290; wild food went from 1449 to 1232
  n/a   generations-turn-over   run covers only 40 days; too short to say
  PASS  forest-is-used          3 trees felled, 34 timber cut, 126 fruit picked
  PASS  fruit-comes-and-goes-with-the-seasonworst sample had 0 fruit hanging out of season; most windfall seen at once was 7398 across 4 seasons
  PASS  forest-persists         stand went from 1016 to 917 (769 grown, 57 seedlings); 40 seeded, 136 died of age
  PASS  bands-have-chiefs       1 chiefs for 12 people; 1 changes of leadership
  PASS  bands-decide-to-build   2 sites marked out by bands themselves (player placed none)
  n/a   camps-move-when-the-land-failsmeasured in the lean survival scenario
  n/a   jobs-bias-work          too few ticks with a job assigned to compare (0 held, 0 not)
  n/a   rebellion-is-rare-but-happensrun covers only 40 days; too short for rebellion to be expected or ruled out
  n/a   raids-are-organised     no chief in this world ever stood badly enough with a neighbour to weigh one
  n/a   knowledge-is-found      run covers under a year; too short to work anything out
  n/a   knowledge-is-passed-on  nobody knew anything worth passing on
  n/a   children-are-taught     nobody knew anything worth passing on
  PASS  ideas-are-conceived     7 ideas conceived (0.65 per person-year; wanted some, and fewer than 3)
  PASS  sparks-are-various      6 routes into 5 technologies: division_of_labour plant_lore storytelling tracking cordage
  n/a   ideas-become-tech       run covers under a year; 7 conceived, too soon to prove any
  n/a   the-tree-is-climbed     run covers under a year; too soon to get past the root technologies
  PASS  research-is-social      5 breakthroughs alone, 1 by arguing it out
  n/a   trials-accumulate       nothing was proven, so nothing was tried more than once
  n/a   techs-are-refined       nothing was proven, so nothing could be improved
  n/a   records-are-cut         nobody in this world can write
  n/a   crafting-is-interruptibletoo few crafting attempts to tell (0 made, 0 interrupted)
  n/a   food-spoils             spoilage is switched off in this scenario
  n/a   stores-keep-food-better-than-packsspoilage is switched off in this scenario
  n/a   pictures-are-painted    nobody here knows how to burn earth red
  n/a   music-answers-lonelinessnobody here can make a flute
  n/a   beer-answers-loneliness nobody here knows how to brew
  n/a   the-temple-gathers      no band had a chief with redistribution and a granary
  n/a   the-ledger-remembers    no temple kept by a chief who keeps accounts
  n/a   taxes-reach-the-temple  no temple kept by a chief who knows how to tax
  n/a   the-law-is-the-same-for-allno chief who judges by the law heard a case of their own people
  n/a   soldiers-are-kept       no temple kept by a chief who knows a standing army
  n/a   kings-reign-for-life    nobody here knows kingship
  n/a   civilisation-is-derived no band holds the six things a civilisation is
  n/a   governments-declare-war-and-peaceno government declared anything in this run
  n/a   the-beaten-pay-tribute  no people submitted to another in this run
  n/a   serfs-are-owned         no governed people took an adult captive in this run
  n/a   feasts-gather-the-band  nobody here knows how to brew
  n/a   the-hurt-are-tended     nobody here knows a herb from a weed
  n/a   wounds-fester-untended  0 untended and 0 dressed wound-days; too few to compare (need 60 of each)
  PASS  raw-meat-sickens        24 illnesses after 189 raw meals; none after anything cooked
  PASS  the-wise-avoid-baneberries23 baneberry meals by people without plant lore (14 fell ill), 0 by people who had it
  n/a   animals-are-tamed       nobody here would think of feeding one
  n/a   heads-direct-work       nobody here has the idea of a band with a shape
  n/a   kills-are-butchered-for-bonenobody alive knows what to do with a carcass
  n/a   crafts-happen-at-stations5 station designs exist and no band finished one in this run
  n/a   the-hearth-warms        nobody was cold within range of a finished hearth
  n/a   roast-wins              nobody alive knows cooking
  n/a   cooking-spreads         scenario did not found anyone knowing cooking
  n/a   pots-reach-a-granary    nobody alive knows how to fire clay
  PASS  discovery-is-situated   every one of 7 ideas came by a named route; 0 of them into the technologies cold suggests
  PASS  population-bounded      peak population 12
  PASS  spatial-hash-spreads    largest bucket holds 4 of 12 items across 6 cells
  PASS  animals-move            mean drift 5.1 tiles/day (floor is 2)
  n/a   animals-flee            no animal was ever spooked in this run
  n/a   hunts-succeed-and-fail  too few strikes to tell (0 kills, 0 misses)
  n/a   people-eat-meat         no meat entered the world in this run
  PASS  fish-are-caught         172 fish taken; 458 meals eaten
  n/a   bands-set-traps         nobody in this world knows how to set a trap
  n/a   fields-are-sown-and-reapednobody in this world knows how to farm
  n/a   soil-is-drawn-down      no harvest was taken off any ground in this run
  n/a   compost-answers-exhaustionnobody in this world knows how to compost
  n/a   traps-catch             no trap was finished in this run
  n/a   herds-breed-and-are-cullednobody in this world knows how to keep a pen
  n/a   wells-are-drawn-from    nobody in this world knows how to sink a well
  n/a   milk-is-drawn-and-drunk no milk was ever bred in this run
  n/a   wool-is-sheared-and-wovenno wool was ever bred in this run
  PASS  bands-dont-overbuild    band0=1; 0 over the ceiling, 0 holding empty stores
  PASS  families-exist          3 households of more than one; 12 people with family
  n/a   sleep-restores          nobody had a roof to sleep under in this run
  n/a   kin-outrank-strangers   not all three kinds of tie have 10+ pairs here: household=69.2 band=14.4 outsider=n/a outsider-unrelated=n/a · band-pairs=0 friendliest=0.0 hostile=0.0
  n/a   bands-take-sides        no two bands have touched each other in this run
  n/a   violence-concentrates   only 0 blows between peoples here; too few to say where they land
  n/a   peoples-drift-apart     0 incidents between peoples; too few to split the run around
  n/a   peace-within-bands      only 0 blows here; too few to say where they land
  n/a   children-are-not-struck only 0 blows here; too few to say
  n/a   the-struck-respond      only 0 second blows here; too few to say
  n/a   wrongs-reach-the-chief  only 0 debts run up; too few to say
  n/a   upbringing-follows-culturefewer than two peoples saw 15 wrongs by their children abroad, with regard for strangers 0.15 apart
  n/a   the-watched-intervene   only 0 property deeds were seen by their owners; too few to say
  n/a   captives-are-taken      only 0 blows between peoples; no quarrel long enough
  n/a   bodies-are-found        only 0 deaths here; too few to say
  n/a   murders-are-solved      only 0 killings here; too few to say
  PASS  world-has-land          grass=4717 forest=3660 water=5458
  n/a   perf-budget             2,214 steps/s with 12 people at the peak (floor 3,425); judged only when a scenario runs alone
  PASS  herds-follow-the-grass  267 grazer samples, 13% of them on poor grass, against 1% of the meadow and the wood being poor
  n/a   predators-hunt          no hunter lived in this run
  n/a   fire-keeps-wolves-off   0 hunter samples with 0.0 expected inside a circle of firelight; too few to say
  PASS  a-hunted-out-land-stays-empty10 animals came in at the edge in a year, and the land holds 12 of the 76 it began with (16%)
  PASS  slopes-slow             19,499 uphill steps cover 91.0% of the distance asked, 15,825 downhill 103.2%, 2,737 flat 100%
  n/a   hills-see-farther       0 sightings of strangers in this run; too few to say

==============================================================================
5/133 CHECKS FAILED: cravings-steer-the-diet, nights-are-spent-at-home, moods-move-choices, needs-not-pinned, shelter-answers-cold


WORLD HEALTH REPORT  -  scenario "hearths"  seed "hearths"
==============================================================================
16000 steps in 28379ms  (564 steps/s)

POPULATION OVER TIME
  step    day   alive  hunger  thirst  tired   cold   lonely  health  food   bare  store  trees  grown  fruit  kids  wed  age   oob  
  0       5     26     0.0     0.0     0.0     0.0    0.0     100.0   1745   157   0      1050   916    0      7     18   22    0    
  1600    11    26     13.2    13.6    6.3     0.0    28.1    99.8    1426   147   0      973    816    226    7     18   22    0    
  3200    18    28     15.9    13.9    3.7     0.0    32.8    99.8    2570   150   151    969    812    837    9     18   20    0    
  4800    25    33     16.6    13.8    4.1     0.0    20.4    96.8    2233   180   192    967    811    1661   14    18   17    0    
  6400    31    35     17.2    8.7     5.9     0.0    16.9    95.6    1453   283   227    965    815    0      16    18   16    0    
  8000    38    35     28.5    14.4    5.5     3.6    20.5    92.4    1404   285   196    963    815    0      16    18   17    0    
  9600    45    32     34.8    15.0    11.7    0.1    23.1    92.4    1582   182   177    969    816    0      16    12   15    0    
  11200   51    30     23.4    14.8    16.3    0.0    39.1    92.6    1229   154   181    991    816    216    16    10   14    0    
  12800   58    31     42.0    22.9    9.0     0.0    41.3    85.1    2643   144   247    990    815    809    19    8    11    0    
  14400   65    27     17.6    13.5    6.9     0.0    24.0    96.6    2249   178   307    989    818    1668   15    8    13    0    
  16000   71    27     17.4    11.4    5.8     0.0    19.3    97.7    1447   282   371    989    819    0      15    8    13    0    

EVENTS
  malnutrition_samples    462742
  path_expanded           458539
  remembered_node_candidate198541
  step_slope_up           191452
  step_slope_up_ratio     174698.2813883127
  step_slope_down_ratio   162437.60551153644
  place_memory_age_sum_band_0159915.95917050348
  step_slope_down         157562
  walk_tick               151082
  nursing_hunger_relief   136500
  nursing_thirst_relief   136500
  place_memory_age_sum_band_1133925.57586894862
  malnutrition_sum        97603.51769676841
  water_memory_candidate  66084
  water_visible_candidate 65728
  food_accessible_at_think63963
  walk_arrived            62704
  path_denied_cooldown    39570
  craving_protein_search  36804
  rest                    36273
  path_found              30336
  yield_obs_yield_forage_sum28929.79922489753
  diet_nutrition_total    28117
  step_slope_flat_ratio   27565.767691127956
  step_slope_flat         27528
  remembered_node_target  26180
  place_memory_samples_band_124446
  place_memory_samples_band_021051
  sleeping                20035
  craving_protein_reachable15449
  action_target_knowledge_checked15371
  action_target_knowledge_known15370
  mood_belonging_sum      13534.685749081385
  craving_protein_absent  13316
  yield_obs_yield_fish_sum13282.637272452845
  sleeping_open           11953
  poison_ticks            10860
  action_target_knowledge_visible_forage9983
  diet_nutrition_protein  8280
  relocation_food_nodes   8118
  craving_protein_outside_reach8039
  craving_protein_masked_by_reachable_food7441
  craving_protein_override_selected7441
  elite_larder_preferred  7339
  belief_seen_eat_berries 5761
  shared_resource_depletion_seen5736
  grazer_samples          5301
  drink                   5109
  hungry_at_work_sleep    4816
  fruit_thirst_relief     4655.444523467051
  hungry_at_work_rest     4586
  relocation_food_depleted4550
  woke_hungry             4526
  rest_ended_hungry       4303
  hunter_samples          4000
  abandoned_hands_full    3683
  fever_ticks             2880
  belief_seen_eat_fish    2540
  food_blocked_by_reach_at_think2356
  food_reach_fallback_at_think2356
  witnessed               2349
  action_target_from_memory_forage2270
  place_exploration_fraction_band_02190.1142578125
  stale_memory_resource_empty2156
  abandoned_remembered_wrong2156
  food_absent_in_search_at_think2149
  yield_obs_yield_hunt_sum2130.242748934299
  mood_samples            1981
  macro_samples           1981
  step_blocked            1912
  place_exploration_fraction_band_11838.775390625
  macro_exertion_sum      1811.8504863500916
  eat                     1805
  hungry_at_work_teach    1726
  action_target_knowledge_visible_pick1646
  hungry_at_work_nurse    1574
  belief_seen_eat_pear    1548
  worked_alongside        1545
  grazer_samples_on_poor  1506
  nursing_sessions        1365
  remembered_empty_walk   1325
  hungry_at_work_romp     1239
  interrupted_teach_hungry1231
  macro_carb_sum          1219.5061025862808
  romp_hungry             1193
  action_target_knowledge_remembered_forage1181
  drink_finished          1162
  action_target_knowledge_visible_drink1160
  step_slide              1149
  yield_obs_yield_forage_n1144
  action_target_knowledge_visible_chop992
  hydrating_food_candidate976
  harvest_berries         968
  eat_craving_protein     945
  mood_comfort_sum        935.220098754534
  water_exploration_no_frontier928
  ate_berries             890
  eaten_berries           890
  stored                  862
  belief_told             829
  belief_seen_eat_toxic_berries766
  cry_interrupted         759
  work_ended_node_empty   750
  eat_calm_protein        722
  yield_obs_yield_fish_n  632
  belief_seen_eat_apple   630
  belief_seen_sick        619
  food_stored_own         613
  hungry_at_work_talk     579
  work_ended_hands_full   533
  interrupted_teach_thirsty531
  water_place_told        527
  withdrawn               491
  water_exploration_offered446
  sought_out_chief_talk   441
  macro_protein_sum       406.83516832486555
  action_target_knowledge_visible_hunt404
  ate_fish                385
  eaten_fish              385
  risky_meals_fish        385
  talked_hungry           381
  route_arrived           372
  ate_cooking_fish        362
  macro_fat_sum           354.6587290888566
  harvest_fish            342
  conversation            331
  belief_seen_eat_hazelnut330
  eat_calm_protein_rich   327
  water_exploration_offered_child325
  belief_seen_eat_meat    300
  hand_capacity_blocked   296
  animal_alarmed          244
  would_spoil_berries     244
  rumor_spread            242
  would_spoil_fish        238
  settled_over_work       234
  shared_a_roof           233
  materials_delivered     232
  bleeding_ticks          229
  ate_pear                226
  eaten_pear              226
  picked_pear             221
  talked_baby_crying      184
  hungry_at_work_give     183
  pushed_on_hunger_give   183
  reflected               173
  belief_seen_eat_plum    173
  harvest_sticks          167
  event_share_food        164
  gift_given              164
  work_ended_tree_bare    158
  romp_together           153
  hurt_person_days        146
  hungry_at_work_hunt     145
  pushed_on_hunger_hunt   145
  work_ended_baby_crying  145
  sparred                 142
  harvest_meat            141
  abandoned_no_food       136
  hungry_at_work_propose  131
  ate_toxic_berries       128
  eaten_toxic_berries     128
  ate_toxic_unwise        128
  risky_meals_toxic_berries128
  rest_ended_baby_crying  124
  order_obeyed            121
  water_exploration_offered_adult121
  haul_units_band_0       120
  action_target_from_memory_gather_for_site120
  interrupted_teach_baby_crying117
  conversation_deep       116
  raid_for_need_nowhere   113
  abandoned_no_fruit      113
  haul_units_band_1       112
  proposed_hungry         112
  order_haul_obeyed       111
  tree_died_old           110
  wet_nursing_sessions    109
  spoilage_prevented      107
  woke_baby_crying        105
  picked_up               101
  pickup_ordered          101
  npc_pickup              101
  abandoned_nothing_to_haul95
  dropped                 86
  eat_craving_protein_rich86
  hunter_samples_expected_in_firelight81.78035075415771
  meadow_poor_share_samples80
  conversation_chat       80
  hungry_at_work_ask      80
  harvest_reeds           78
  conversation_interests  76
  picked_apple            71
  poisoned_toxic_berries  69
  ate_apple               68
  eaten_apple             68
  romp_away_from_family   67
  poisoning_passed        67
  hearths                 64
  would_spoil_meat        62
  conversation_greet      59
  yield_obs_yield_pick_sum57.983280184741716
  sought_out_chief_spar   57
  tree_seeded             54
  body_found              54
  action_target_from_memory_gather53
  yield_obs_yield_pick_n  51
  wood_cut                51
  haul_trip_band_1        49
  poison_grade_moderate   48
  poison_grade_mild       48
  ate_meat                45
  eaten_meat              45
  risky_meals_meat        45
  starving_fed            45
  haul_trip_band_0        41
  order_refused           41
  ate_cooking_meat        41
  starving_fed_remembered 41
  sought_out_chief_discuss40
  carry_overflow_dropped  39
  hungry_at_work_explore  39
  pushed_on_hunger_explore39
  poisoned_fish           38
  harvest_flint           38
  rest_ended_thirsty      38
  picked_plum             37
  event_teach             36
  order_haul_refused      36
  ate_at_source           36
  would_spoil_plum        36
  remembered_bush_out_of_season36
  breakthrough_ponder     35
  interrupted_give_baby_crying35
  would_spoil_toxic_berries34
  yield_obs_yield_hunt_n  33
  wound_days_untended     33
  woke_thirsty            33
  ate_hazelnut            32
  eaten_hazelnut          32
  ate_plum                31
  eaten_plum              31
  picked_hazelnut         31
  hungry_at_work_praise   30
  taught_cooking          28
  ponder_nothing          27
  thought_nothing_came_of_it27
  hungry_at_work_forage   26
  pushed_on_hunger_forage 26
  prey_killed_by_predator 26
  animal_predated         26
  teaching_failed         25
  proposed_baby_crying    24
  harvest_clay            23
  animal_bit_person       23
  animal_bit_person_bear  23
  animal_blow_bear        23
  interrupted_discuss_baby_crying22
  site_placed             21
  explore_ended_hungry    21
  child_taught            20
  fled_from_animal        20
  discuss_nothing         20
  talked_nothing_came_of_it20
  animal_born             20
  hungry_at_work_bring_food20
  prey_killed_by_wolf     19
  sought_out_chief_ask    18
  project_backer_added    17
  poison_grade_severe     17
  relocation_scarcity_days17
  belief_seen_yield_fish  17
  gossiped_hungry         17
  child_taught_by_parent  16
  sought_out_chief_give   16
  hungry_at_work_build    16
  hungry_at_work_spar     15
  interrupted_spar_hungry 15
  conception              14
  food_place_told         13
  birth                   13
  baby_picked_up          13
  meadow_poor_share_sum   12.42014519056261
  ask_taught              12
  sought_out_chief_teach  12
  death_starvation        12
  death_settled           12
  corpse_left             12
  corpse_first_found      12
  abandoned_subject_gone  12
  child_watched           11
  belief_seen_yield_forage11
  abandoned_partner_unwilling11
  sought_out_chief_feed   11
  ask_refused             10
  asked_would_not_teach   10
  site_abandoned          10
  order_build_obeyed      10
  building_completed      10
  conceived_plant_lore    10
  talked_away_from_family 10
  animal_bit_person_at_night10
  marriage                9
  founding_households     9
  animal_killed           9
  hunt_killed             9
  observed_firemaking     9
  sought_out_chief_praise 9
  band_planned_windbreak  8
  spark_plant_lore_0      8
  animal_entered_by_edge  8
  hungry_at_work_steal    8
  interrupted_steal_hungry8
  romp_alone              7
  conceived_cordage       7
  breakthrough_discuss    7
  inherited_goods         7
  taught_firemaking       6
  poisoned_meat           6
  abandoned_already_built 6
  fled                    6
  event_praise            6
  praise_told             6
  woke_away_from_family   6
  prototype_trial_passed  6
  ask_taught_nothing      5
  asked_learned_nothing   5
  chief_chosen            5
  tree_felled             5
  order_build_refused     5
  completed_windbreak     5
  band_planned_storage_pit5
  widowed_by_seeing       5
  project_request_refused 4
  observed_cooking        4
  prey_killed_by_lynx     4
  completed_storage_pit   4
  work_ended_away_from_family4
  hunt_missed             4
  conceived_ochre         4
  spark_ochre_0           4
  action_target_knowledge_remembered_drink4
  spark_cordage_0         4
  sought_out_chief_propose4
  interrupted_ask_away_from_family4
  prey_killed_by_bear     3
  spark_cordage_1         3
  abandoned_quarry_gone   3
  conceived_storytelling  3
  practised_plant_lore    3
  succession              3
  orphan_carried          3
  gossiped_baby_crying    3
  work_ended_thirsty      3
  hungry_at_work_pick     3
  pushed_on_hunger_pick   3
  abandoned_goods_gone    2
  would_spoil_pear        2
  unwitnessed             2
  band_planned_mud_hut    2
  talked_thirsty          2
  wound_festered_untended 2
  belief_seen_yield_pick  2
  conceived_division_of_labour2
  herd_entered_by_edge    2
  conceived_pottery       2
  spark_pottery_0         2
  rest_ended_away_from_family2
  spark_storytelling_0    2
  infection_turned        2
  prototype_failed        2
  conceived_tracking      2
  spark_tracking_0        2
  household_extinct       2
  remains_found           2
  taught_plant_lore       2
  era_advanced            1
  action_target_knowledge_unknown1
  action_target_knowledge_unknown_chop1
  abandoned_fruit_fallen  1
  spark_plant_lore_1      1
  spark_division_of_labour_11
  spark_division_of_labour_01
  abandoned_tree_gone     1
  spark_storytelling_1    1
  relocation_no_known_destination1
  spark_plant_lore_2      1
  gossiped_away_from_family1
  romp_thirsty            1
  hunt_ended_baby_crying  1
  abandoned_store_full    1
  proven_plant_lore       1
  discovered_plant_lore   1
  completed_mud_hut       1
  abandoned_project_no_longer_available1
  walk_stuck_tick         1
  would_spoil_apple       0
  mood_security_sum       -5054.898292771936
  mood_purpose_sum        -19528.306618975475

ACTIONS (summed over samples)
  idle                    117525
  forage                  73160
  rest                    42255
  sleep                   38227
  talk                    35732
  go_home                 27390
  pick                    16126
  ponder                  15463
  gather                  14845
  romp                    14625
  drink                   11082
  spar                    10656
  teach                   9886
  store                   7755
  nurse                   6710
  give                    5480
  chop                    4835
  discuss                 4383
  ask                     4282
  haul                    3983
  reflect                 3514
  build                   3009
  take                    2496
  propose                 2445
  hunt                    1913
  eat                     1090
  pickup                  790
  wander                  515
  praise                  425
  flee                    334
  bring_food              315
  explore                 157
  steal                   27

KNOWLEDGE
  era: Middle Palaeolithic  ·  3 things known to somebody  ·  12 can make fire
  1 advances, 0 relapses

BANDS
  2 chiefs  ·  0 outcast  ·  0 exiled  ·  121 orders obeyed, 41 refused

BUILDINGS
  10 of 11 finished  ·  371 items in store

RELATIONSHIPS
  571 edges across 39 people  ·  571 warm  ·  0 hostile
  Ungesh band           theft tolerance 1.41   murder 0.80
  Halesh band           theft tolerance 0.99   murder 1.01

TERRAIN
  water=5364  beach=1708  grass=4203  forest=3511  hills=1348  rock=250

TRAVEL
  30336 routes found  ·  15.1 mean / 1056 worst expansions  ·  1896.0 searches per 1,000 ticks
  route_arrived=372  walk_blocked=0  abandoned_cannot_reach=0
  everything that walks: step_blocked=1912  ·  axis_null=0  ·  slides=1149
  people only: 1 stuck of 151082 walk ticks (0.0 per 1,000)  ·  denied: cooldown=39570 budget=0
  recoveries=0 (0 found a route)

CHECKS
  PASS  regions-stay-true       10 independently recomputed landmasses; 0 incorrectly labelled tiles and 0 incorrect region sizes
  PASS  hands-limit-loads       0 post-transfer states remained above the hands and fitted-container limit; 296 collection attempts hit a hand limit
  n/a   containers-carry-more   run the porters scenario to compare fitted containers with bare hands
  FAIL  people-act-on-what-they-know15370/15371 forage, pick, drink, hunt and chop targets visible or remembered
  n/a   word-of-food-travels    measured in food-news, where the rumour supplies the only food
  PASS  stale-memories-cost     2156 trips reached a remembered resource that was exhausted
  PASS  the-map-grows           5.3% → 7.9% mean explored (must grow and remain below 99%)
  n/a   kin-are-defended        0 attacks on children with adult witnesses (need 10)
  n/a   the-young-run-to-their-own0 attacked children fled (need 10)
  FAIL  cravings-steer-the-diet 9.1% rich-protein meals while craving vs 45.3% while calm (need 1.3x)
  FAIL  nights-are-slept        51.7% of 4167 adult samples in full night sleeping or resting (need 55%)
  PASS  nights-are-spent-at-home91.3% of 4167 adult night samples within 15 tiles of an anchor (need 70%)
  FAIL  moods-move-choices      7.5% talk in low-belonging tercile vs 8.1% in high (4373 samples each; low must be higher)
  PASS  children-keep-close     94.3% of 2928 child samples within radius + 3 of either living parent (need 75%; designated carer=91.1%; top actions: romp=646, go_home=505, sleep=495, talk=326, forage=281)
  PASS  no-nan                  worst sample had 0 non-finite fields
  PASS  people-in-bounds        worst sample had 0 people outside a 128x128 world
  PASS  people-on-land          worst sample had 0 people standing in water or on rock
  PASS  people-survive          27/26 alive at step 16000 (need 18 over 66 days)
  PASS  deaths-explained        starvation=12 settled=12
  PASS  nobody-stalls-under-orders0 people stalled under order for a full day; 0 gave up walking, 0 of those under order
  PASS  walkers-do-not-grind    1 of 151,082 walking ticks made no real progress (0.0 per 1,000; wanted under 5)
  PASS  paths-are-found         200 pairs sampled on the largest region, every one found — mean 587.0 / worst 2595 expansions; 0 gave up mid-play
  PASS  nobody-walled-in        27 checked; 0 cut off from water, 0 cut off from food in their own region
  PASS  people-drink            drink=5109
  PASS  drinking-is-paced       1162 drinks finished over 1980 person-days (0.59 each per day; wanted some, and fewer than 4)
  PASS  food-work-continues     29 ticks of food-gathering continued through hunger that would otherwise have stopped it (145 hunting)
  PASS  people-harvest          berries=968 meat=141 wood=0 flint=38
  PASS  people-eat              eat=1805
  PASS  ai-uses-many-actions    33 distinct actions observed: idle=117525 forage=73160 rest=42255 sleep=38227 talk=35732 go_home=27390 pick=16126 ponder=15463 gather=14845 romp=14625 drink=11082 spar=10656 teach=9886 store=7755 nurse=6710 give=5480 chop=4835 discuss=4383 ask=4282 haul=3983 reflect=3514 build=3009 take=2496 propose=2445 hunt=1913 eat=1090 pickup=790 wander=515 praise=425 flee=334 bring_food=315 explore=157 steal=27
  PASS  needs-not-pinned        final avgHunger=17.4 avgThirst=11.4 avgCold=0.0 avgCompany=19.3
  PASS  health-holds-up         final avgHealth=97.7 (floor is 60)
  PASS  events-witnessed        deeds=206 witnessed=2349 unwitnessed=2
  PASS  people-talk             conversations=331
  PASS  gossip-is-aimed         0 slanders and 6 praises over 331 conversations
  PASS  rumor-propagates        stories passed on=242
  n/a   opinions-diverge        measured after a witnessed assault in conflicts. 571 relationships across 39 people: 571 warm, 0 hostile
  PASS  materials-delivered     delivered=232 sites=11 finished=10
  PASS  building-starts-small   11 projects measured; 0 exceeded sponsor + backers + ordered workers
  PASS  projects-find-backers   9/10 completed AI-planned projects had a backer (need 70%)
  n/a   shelter-answers-cold    never got cold (peak avgCold 3.6)
  PASS  work-runs-in-stretches  node_empty=750 hands_full=533 tree_bare=158 away_from_family=4 baby_crying=145 thirsty=3
  PASS  foraging-bites          most bushes stripped at once: 285; wild food went from 1745 to 1447
  n/a   generations-turn-over   run covers only 66 days; too short to say
  PASS  forest-is-used          5 trees felled, 51 timber cut, 461 fruit picked
  PASS  fruit-comes-and-goes-with-the-seasonworst sample had 0 fruit hanging out of season; most windfall seen at once was 11321 across 4 seasons
  PASS  forest-persists         stand went from 1050 to 989 (819 grown, 78 seedlings); 54 seeded, 110 died of age
  PASS  bands-have-chiefs       2 chiefs for 27 people; 5 changes of leadership
  PASS  bands-decide-to-build   15 sites marked out by bands themselves (player placed none)
  n/a   camps-move-when-the-land-failsmeasured in the lean survival scenario
  n/a   jobs-bias-work          too few ticks with a job assigned to compare (0 held, 0 not)
  n/a   rebellion-is-rare-but-happensrun covers only 66 days; too short for rebellion to be expected or ruled out
  n/a   raids-are-organised     no chief in this world ever stood badly enough with a neighbour to weigh one
  n/a   knowledge-is-found      run covers under a year; too short to work anything out
  PASS  knowledge-is-passed-on  36 taught deliberately, 13 picked up by watching; 25 lessons that did not take
  PASS  children-are-taught     20 of 36 lessons went to a child, 16 of those from a parent
  PASS  ideas-are-conceived     30 ideas conceived (0.61 per person-year; wanted some, and fewer than 3)
  PASS  sparks-are-various      12 routes into 7 technologies: cordage plant_lore ochre division_of_labour pottery storytelling tracking
  n/a   ideas-become-tech       run covers under a year; 30 conceived, too soon to prove any
  n/a   the-tree-is-climbed     run covers under a year; too soon to get past the root technologies
  PASS  research-is-social      35 breakthroughs alone, 7 by arguing it out
  PASS  trials-accumulate       6 trials went well across 1 designs proven, 2 went badly
  n/a   techs-are-refined       run covers under a year; too short to improve a design
  n/a   records-are-cut         nobody in this world can write
  n/a   crafting-is-interruptibletoo few crafting attempts to tell (0 made, 0 interrupted)
  n/a   food-spoils             spoilage is switched off in this scenario
  n/a   stores-keep-food-better-than-packsspoilage is switched off in this scenario
  n/a   pictures-are-painted    nobody here knows how to burn earth red
  n/a   music-answers-lonelinessnobody here can make a flute
  n/a   beer-answers-loneliness nobody here knows how to brew
  n/a   the-temple-gathers      no band had a chief with redistribution and a granary
  n/a   the-ledger-remembers    no temple kept by a chief who keeps accounts
  n/a   taxes-reach-the-temple  no temple kept by a chief who knows how to tax
  n/a   the-law-is-the-same-for-allno chief who judges by the law heard a case of their own people
  n/a   soldiers-are-kept       no temple kept by a chief who knows a standing army
  n/a   kings-reign-for-life    nobody here knows kingship
  n/a   civilisation-is-derived no band holds the six things a civilisation is
  n/a   governments-declare-war-and-peaceno government declared anything in this run
  n/a   the-beaten-pay-tribute  no people submitted to another in this run
  n/a   serfs-are-owned         no governed people took an adult captive in this run
  n/a   feasts-gather-the-band  nobody here knows how to brew
  n/a   the-hurt-are-tended     nobody here knows a herb from a weed
  n/a   wounds-fester-untended  33 untended and 0 dressed wound-days; too few to compare (need 60 of each)
  PASS  raw-meat-sickens        44 illnesses after 430 raw meals; none after anything cooked
  PASS  the-wise-avoid-baneberries128 baneberry meals by people without plant lore (69 fell ill), 0 by people who had it
  n/a   animals-are-tamed       nobody here would think of feeding one
  n/a   heads-direct-work       nobody here has the idea of a band with a shape
  n/a   kills-are-butchered-for-bonenobody alive knows what to do with a carcass
  n/a   crafts-happen-at-stations5 station designs exist and no band finished one in this run
  n/a   the-hearth-warms        nobody was cold within range of a finished hearth
  FAIL  roast-wins              0 roasted of 403 meat and fish meals eaten by cooks
  PASS  cooking-spreads         2 founded with cooking; 12 surviving adult holders
  n/a   pots-reach-a-granary    nobody alive knows how to fire clay
  PASS  discovery-is-situated   every one of 30 ideas came by a named route; 0 of them into the technologies cold suggests
  PASS  population-bounded      peak population 35
  PASS  spatial-hash-spreads    largest bucket holds 6 of 27 items across 10 cells
  PASS  animals-move            mean drift 13.4 tiles/day (floor is 2)
  PASS  animals-flee            463 bolts opened the distance, 209 did not
  PASS  hunts-succeed-and-fail  9 kills, 4 misses, 0 outrun
  PASS  people-eat-meat         141 meat taken; 1805 meals eaten
  PASS  fish-are-caught         342 fish taken; 1805 meals eaten
  n/a   bands-set-traps         nobody in this world knows how to set a trap
  n/a   fields-are-sown-and-reapednobody in this world knows how to farm
  n/a   soil-is-drawn-down      no harvest was taken off any ground in this run
  n/a   compost-answers-exhaustionnobody in this world knows how to compost
  n/a   traps-catch             no trap was finished in this run
  n/a   herds-breed-and-are-cullednobody in this world knows how to keep a pen
  n/a   wells-are-drawn-from    nobody in this world knows how to sink a well
  n/a   milk-is-drawn-and-drunk no milk was ever bred in this run
  n/a   wool-is-sheared-and-wovenno wool was ever bred in this run
  PASS  bands-dont-overbuild    band0=4 band1=6; 0 over the ceiling, 0 holding empty stores
  PASS  families-exist          6 households of more than one; 26 people with family
  n/a   sleep-restores          nobody had a roof to sleep under in this run
  n/a   kin-outrank-strangers   not all three kinds of tie have 10+ pairs here: household=73.2 band=33.5 outsider=n/a outsider-unrelated=n/a · band-pairs=0 friendliest=0.0 hostile=0.0
  n/a   bands-take-sides        no two bands have touched each other in this run
  n/a   violence-concentrates   only 0 blows between peoples here; too few to say where they land
  n/a   peoples-drift-apart     0 incidents between peoples; too few to split the run around
  n/a   peace-within-bands      only 0 blows here; too few to say where they land
  n/a   children-are-not-struck only 0 blows here; too few to say
  n/a   the-struck-respond      only 0 second blows here; too few to say
  n/a   wrongs-reach-the-chief  only 0 debts run up; too few to say
  n/a   upbringing-follows-culturefewer than two peoples saw 15 wrongs by their children abroad, with regard for strangers 0.15 apart
  n/a   the-watched-intervene   only 0 property deeds were seen by their owners; too few to say
  n/a   captives-are-taken      only 0 blows between peoples; no quarrel long enough
  PASS  bodies-are-found        12 of 12 bodies found by somebody (54 findings of somebody known, 2 of remains past knowing)
  n/a   murders-are-solved      only 0 killings here; too few to say
  PASS  world-has-land          grass=4203 forest=3511 water=5364
  n/a   perf-budget             564 steps/s with 35 people at the peak (floor 1,515); judged only when a scenario runs alone
  PASS  herds-follow-the-grass  5,301 grazer samples, 28% of them on poor grass, against 16% of the meadow and the wood being poor
  PASS  predators-hunt          26 grazers pulled down (19 by wolves, 3 by bears, 4 by lynxes); 23 people bitten
  PASS  fire-keeps-wolves-off   0 of 4000 hunter samples inside a circle of firelight, where chance alone would put 81.8 (0 turned back)
  n/a   a-hunted-out-land-stays-emptythis land was not hunted out
  PASS  slopes-slow             191,452 uphill steps cover 91.2% of the distance asked, 157,562 downhill 103.1%, 27,528 flat 100%
  n/a   hills-see-farther       0 sightings of strangers in this run; too few to say

==============================================================================
5/133 CHECKS FAILED: people-act-on-what-they-know, cravings-steer-the-diet, nights-are-slept, moods-move-choices, roast-wins


WORLD HEALTH REPORT  -  scenario "porters"  seed "porters"
==============================================================================
3000 steps in 3535ms  (849 steps/s)

POPULATION OVER TIME
  step    day   alive  hunger  thirst  tired   cold   lonely  health  food   bare  store  trees  grown  fruit  kids  wed  age   oob  
  0       5     24     0.0     0.0     0.0     0.0    0.0     100.0   1660   173   0      1248   1090   0      6     14   21    0    
  300     6     24     16.6    18.8    2.8     1.0    15.9    100.0   1824   178   0      1108   945    0      6     14   22    0    
  600     7     24     21.1    10.7    4.8     0.0    28.5    100.0   1957   183   0      1112   945    0      6     14   22    0    
  900     8     24     19.9    19.2    7.2     0.0    25.5    100.0   2014   181   0      1120   945    0      6     14   22    0    
  1200    10    23     18.8    17.0    4.3     0.0    24.4    100.0   931    278   58     1127   945    143    6     14   20    0    
  1500    11    22     14.9    13.8    1.9     0.0    24.8    100.0   1178   152   107    1127   945    291    6     14   19    0    
  1800    12    22     17.5    20.6    4.6     0.0    30.3    100.0   1425   149   137    1127   945    432    6     14   19    0    
  2100    13    22     15.2    15.7    6.5     0.0    30.0    100.0   1668   157   156    1125   943    579    6     14   19    0    
  2400    15    22     17.6    17.7    3.7     0.0    19.7    100.0   1899   152   158    1125   944    874    6     14   19    0    
  2700    16    23     17.7    21.0    2.9     0.0    26.7    99.9    2151   146   176    1125   944    954    7     14   18    0    
  3000    17    25     20.5    18.0    4.5     0.0    23.5    99.8    2408   149   187    1125   944    1033   9     14   17    0    

EVENTS
  malnutrition_samples    68997
  path_expanded           50124
  step_slope_up           35663
  step_slope_up_ratio     32279.663310379347
  step_slope_down_ratio   30234.1282378704
  step_slope_down         29239
  walk_tick               22615
  remembered_node_candidate20892
  walk_arrived            16564
  malnutrition_sum        11402.347607245812
  yield_obs_yield_forage_sum10713.594065440067
  rest                    9785
  nursing_hunger_relief   8800
  nursing_thirst_relief   8800
  food_accessible_at_think8063
  water_memory_candidate  7970
  water_visible_candidate 7427
  path_denied_cooldown    5833
  sleeping_open           4895
  place_memory_age_sum_band_14534.526532470704
  step_slope_flat_ratio   4507.889779106087
  step_slope_flat         4502
  craving_protein_search  4405
  diet_nutrition_total    4289
  path_found              4233
  place_memory_age_sum_band_03864.751468910061
  place_memory_samples_band_13784
  craving_protein_reachable3614
  place_memory_samples_band_03363
  remembered_node_target  2911
  action_target_knowledge_checked2009
  action_target_knowledge_known2009
  relocation_food_nodes   1632
  action_target_knowledge_visible_forage1349
  poison_ticks            1329
  shared_resource_depletion_seen1203
  grazer_samples          1098
  porter_capacity_equipped1028
  fruit_thirst_relief     881.4947107246101
  relocation_food_depleted874
  drink                   782
  belief_seen_eat_berries 781
  mood_belonging_sum      754.9303779118841
  hunter_samples          750
  craving_protein_absent  711
  yield_obs_yield_fish_sum470.24033088451665
  food_blocked_by_reach_at_think425
  food_reach_fallback_at_think425
  harvest_berries         382
  action_target_knowledge_visible_chop366
  place_exploration_fraction_band_1349.6708984375
  place_exploration_fraction_band_0314.96484375
  hydrating_food_candidate308
  eat                     303
  worked_alongside        302
  yield_obs_yield_forage_n291
  mood_samples            275
  macro_samples           275
  elite_larder_preferred  275
  step_blocked            264
  macro_exertion_sum      260.11799661926165
  ate_berries             244
  eaten_berries           244
  diet_nutrition_protein  216
  stored                  216
  grazer_samples_on_poor  197
  eat_craving_protein     196
  food_stored_own         185
  macro_carb_sum          184.64718188279377
  work_ended_node_empty   176
  mood_comfort_sum        170.0596990303067
  witnessed               169
  stale_memory_resource_empty166
  abandoned_remembered_wrong166
  tree_died_old           147
  step_slide              143
  action_target_knowledge_visible_pick131
  drink_finished          119
  action_target_knowledge_visible_drink111
  route_arrived           109
  porter_capacity_bare    107
  belief_told             106
  would_spoil_berries     105
  belief_seen_eat_toxic_berries105
  work_ended_hands_full   98
  water_place_told        95
  nursing_sessions        88
  eat_calm_protein        84
  belief_seen_sick        82
  craving_protein_outside_reach80
  romp_together           64
  harvest_sticks          63
  settled_over_work       61
  food_absent_in_search_at_think59
  sparred                 58
  craving_protein_masked_by_reachable_food55
  craving_protein_override_selected55
  yield_obs_yield_hunt_sum54.90196078431373
  cry_interrupted         51
  conversation            51
  yield_obs_yield_pick_sum50.85470085470086
  sought_out_chief_talk   50
  picked_plum             50
  hand_capacity_blocked   49
  macro_fat_sum           46.64412919013038
  rumor_spread            46
  harvest_flint           45
  materials_delivered     44
  macro_protein_sum       43.70868892707571
  romp_away_from_family   41
  belief_seen_eat_fish    41
  action_target_from_memory_forage37
  action_target_knowledge_visible_hunt34
  harvest_reeds           32
  spoilage_prevented      32
  conversation_chat       31
  hungry_at_work_build    31
  water_exploration_offered30
  water_exploration_offered_child29
  withdrawn               29
  inherited_goods         28
  ate_toxic_berries       28
  eaten_toxic_berries     28
  ate_toxic_unwise        28
  risky_meals_toxic_berries28
  dropped                 26
  tree_seeded             24
  raid_for_need_nowhere   24
  event_share_food        24
  gift_given              24
  animal_alarmed          24
  belief_seen_eat_pear    24
  yield_obs_yield_pick_n  23
  harvest_fish            23
  haul_units_band_1       22
  haul_units_band_0       22
  poisoned_toxic_berries  20
  picked_pear             20
  romp_alone              19
  belief_seen_eat_plum    19
  sought_out_chief_spar   18
  conversation_interests  18
  carry_overflow_dropped  17
  interrupted_spar_baby_crying16
  would_spoil_fish        16
  meadow_poor_share_samples15
  talked_baby_crying      14
  yield_obs_yield_fish_n  13
  hungry_at_work_rest     13
  ate_fish                12
  eaten_fish              12
  risky_meals_fish        12
  reflected               11
  water_exploration_no_frontier11
  action_target_from_memory_gather_for_site10
  rest_ended_baby_crying  10
  abandoned_no_food       10
  action_target_knowledge_remembered_drink10
  poison_grade_moderate   10
  ate_plum                10
  eaten_plum              10
  ate_pear                9
  eaten_pear              9
  site_placed             8
  tool_equipped_forage    8
  order_obeyed            8
  work_ended_baby_crying  8
  hungry_at_work_sleep    8
  body_found              8
  action_target_knowledge_remembered_forage8
  would_spoil_toxic_berries8
  poison_grade_severe     8
  hungry_at_work_nurse    8
  marriage                7
  founding_households     7
  conception              7
  sought_out_chief_propose7
  food_place_told         7
  prey_killed_by_predator 7
  animal_predated         7
  hungry_at_work_talk     7
  project_backer_added    6
  haul_trip_band_1        6
  order_haul_obeyed       6
  haul_trip_band_0        6
  eat_calm_protein_rich   6
  poisoning_passed        6
  work_ended_tree_bare    6
  abandoned_subject_gone  6
  woke_away_from_family   5
  hungry_at_work_forage   5
  pushed_on_hunger_forage 5
  woke_hungry             5
  prey_killed_by_wolf     5
  talked_hungry           5
  project_request_refused 4
  crafted_rope            4
  eat_craving_protein_rich4
  gift_offered            4
  site_abandoned          4
  ponder_nothing          4
  thought_nothing_came_of_it4
  abandoned_nothing_to_haul3
  abandoned_already_built 3
  child_watched           3
  poison_grade_mild       3
  birth                   3
  baby_picked_up          3
  taught_cordage          2
  child_taught            2
  child_taught_by_parent  2
  event_teach             2
  chief_chosen            2
  order_build_obeyed      2
  rest_ended_away_from_family2
  order_resumed           2
  building_completed      2
  completed_storage_pit   2
  death_settled           2
  succession              2
  corpse_left             2
  courtship               2
  relocation_scarcity_days2
  corpse_first_found      2
  conceived_tracking      2
  spark_tracking_0        2
  prey_killed_by_bear     2
  gossiped_baby_crying    2
  yield_obs_yield_hunt_n  2
  observed_cordage        2
  conversation_deep       2
  band_planned_windbreak  2
  tool_equipped_chop      1
  ask_taught              1
  woke_baby_crying        1
  water_exploration_offered_adult1
  hungry_at_work_propose  1
  proposed_hungry         1
  work_ended_thirsty      1
  ask_refused             1
  asked_would_not_teach   1
  observed_basketry       1
  poisoned_fish           1
  remembered_empty_walk   1
  interrupted_spar_thirsty1
  hungry_at_work_romp     1
  event_gift              1
  gift_of_goods           1
  breakthrough_ponder     1
  abandoned_no_fruit      1
  conceived_plant_lore    1
  spark_plant_lore_2      1
  belief_seen_yield_forage1
  remains_found           1
  rest_ended_hungry       1
  breakthrough_discuss    1
  meadow_poor_share_sum   0.5600848782666964
  hunter_samples_expected_in_firelight0
  would_spoil_plum        0
  would_spoil_pear        0
  mood_security_sum       -45.12296779732928
  mood_purpose_sum        -1616.9396191858307

ACTIONS (summed over samples)
  forage                  13259
  rest                    9785
  romp                    6102
  go_home                 5471
  sleep                   4895
  gather                  4730
  spar                    4427
  drink                   3373
  talk                    3294
  pick                    2143
  chop                    1805
  idle                    1798
  store                   1574
  build                   944
  nurse                   880
  give                    809
  ponder                  750
  craft                   517
  propose                 513
  haul                    423
  ask                     272
  reflect                 226
  eat                     195
  hunt                    165
  discuss                 154
  court                   142
  praise                  118
  teach                   96
  explore                 82
  take                    59

KNOWLEDGE
  era: Lower Palaeolithic  ·  5 things known to somebody  ·  0 can make fire

BANDS
  2 chiefs  ·  0 outcast  ·  0 exiled  ·  8 orders obeyed, 0 refused

BUILDINGS
  2 of 4 finished  ·  187 items in store

RELATIONSHIPS
  281 edges across 27 people  ·  281 warm  ·  0 hostile
  Rhain band            theft tolerance 1.27   murder 1.25
  Coria band            theft tolerance 1.29   murder 0.93

TERRAIN
  water=4549  beach=1910  grass=4446  forest=4508  hills=745  rock=226

TRAVEL
  4233 routes found  ·  11.8 mean / 289 worst expansions  ·  1411.0 searches per 1,000 ticks
  route_arrived=109  walk_blocked=0  abandoned_cannot_reach=0
  everything that walks: step_blocked=264  ·  axis_null=0  ·  slides=143
  people only: 0 stuck of 22615 walk ticks (0.0 per 1,000)  ·  denied: cooldown=5833 budget=0
  recoveries=0 (0 found a route)

CHECKS
  PASS  regions-stay-true       5 independently recomputed landmasses; 0 incorrectly labelled tiles and 0 incorrect region sizes
  PASS  hands-limit-loads       0 post-transfer states remained above the hands and fitted-container limit; 49 collection attempts hit a hand limit
  PASS  containers-carry-more   mean available load: bare group 8.9, equipped group 85.7 units; delivered units also reported by band but depend on each site’s remaining demand
  PASS  builds-take-trips       2 completed sites; median 3.0 loaded trips per site
  PASS  people-act-on-what-they-know2009/2009 forage, pick, drink, hunt and chop targets visible or remembered
  n/a   word-of-food-travels    measured in food-news, where the rumour supplies the only food
  PASS  stale-memories-cost     166 trips reached a remembered resource that was exhausted
  PASS  the-map-grows           7.7% → 9.5% mean explored (must grow and remain below 99%)
  n/a   kin-are-defended        0 attacks on children with adult witnesses (need 10)
  n/a   the-young-run-to-their-own0 attacked children fled (need 10)
  FAIL  cravings-steer-the-diet 2.0% rich-protein meals while craving vs 7.1% while calm (need 1.3x)
  PASS  nights-are-slept        60.2% of 638 adult samples in full night sleeping or resting (need 55%)
  PASS  nights-are-spent-at-home88.2% of 638 adult night samples within 15 tiles of an anchor (need 70%)
  FAIL  moods-move-choices      2.9% talk in low-belonging tercile vs 6.0% in high (839 samples each; low must be higher)
  PASS  children-keep-close     88.5% of 750 child samples within radius + 3 of either living parent (need 75%; designated carer=83.2%; top actions: romp=291, go_home=206, sleep=117, rest=54, talk=44)
  PASS  no-nan                  worst sample had 0 non-finite fields
  PASS  people-in-bounds        worst sample had 0 people outside a 128x128 world
  PASS  people-on-land          worst sample had 0 people standing in water or on rock
  PASS  people-survive          25/24 alive at step 3000 (need 17 over 12 days)
  PASS  deaths-explained        settled=2
  PASS  nobody-stalls-under-orders0 people stalled under order for a full day; 0 gave up walking, 0 of those under order
  PASS  walkers-do-not-grind    0 of 22,615 walking ticks made no real progress (0.0 per 1,000; wanted under 5)
  PASS  paths-are-found         200 pairs sampled on the largest region, every one found — mean 788.7 / worst 5119 expansions; 0 gave up mid-play
  PASS  nobody-walled-in        25 checked; 0 cut off from water, 0 cut off from food in their own region
  PASS  people-drink            drink=782
  PASS  drinking-is-paced       119 drinks finished over 278 person-days (0.43 each per day; wanted some, and fewer than 4)
  PASS  food-work-continues     5 ticks of food-gathering continued through hunger that would otherwise have stopped it (0 hunting)
  PASS  people-harvest          berries=382 meat=0 wood=0 flint=45
  PASS  people-eat              eat=303
  PASS  ai-uses-many-actions    30 distinct actions observed: forage=13259 rest=9785 romp=6102 go_home=5471 sleep=4895 gather=4730 spar=4427 drink=3373 talk=3294 pick=2143 chop=1805 idle=1798 store=1574 build=944 nurse=880 give=809 ponder=750 craft=517 propose=513 haul=423 ask=272 reflect=226 eat=195 hunt=165 discuss=154 court=142 praise=118 teach=96 explore=82 take=59
  PASS  needs-not-pinned        final avgHunger=20.5 avgThirst=18.0 avgCold=0.0 avgCompany=23.5
  PASS  health-holds-up         final avgHealth=99.8 (floor is 60)
  PASS  events-witnessed        deeds=27 witnessed=169 unwitnessed=0
  PASS  people-talk             conversations=51
  n/a   gossip-is-aimed         run covers only 12 days; too short for a story worth telling
  PASS  rumor-propagates        stories passed on=46
  n/a   opinions-diverge        measured after a witnessed assault in conflicts. 281 relationships across 27 people: 281 warm, 0 hostile
  PASS  materials-delivered     delivered=44 sites=4 finished=2
  PASS  building-starts-small   4 projects measured; 0 exceeded sponsor + backers + ordered workers
  PASS  projects-find-backers   2/2 completed AI-planned projects had a backer (need 70%)
  n/a   shelter-answers-cold    never got cold (peak avgCold 1.0)
  PASS  work-runs-in-stretches  node_empty=176 baby_crying=8 hands_full=98 thirsty=1 tree_bare=6
  PASS  foraging-bites          most bushes stripped at once: 278; wild food went from 1660 to 2408
  n/a   generations-turn-over   run covers only 12 days; too short to say
  PASS  forest-is-used          0 trees felled, 0 timber cut, 70 fruit picked
  PASS  fruit-comes-and-goes-with-the-seasonworst sample had 0 fruit hanging out of season; most windfall seen at once was 0 across 2 seasons
  PASS  forest-persists         stand went from 1248 to 1125 (944 grown, 60 seedlings); 24 seeded, 147 died of age
  PASS  bands-have-chiefs       2 chiefs for 25 people; 2 changes of leadership
  n/a   bands-decide-to-build   run too short for a band to plan anything
  n/a   camps-move-when-the-land-failsmeasured in the lean survival scenario
  n/a   jobs-bias-work          too few ticks with a job assigned to compare (0 held, 0 not)
  n/a   rebellion-is-rare-but-happensrun covers only 12 days; too short for rebellion to be expected or ruled out
  n/a   raids-are-organised     no chief in this world ever stood badly enough with a neighbour to weigh one
  n/a   knowledge-is-found      run covers under a year; too short to work anything out
  n/a   knowledge-is-passed-on  run too short to teach anything
  n/a   ideas-are-conceived     run too short for anybody to have an idea
  n/a   sparks-are-various      run too short for more than one route to fire
  n/a   ideas-become-tech       run too short to carry an idea to a proven design
  n/a   the-tree-is-climbed     run too short to get past the root technologies
  n/a   research-is-social      run too short for anybody to argue anything out
  n/a   techs-are-refined       run too short to improve a design
  n/a   records-are-cut         nobody in this world can write
  n/a   crafting-is-interruptibletoo few crafting attempts to tell (4 made, 0 interrupted)
  n/a   food-spoils             spoilage is switched off in this scenario
  n/a   stores-keep-food-better-than-packsspoilage is switched off in this scenario
  n/a   pictures-are-painted    nobody here knows how to burn earth red
  n/a   music-answers-lonelinessnobody here can make a flute
  n/a   beer-answers-loneliness nobody here knows how to brew
  n/a   the-temple-gathers      no band had a chief with redistribution and a granary
  n/a   the-ledger-remembers    no temple kept by a chief who keeps accounts
  n/a   taxes-reach-the-temple  no temple kept by a chief who knows how to tax
  n/a   the-law-is-the-same-for-allno chief who judges by the law heard a case of their own people
  n/a   soldiers-are-kept       no temple kept by a chief who knows a standing army
  n/a   kings-reign-for-life    nobody here knows kingship
  n/a   civilisation-is-derived no band holds the six things a civilisation is
  n/a   governments-declare-war-and-peaceno government declared anything in this run
  n/a   the-beaten-pay-tribute  no people submitted to another in this run
  n/a   serfs-are-owned         no governed people took an adult captive in this run
  n/a   feasts-gather-the-band  nobody here knows how to brew
  n/a   the-hurt-are-tended     nobody here knows a herb from a weed
  n/a   wounds-fester-untended  0 untended and 0 dressed wound-days; too few to compare (need 60 of each)
  n/a   raw-meat-sickens        12 raw meals eaten; too few for a ~10% risk to show (need 40)
  PASS  the-wise-avoid-baneberries28 baneberry meals by people without plant lore (20 fell ill), 0 by people who had it
  n/a   animals-are-tamed       nobody here would think of feeding one
  n/a   heads-direct-work       nobody here has the idea of a band with a shape
  n/a   kills-are-butchered-for-bonenobody alive knows what to do with a carcass
  n/a   crafts-happen-at-stations5 station designs exist and no band finished one in this run
  n/a   the-hearth-warms        nobody was cold within range of a finished hearth
  n/a   roast-wins              nobody alive knows cooking
  n/a   cooking-spreads         scenario did not found anyone knowing cooking
  n/a   pots-reach-a-granary    nobody alive knows how to fire clay
  PASS  discovery-is-situated   every one of 3 ideas came by a named route; 0 of them into the technologies cold suggests
  PASS  population-bounded      peak population 25
  PASS  spatial-hash-spreads    largest bucket holds 7 of 25 items across 9 cells
  PASS  animals-move            mean drift 11.9 tiles/day (floor is 2)
  FAIL  animals-flee            17 bolts opened the distance, 22 did not
  n/a   hunts-succeed-and-fail  too few strikes to tell (0 kills, 0 misses)
  n/a   people-eat-meat         no meat entered the world in this run
  PASS  fish-are-caught         23 fish taken; 303 meals eaten
  n/a   bands-set-traps         nobody in this world knows how to set a trap
  n/a   fields-are-sown-and-reapednobody in this world knows how to farm
  n/a   soil-is-drawn-down      no harvest was taken off any ground in this run
  n/a   compost-answers-exhaustionnobody in this world knows how to compost
  n/a   traps-catch             no trap was finished in this run
  n/a   herds-breed-and-are-cullednobody in this world knows how to keep a pen
  n/a   wells-are-drawn-from    nobody in this world knows how to sink a well
  n/a   milk-is-drawn-and-drunk no milk was ever bred in this run
  n/a   wool-is-sheared-and-wovenno wool was ever bred in this run
  PASS  bands-dont-overbuild    band0=1 band1=1; 0 over the ceiling, 0 holding empty stores
  PASS  families-exist          7 households of more than one; 25 people with family
  n/a   sleep-restores          nobody had a roof to sleep under in this run
  n/a   kin-outrank-strangers   not all three kinds of tie have 10+ pairs here: household=67.4 band=13.0 outsider=n/a outsider-unrelated=n/a · band-pairs=0 friendliest=0.0 hostile=0.0
  n/a   bands-take-sides        no two bands have touched each other in this run
  n/a   violence-concentrates   only 0 blows between peoples here; too few to say where they land
  n/a   peoples-drift-apart     0 incidents between peoples; too few to split the run around
  n/a   peace-within-bands      only 0 blows here; too few to say where they land
  n/a   children-are-not-struck only 0 blows here; too few to say
  n/a   the-struck-respond      only 0 second blows here; too few to say
  n/a   wrongs-reach-the-chief  only 0 debts run up; too few to say
  n/a   upbringing-follows-culturefewer than two peoples saw 15 wrongs by their children abroad, with regard for strangers 0.15 apart
  n/a   the-watched-intervene   only 0 property deeds were seen by their owners; too few to say
  n/a   captives-are-taken      only 0 blows between peoples; no quarrel long enough
  n/a   bodies-are-found        only 2 deaths here; too few to say
  n/a   murders-are-solved      only 0 killings here; too few to say
  PASS  world-has-land          grass=4446 forest=4508 water=4549
  n/a   perf-budget             849 steps/s with 25 people at the peak (floor 2,000); judged only when a scenario runs alone
  PASS  herds-follow-the-grass  1,098 grazer samples, 18% of them on poor grass, against 4% of the meadow and the wood being poor
  PASS  predators-hunt          7 grazers pulled down (5 by wolves, 2 by bears, 0 by lynxes); 0 people bitten
  n/a   fire-keeps-wolves-off   750 hunter samples with 0.0 expected inside a circle of firelight; too few to say
  n/a   a-hunted-out-land-stays-emptythis land was not hunted out
  PASS  slopes-slow             35,663 uphill steps cover 90.5% of the distance asked, 29,239 downhill 103.4%, 4,502 flat 100%
  n/a   hills-see-farther       0 sightings of strangers in this run; too few to say

==============================================================================
3/132 CHECKS FAILED: cravings-steer-the-diet, moods-move-choices, animals-flee


WORLD HEALTH REPORT  -  scenario "scribes"  seed "scribes"
==============================================================================
14000 steps in 30473ms  (459 steps/s)

POPULATION OVER TIME
  step    day   alive  hunger  thirst  tired   cold   lonely  health  food   bare  store  trees  grown  fruit  kids  wed  age   oob  
  0       5     25     0.0     0.0     0.0     0.0    0.0     100.0   1421   194   0      938    830    0      8     16   20    0    
  1400    10    25     16.4    17.4    7.3     0.0    24.3    99.9    1096   149   0      878    739    101    8     16   20    0    
  2800    16    25     16.4    13.6    5.9     0.0    22.7    99.9    2346   141   9      877    739    670    8     16   20    0    
  4200    22    28     19.6    18.2    4.5     0.0    25.6    99.9    2220   144   120    876    739    1183   11    16   18    0    
  5600    28    32     12.4    11.0    2.4     4.7    14.7    99.9    2714   145   120    875    739    1869   15    16   16    0    
  7000    34    32     18.6    12.4    1.2     36.3   18.1    99.9    1530   273   120    872    736    0      15    16   16    0    
  8400    40    32     21.4    11.5    5.0     68.3   58.9    95.0    800    336   103    871    737    0      15    16   16    0    
  9800    45    31     21.3    14.4    10.0    67.3   66.4    90.4    1364   211   92     882    738    0      15    15   16    0    
  11200   51    32     24.0    11.7    12.3    47.5   64.3    86.6    1126   137   97     898    737    201    16    14   15    0    
  12600   57    35     28.0    14.0    15.2    28.3   55.3    95.6    2529   139   120    896    735    707    19    14   14    0    
  14000   63    37     24.7    12.8    12.5    16.2   34.2    97.2    2412   138   120    896    736    1286   21    14   14    0    

EVENTS
  malnutrition_samples    419661
  path_expanded           381084
  step_slope_up           177955
  step_slope_up_ratio     161257.88611316515
  remembered_node_candidate160510
  step_slope_down_ratio   148450.00822392484
  step_slope_down         143670
  place_memory_age_sum_band_1142597.7150934306
  nursing_hunger_relief   127600
  nursing_thirst_relief   127600
  place_memory_age_sum_band_0125451.20779490288
  walk_tick               117662
  malnutrition_sum        79608.51774470416
  cold_damage_ticks       75084
  walk_arrived            68221
  water_memory_candidate  61451
  food_accessible_at_think60843
  rest                    54206
  water_visible_candidate 50354
  path_denied_cooldown    30288
  yield_obs_yield_forage_sum27696.667358458628
  craving_protein_search  26060
  step_slope_flat_ratio   24556.742713353666
  step_slope_flat         24525
  diet_nutrition_total    24292
  path_found              22897
  place_memory_samples_band_122102
  place_memory_samples_band_019412
  craving_protein_reachable17925
  remembered_node_target  16161
  yield_obs_yield_fish_sum14478.050511936806
  action_target_knowledge_checked12859
  action_target_knowledge_known12859
  remembered_bush_out_of_season11432
  relocation_food_nodes   10614
  elite_larder_preferred  9918
  sleeping_open           8937
  action_target_knowledge_visible_forage8872
  diet_nutrition_protein  8370
  mood_belonging_sum      8150.056041793263
  craving_protein_outside_reach6047
  abandoned_hands_full    5834
  craving_protein_masked_by_reachable_food5829
  craving_protein_override_selected5829
  relocation_food_depleted5729
  grazer_samples          5395
  sleeping                5363
  poison_ticks            5215
  hungry_at_work_rest     4058
  fruit_thirst_relief     4013.3591223887793
  drink                   3993
  shared_resource_depletion_seen3891
  belief_seen_eat_berries 3788
  hunter_samples          3500
  rest_ended_hungry       3444
  interrupted_teach_cold  3054
  place_exploration_fraction_band_12772.099609375
  pushed_on_cold_ponder   2593
  place_exploration_fraction_band_02409.4443359375
  mood_comfort_sum        2129.5684306811377
  witnessed               2111
  craving_protein_absent  2088
  mood_samples            1751
  macro_samples           1751
  grazer_samples_on_poor  1721
  belief_seen_eat_fish    1673
  macro_exertion_sum      1626.3758057416078
  action_target_knowledge_visible_chop1598
  eat                     1576
  hydrating_food_candidate1510
  cold_damage_sum         1405.0046496894834
  sheltering              1352
  hungry_at_work_sleep    1336
  nursing_sessions        1276
  food_blocked_by_reach_at_think1263
  food_reach_fallback_at_think1263
  yield_obs_yield_hunt_sum1253.797398713869
  work_ended_hands_full   1247
  hungry_at_work_nurse    1239
  woke_hungry             1229
  romp_cold               1080
  work_ended_cold         1053
  macro_carb_sum          1029.0776735280722
  ate_berries             921
  eaten_berries           921
  stale_memory_resource_empty909
  abandoned_remembered_wrong909
  step_blocked            865
  worked_alongside        862
  action_target_knowledge_visible_pick778
  eat_calm_protein        758
  hand_capacity_blocked   743
  talked_cold             740
  food_absent_in_search_at_think735
  yield_obs_yield_forage_n734
  animal_alarmed          719
  harvest_berries         701
  intruder_sighted        701
  action_target_knowledge_visible_hunt697
  action_target_from_memory_forage669
  hungry_at_work_hunt     663
  pushed_on_hunger_hunt   663
  cry_interrupted         655
  drink_finished          655
  eat_craving_protein     647
  work_ended_node_empty   606
  action_target_knowledge_visible_drink571
  hungry_at_work_romp     546
  romp_hungry             502
  remembered_empty_walk   479
  yield_obs_yield_fish_n  444
  ate_fish                420
  eaten_fish              420
  risky_meals_fish        420
  route_arrived           415
  macro_protein_sum       404.5762479339724
  harvest_fish            398
  belief_told             380
  hungry_at_work_talk     375
  sought_out_chief_talk   373
  would_spoil_berries     342
  belief_seen_eat_plum    335
  eat_calm_protein_rich   326
  belief_seen_eat_apple   325
  talked_hungry           323
  macro_fat_sum           317.34607853796297
  security_intruder_seen  270
  water_place_told        268
  stored                  267
  make_peace_offered      265
  action_target_knowledge_remembered_forage255
  yield_obs_yield_pick_sum253.4635910238891
  romp_together           252
  belief_seen_eat_pear    252
  step_slide              237
  would_spoil_fish        236
  rest_ended_baby_crying  234
  water_exploration_offered229
  water_exploration_offered_child229
  conversation            215
  hungry_at_work_give     203
  pushed_on_hunger_give   203
  event_share_food        195
  gift_given              195
  belief_seen_sick        194
  rumor_spread            191
  explore_ended_cold      176
  abandoned_no_food       165
  food_stored_own         155
  settled_over_work       149
  withdrawn               147
  dropped                 143
  harvest_sticks          140
  materials_delivered     135
  work_ended_baby_crying  129
  talked_baby_crying      121
  hurt_person_days        116
  harvest_meat            113
  hungry_at_work_teach    113
  carry_overflow_dropped  112
  interrupted_teach_hungry110
  sparred                 108
  tree_died_old           98
  yield_obs_yield_pick_n  97
  ate_pear                96
  eaten_pear              96
  belief_seen_eat_meat    96
  hungry_at_work_inscribe 92
  reflected               91
  hungry_at_work_propose  90
  eat_craving_protein_rich90
  action_target_knowledge_remembered_drink88
  sought_out_chief_spar   85
  harvest_wild_grain      82
  picked_pear             82
  haul_units_band_1       78
  water_exploration_no_frontier73
  romp_away_from_family   72
  meadow_poor_share_samples70
  ate_plum                68
  eaten_plum              68
  tree_death_deferred     67
  picked_plum             67
  conversation_greet      67
  raid_for_need_nowhere   66
  proposed_hungry         66
  intruder_sighted_beyond_base66
  interrupted_give_cold   61
  tree_seeded             60
  conversation_chat       59
  wood_cut                58
  haul_units_band_0       57
  caught_warn_offered     57
  shared_a_roof           55
  interrupted_teach_baby_crying53
  yield_obs_yield_hunt_n  53
  territory_cell_claimed  52
  wet_nursing_sessions    49
  ate_at_source           48
  picked_up               48
  pickup_ordered          48
  npc_pickup              48
  conversation_interests  46
  poisoned_fish           44
  ate_apple               44
  eaten_apple             44
  conversation_deep       43
  sought_out_chief_give   43
  security_as_witness     43
  capture_offered         43
  hunter_samples_expected_in_firelight42.472093064582914
  work_ended_tree_bare    42
  poisoning_passed        42
  event_teach             37
  picked_apple            37
  woke_baby_crying        36
  crafted_rope            36
  craft_interrupted       36
  child_taught            35
  child_taught_by_parent  35
  abandoned_lack_materials35
  ask_taught              34
  starving_fed_remembered 33
  starving_fed            32
  action_target_from_memory_gather31
  spoilage_prevented      31
  harvest_reeds           29
  interrupted_give_baby_crying28
  ate_meat                27
  eaten_meat              27
  risky_meals_meat        27
  animal_born             27
  haul_trip_band_1        26
  child_watched           25
  woke_away_from_family   25
  action_target_from_memory_gather_for_site25
  prey_killed_by_predator 25
  animal_predated         25
  food_place_told         23
  hunt_ended_baby_crying  23
  interrupted_discuss_baby_crying23
  haul_trip_band_0        22
  poison_grade_moderate   22
  would_spoil_plum        21
  hearths                 21
  sought_out_chief_feed   21
  site_placed             20
  proposed_baby_crying    20
  harvest_flint           20
  poison_grade_mild       20
  event_trespass          20
  territory_trespass      20
  ponder_nothing          19
  thought_nothing_came_of_it19
  inscribed_stone         18
  inherited_goods         17
  abandoned_no_fruit      16
  security_by_hearsay     16
  raid_nothing_in_reach   16
  ask_refused             15
  asked_would_not_teach   15
  breakthrough_ponder     15
  crafted_bundle          14
  site_abandoned          14
  caught_outsider         14
  order_obeyed            14
  order_haul_obeyed       14
  meadow_poor_share_sum   13.045341370724676
  baby_picked_up          13
  project_backer_added    13
  sought_out_chief_ask    13
  hungry_at_work_craft    13
  conception              13
  birth                   13
  prey_killed_by_wolf     12
  rest_ended_thirsty      12
  romp_alone              11
  rest_ended_away_from_family11
  project_request_refused 10
  observed_cordage        10
  crafted_handaxe         10
  interrupted_spar_baby_crying10
  would_spoil_meat        9
  abandoned_nothing_to_haul9
  marriage                8
  founding_households     8
  hungry_at_work_forage   8
  pushed_on_hunger_forage 8
  relocation_scarcity_days8
  animal_killed           8
  hunt_killed             8
  mischief_abroad_seen_b0 8
  mischief_abroad_minded_b08
  poison_grade_severe     7
  taught_basketry         7
  prey_killed_by_bear     7
  animal_entered_by_edge  7
  observed_hafting        7
  event_threaten          7
  security_as_victim      7
  dread_as_victim         7
  warned_off              7
  household_feud_started  7
  body_found              7
  chief_chosen            6
  prey_killed_by_lynx     6
  band_planned_mud_hut    6
  conceived_basketry      6
  animal_bit_person       6
  animal_bit_person_lynx  6
  animal_blow_lynx        6
  fled_from_animal        6
  belief_seen_yield_forage5
  sought_out_chief_propose5
  taught_stoneworking     5
  band_planned_windbreak  5
  spark_basketry_1        5
  property_deed_seen_by_owner5
  poisoned_meat           5
  intervened              5
  teaching_failed         4
  ask_taught_nothing      4
  asked_learned_nothing   4
  taught_cordage          4
  taught_plant_lore       4
  taught_hafting          4
  tree_felled             4
  taught_grinding         4
  taught_farming          4
  taught_writing          4
  harvest_hide            4
  hungry_at_work_pick     4
  pushed_on_hunger_pick   4
  sought_out_chief_teach  4
  conceived_herbalism     3
  herd_entered_by_edge    3
  building_completed      3
  observed_marking        3
  hunt_missed             3
  band_planned_storage_pit3
  breakthrough_discuss    3
  observed_basketry       3
  talked_thirsty          3
  animal_bit_person_at_night3
  abandoned_nothing_to_record3
  taught_marking          2
  interrupted_ask_away_from_family2
  spark_herbalism_0       2
  observed_plant_lore     2
  completed_windbreak     2
  belief_seen_yield_pick  2
  conceived_clothing      2
  abandoned_target_gone   2
  unwitnessed             2
  conceived_spinning      2
  spark_spinning_0        2
  remains_found           2
  interrupted_ask_thirsty 1
  recorded_cordage        1
  abandoned_project_no_longer_available1
  recorded_hafting        1
  conceived_division_of_labour1
  spark_division_of_labour_01
  recorded_stoneworking   1
  completed_storage_pit   1
  spark_basketry_0        1
  work_ended_thirsty      1
  recorded_marking        1
  abandoned_fruit_fallen  1
  recorded_plant_lore     1
  recorded_grinding       1
  recorded_farming        1
  abandoned_already_built 1
  talked_away_from_family 1
  conceived_storytelling  1
  spark_storytelling_1    1
  abandoned_store_full    1
  observed_stoneworking   1
  discuss_nothing         1
  talked_nothing_came_of_it1
  spark_clothing_0        1
  hearth_taught           1
  conceived_sickle        1
  spark_sickle_2          1
  spark_clothing_1        1
  conceived_leatherwork   1
  spark_leatherwork_0     1
  order_refused           1
  order_haul_refused      1
  death_starvation        1
  death_settled           1
  succession              1
  corpse_left             1
  orphan_carried          1
  belief_seen_yield_fish  1
  corpse_first_found      1
  widowed_by_seeing       1
  tool_equipped_hunt      1
  tool_equipped_forage    1
  spark_herbalism_2       1
  recorded_writing        1
  romp_thirsty            1
  conceived_firemaking    1
  spark_firemaking_4      1
  spark_wanting_firemaking_41
  work_ended_away_from_family1
  recorded_basketry       1
  bring_food_baby_crying  1
  event_praise            1
  praise_told             1
  abandoned_nothing_to_give1
  conceived_bone_working  1
  spark_bone_working_0    1
  observed_grinding       1
  would_spoil_pear        0
  would_spoil_apple       0
  mood_security_sum       -5719.625789870408
  mood_purpose_sum        -32333.408086307903

ACTIONS (summed over samples)
  idle                    102031
  rest                    56545
  forage                  52375
  go_home                 32897
  talk                    18328
  romp                    17922
  sleep                   16926
  drink                   16166
  gather                  12114
  inscribe                11135
  craft                   9549
  pick                    8989
  spar                    8638
  ponder                  7333
  nurse                   6633
  give                    6517
  ask                     6026
  teach                   5396
  chop                    5301
  shelter                 3296
  store                   2669
  hunt                    2358
  propose                 2129
  take                    1942
  reflect                 1940
  wander                  1756
  haul                    1619
  discuss                 1542
  build                   1065
  eat                     873
  bring_food              526
  pickup                  382
  warn                    248
  praise                  30
  flee                    20
  make_peace              13
  carry_baby              5

KNOWLEDGE
  era: Lower Palaeolithic  ·  10 things known to somebody  ·  0 can make fire

BANDS
  2 chiefs  ·  0 outcast  ·  0 exiled  ·  14 orders obeyed, 1 refused

BUILDINGS
  3 of 6 finished  ·  120 items in store

RELATIONSHIPS
  651 edges across 38 people  ·  454 warm  ·  123 hostile
  Morar band            theft tolerance 1.29   murder 0.71
  Torun band            theft tolerance 1.55   murder 0.81

TERRAIN
  water=6173  beach=1129  grass=4450  forest=3181  hills=1317  rock=134

TRAVEL
  22897 routes found  ·  16.6 mean / 825 worst expansions  ·  1635.5 searches per 1,000 ticks
  route_arrived=415  walk_blocked=0  abandoned_cannot_reach=0
  everything that walks: step_blocked=865  ·  axis_null=0  ·  slides=237
  people only: 0 stuck of 117662 walk ticks (0.0 per 1,000)  ·  denied: cooldown=30288 budget=0
  recoveries=0 (0 found a route)

CHECKS
  PASS  regions-stay-true       13 independently recomputed landmasses; 0 incorrectly labelled tiles and 0 incorrect region sizes
  PASS  hands-limit-loads       0 post-transfer states remained above the hands and fitted-container limit; 743 collection attempts hit a hand limit
  n/a   containers-carry-more   run the porters scenario to compare fitted containers with bare hands
  PASS  people-act-on-what-they-know12859/12859 forage, pick, drink, hunt and chop targets visible or remembered
  n/a   word-of-food-travels    measured in food-news, where the rumour supplies the only food
  PASS  stale-memories-cost     909 trips reached a remembered resource that was exhausted
  PASS  the-map-grows           7.4% → 10.7% mean explored (must grow and remain below 99%)
  n/a   kin-are-defended        0 attacks on children with adult witnesses (need 10)
  n/a   the-young-run-to-their-own0 attacked children fled (need 10)
  FAIL  cravings-steer-the-diet 13.9% rich-protein meals while craving vs 43.0% while calm (need 1.3x)
  PASS  nights-are-slept        56.7% of 3617 adult samples in full night sleeping or resting (need 55%)
  PASS  nights-are-spent-at-home77.6% of 3617 adult night samples within 15 tiles of an anchor (need 70%)
  PASS  moods-move-choices      6.8% talk in low-belonging tercile vs 3.4% in high (3893 samples each; low must be higher)
  PASS  children-keep-close     91.7% of 4240 child samples within radius + 3 of either living parent (need 75%; designated carer=88.9%; top actions: go_home=1061, romp=874, rest=479, sleep=369, forage=271)
  PASS  no-nan                  worst sample had 0 non-finite fields
  PASS  people-in-bounds        worst sample had 0 people outside a 128x128 world
  PASS  people-on-land          worst sample had 0 people standing in water or on rock
  PASS  people-survive          37/25 alive at step 14000 (need 17 over 58 days)
  PASS  deaths-explained        starvation=1 settled=1
  PASS  nobody-stalls-under-orders0 people stalled under order for a full day; 0 gave up walking, 0 of those under order
  PASS  walkers-do-not-grind    0 of 117,662 walking ticks made no real progress (0.0 per 1,000; wanted under 5)
  PASS  paths-are-found         200 pairs sampled on the largest region, every one found — mean 657.2 / worst 4424 expansions; 0 gave up mid-play
  PASS  nobody-walled-in        37 checked; 0 cut off from water, 0 cut off from food in their own region
  PASS  people-drink            drink=3993
  PASS  drinking-is-paced       655 drinks finished over 1761 person-days (0.37 each per day; wanted some, and fewer than 4)
  PASS  food-work-continues     12 ticks of food-gathering continued through hunger that would otherwise have stopped it (663 hunting)
  PASS  people-harvest          berries=701 meat=113 wood=0 flint=20
  PASS  people-eat              eat=1576
  PASS  ai-uses-many-actions    37 distinct actions observed: idle=102031 rest=56545 forage=52375 go_home=32897 talk=18328 romp=17922 sleep=16926 drink=16166 gather=12114 inscribe=11135 craft=9549 pick=8989 spar=8638 ponder=7333 nurse=6633 give=6517 ask=6026 teach=5396 chop=5301 shelter=3296 store=2669 hunt=2358 propose=2129 take=1942 reflect=1940 wander=1756 haul=1619 discuss=1542 build=1065 eat=873 bring_food=526 pickup=382 warn=248 praise=30 flee=20 make_peace=13 carry_baby=5
  PASS  needs-not-pinned        final avgHunger=24.7 avgThirst=12.8 avgCold=16.2 avgCompany=34.2
  PASS  health-holds-up         final avgHealth=97.2 (floor is 60)
  PASS  events-witnessed        deeds=260 witnessed=2111 unwitnessed=2
  PASS  people-talk             conversations=215
  PASS  gossip-is-aimed         0 slanders and 1 praises over 215 conversations
  PASS  rumor-propagates        stories passed on=191
  n/a   opinions-diverge        measured after a witnessed assault in conflicts. 651 relationships across 38 people: 454 warm, 123 hostile
  PASS  materials-delivered     delivered=135 sites=6 finished=3
  PASS  building-starts-small   6 projects measured; 0 exceeded sponsor + backers + ordered workers
  PASS  projects-find-backers   3/3 completed AI-planned projects had a backer (need 70%)
  PASS  shelter-answers-cold    ticks spent sheltering=1352 final avgCold=16.2
  PASS  work-runs-in-stretches  baby_crying=129 node_empty=606 hands_full=1247 tree_bare=42 thirsty=1 cold=1053 away_from_family=1
  PASS  foraging-bites          most bushes stripped at once: 336; wild food went from 1421 to 2412
  n/a   generations-turn-over   run covers only 58 days; too short to say
  PASS  forest-is-used          4 trees felled, 58 timber cut, 234 fruit picked
  PASS  fruit-comes-and-goes-with-the-seasonworst sample had 0 fruit hanging out of season; most windfall seen at once was 6525 across 4 seasons
  PASS  forest-persists         stand went from 938 to 896 (736 grown, 76 seedlings); 60 seeded, 98 died of age
  PASS  bands-have-chiefs       2 chiefs for 37 people; 6 changes of leadership
  PASS  bands-decide-to-build   14 sites marked out by bands themselves (player placed none)
  n/a   camps-move-when-the-land-failsmeasured in the lean survival scenario
  n/a   jobs-bias-work          too few ticks with a job assigned to compare (0 held, 0 not)
  n/a   rebellion-is-rare-but-happensrun covers only 58 days; too short for rebellion to be expected or ruled out
  n/a   raids-are-organised     no chief in this world ever stood badly enough with a neighbour to weigh one
  n/a   knowledge-is-found      run covers under a year; too short to work anything out
  PASS  knowledge-is-passed-on  38 taught deliberately, 27 picked up by watching; 4 lessons that did not take
  PASS  children-are-taught     35 of 38 lessons went to a child, 35 of those from a parent
  n/a   sparks-are-various      this world was handed 9 technologies; what is left to conceive is the scenario talking, not the web
  PASS  ideas-are-conceived     19 ideas conceived (0.43 per person-year; wanted some, and fewer than 3)
  n/a   ideas-become-tech       run covers under a year; 19 conceived, too soon to prove any
  n/a   the-tree-is-climbed     run covers under a year; too soon to get past the root technologies
  PASS  research-is-social      15 breakthroughs alone, 3 by arguing it out
  n/a   trials-accumulate       nothing was proven, so nothing was tried more than once
  n/a   techs-are-refined       nothing was proven, so nothing could be improved
  PASS  records-are-cut         18 things cut into stone or clay; 9 technologies are written down somewhere, 0 read back off a record
  PASS  crafting-is-interruptible60 things made, 36 attempts broken off for a need
  n/a   food-spoils             spoilage is switched off in this scenario
  n/a   stores-keep-food-better-than-packsspoilage is switched off in this scenario
  n/a   pictures-are-painted    nobody here knows how to burn earth red
  n/a   music-answers-lonelinessnobody here can make a flute
  n/a   beer-answers-loneliness nobody here knows how to brew
  n/a   the-temple-gathers      no band had a chief with redistribution and a granary
  n/a   the-ledger-remembers    no temple kept by a chief who keeps accounts
  n/a   taxes-reach-the-temple  no temple kept by a chief who knows how to tax
  n/a   the-law-is-the-same-for-allno chief who judges by the law heard a case of their own people
  n/a   soldiers-are-kept       no temple kept by a chief who knows a standing army
  n/a   kings-reign-for-life    nobody here knows kingship
  n/a   civilisation-is-derived no band holds the six things a civilisation is
  n/a   governments-declare-war-and-peaceno government declared anything in this run
  n/a   the-beaten-pay-tribute  no people submitted to another in this run
  n/a   serfs-are-owned         no governed people took an adult captive in this run
  n/a   feasts-gather-the-band  nobody here knows how to brew
  n/a   the-hurt-are-tended     nobody here knows a herb from a weed
  n/a   wounds-fester-untended  0 untended and 0 dressed wound-days; too few to compare (need 60 of each)
  PASS  raw-meat-sickens        49 illnesses after 447 raw meals; none after anything cooked
  n/a   the-wise-avoid-baneberries0 baneberry meals by the unlettered; nobody was exposed enough to tell
  n/a   animals-are-tamed       nobody here would think of feeding one
  n/a   heads-direct-work       nobody here has the idea of a band with a shape
  n/a   kills-are-butchered-for-bonenobody alive knows what to do with a carcass
  n/a   crafts-happen-at-stations5 station designs exist and no band finished one in this run
  n/a   the-hearth-warms        nobody was cold within range of a finished hearth
  n/a   roast-wins              nobody alive knows cooking
  n/a   cooking-spreads         scenario did not found anyone knowing cooking
  n/a   pots-reach-a-granary    nobody alive knows how to fire clay
  FAIL  discovery-is-situated   every one of 19 ideas came by a named route; 3 of them into the technologies cold suggests
  PASS  population-bounded      peak population 37
  PASS  spatial-hash-spreads    largest bucket holds 6 of 37 items across 14 cells
  PASS  animals-move            mean drift 14.9 tiles/day (floor is 2)
  PASS  animals-flee            829 bolts opened the distance, 339 did not
  PASS  hunts-succeed-and-fail  8 kills, 3 misses, 0 outrun
  PASS  people-eat-meat         113 meat taken; 1576 meals eaten
  PASS  fish-are-caught         398 fish taken; 1576 meals eaten
  n/a   bands-set-traps         nobody in this world knows how to set a trap
  n/a   fields-are-sown-and-reapednobody in this world knows how to farm
  n/a   soil-is-drawn-down      no harvest was taken off any ground in this run
  n/a   compost-answers-exhaustionnobody in this world knows how to compost
  n/a   traps-catch             no trap was finished in this run
  n/a   herds-breed-and-are-cullednobody in this world knows how to keep a pen
  n/a   wells-are-drawn-from    nobody in this world knows how to sink a well
  n/a   milk-is-drawn-and-drunk no milk was ever bred in this run
  n/a   wool-is-sheared-and-wovenno wool was ever bred in this run
  PASS  bands-dont-overbuild    band1=3; 0 over the ceiling, 0 holding empty stores
  PASS  families-exist          8 households of more than one; 37 people with family
  n/a   sleep-restores          nobody had a roof to sleep under in this run
  PASS  kin-outrank-strangers   household=67.0 band=27.3 outsider=-9.8 outsider-unrelated=-9.8 · band-pairs=1 friendliest=0.0 hostile=-39.6
  n/a   bands-take-sides        run covers only 58 days; too short for standing to have spread (1 pairs, spread so far 39.6)
  n/a   violence-concentrates   only 0 blows between peoples here; too few to say where they land
  n/a   peoples-drift-apart     7 incidents between peoples; too few to split the run around
  n/a   peace-within-bands      only 0 blows here; too few to say where they land
  n/a   children-are-not-struck only 0 blows here; too few to say
  n/a   the-struck-respond      only 0 second blows here; too few to say
  n/a   wrongs-reach-the-chief  only 0 debts run up; too few to say
  n/a   upbringing-follows-culturefewer than two peoples saw 15 wrongs by their children abroad, with regard for strangers 0.15 apart
  n/a   the-watched-intervene   only 5 property deeds were seen by their owners; too few to say
  n/a   captives-are-taken      only 0 blows between peoples; no quarrel long enough
  n/a   bodies-are-found        only 1 deaths here; too few to say
  n/a   murders-are-solved      only 0 killings here; too few to say
  PASS  world-has-land          grass=4450 forest=3181 water=6173
  n/a   perf-budget             459 steps/s with 37 people at the peak (floor 1,445); judged only when a scenario runs alone
  PASS  herds-follow-the-grass  5,395 grazer samples, 32% of them on poor grass, against 19% of the meadow and the wood being poor
  PASS  predators-hunt          25 grazers pulled down (12 by wolves, 7 by bears, 6 by lynxes); 6 people bitten
  PASS  fire-keeps-wolves-off   0 of 3500 hunter samples inside a circle of firelight, where chance alone would put 42.5 (0 turned back)
  n/a   a-hunted-out-land-stays-emptythis land was not hunted out
  PASS  slopes-slow             177,955 uphill steps cover 90.6% of the distance asked, 143,670 downhill 103.3%, 24,525 flat 100%
  PASS  hills-see-farther       66 of 701 sightings were from further off than the bare radius of 12 tiles

==============================================================================
2/133 CHECKS FAILED: cravings-steer-the-diet, discovery-is-situated


WORLD HEALTH REPORT  -  scenario "harsh-winter"  seed "winter"
==============================================================================
4000 steps in 7620ms  (525 steps/s)

POPULATION OVER TIME
  step    day   alive  hunger  thirst  tired   cold   lonely  health  food   bare  store  trees  grown  fruit  kids  wed  age   oob  
  0       5     30     0.0     0.0     0.0     0.0    0.0     100.0   1746   168   0      1086   976    0      7     18   24    0    
  400     6     29     19.0    26.7    5.3     0.0    18.4    100.0   924    202   0      956    846    160    7     18   23    0    
  800     8     29     15.0    20.7    4.2     0.0    31.9    100.0   1264   164   0      955    845    504    7     18   23    0    
  1200    10    29     16.6    19.5    5.6     0.0    30.3    100.0   1619   162   0      954    844    724    7     18   23    0    
  1600    11    29     16.8    21.6    10.4    0.0    29.0    99.9    1909   162   9      954    844    788    7     18   23    0    
  2000    13    29     14.9    20.1    5.8     0.0    31.1    99.8    1454   145   34     952    842    1496   7     18   23    0    
  2400    15    30     20.2    24.8    7.0     0.5    20.7    98.8    1856   144   63     950    841    2180   9     18   21    0    
  2800    16    31     17.1    23.0    11.2    6.0    24.7    97.9    2176   144   107    950    841    2345   10    18   20    0    
  3200    18    32     14.8    17.8    9.0     31.8   25.6    97.3    1656   250   127    950    842    0      11    18   20    0    
  3600    20    33     17.4    16.1    7.3     67.5   37.8    96.6    1608   257   174    950    842    0      12    18   19    0    
  4000    21    32     22.2    15.8    4.2     98.8   59.1    95.4    1575   264   199    949    841    0      12    17   19    0    

EVENTS
  path_expanded           167554
  malnutrition_samples    118558
  step_slope_up           54712
  remembered_node_candidate50402
  step_slope_up_ratio     49111.78634880242
  step_slope_down_ratio   47787.48628262931
  step_slope_down         46082
  walk_tick               43793
  walk_arrived            27532
  malnutrition_sum        21433.6927982711
  food_accessible_at_think16531
  rest                    14740
  nursing_hunger_relief   12900
  nursing_thirst_relief   12900
  water_memory_candidate  12824
  place_memory_age_sum_band_211831.65013774773
  yield_obs_yield_forage_sum11532.17379621341
  cold_damage_ticks       11090
  craving_protein_search  10222
  path_denied_cooldown    10148
  water_visible_candidate 9745
  place_memory_age_sum_band_18656.208403869696
  diet_nutrition_total    8573
  place_memory_age_sum_band_07858.092251668352
  path_found              7408
  step_slope_flat_ratio   6594.59758291706
  sleeping_open           6594
  step_slope_flat         6586
  poison_ticks            6165
  craving_protein_reachable6088
  remembered_node_target  4905
  place_memory_samples_band_14566
  yield_obs_yield_fish_sum4421.599436197709
  relocation_food_nodes   4400
  place_memory_samples_band_24141
  action_target_knowledge_checked4080
  action_target_knowledge_known4080
  place_memory_samples_band_04021
  craving_protein_absent  3308
  relocation_food_depleted2492
  rest_ended_thirsty      2068
  action_target_knowledge_visible_forage1821
  diet_nutrition_protein  1536
  grazer_samples          1527
  fruit_thirst_relief     1526.0792192127888
  step_blocked            1503
  action_target_knowledge_visible_chop1490
  drink                   1395
  step_slide              1344
  hydrating_food_candidate1149
  shared_resource_depletion_seen1125
  intruder_sighted        1066
  hunter_samples          1000
  craving_protein_outside_reach826
  craving_protein_masked_by_reachable_food704
  craving_protein_override_selected704
  belief_seen_eat_berries 669
  work_ended_cold         652
  eat                     553
  place_exploration_fraction_band_2514.96484375
  food_blocked_by_reach_at_think494
  food_reach_fallback_at_think494
  mood_samples            481
  macro_samples           481
  action_target_knowledge_visible_pick471
  macro_exertion_sum      463.7276217212499
  place_exploration_fraction_band_1418.23828125
  food_absent_in_search_at_think416
  harvest_berries         415
  place_exploration_fraction_band_0387.541015625
  worked_alongside        367
  grazer_samples_on_poor  363
  eat_craving_protein     348
  yield_obs_yield_forage_n331
  macro_carb_sum          302.28375441715457
  yield_obs_yield_pick_sum281.69950830366435
  belief_seen_eat_fish    279
  elite_larder_preferred  274
  ate_berries             272
  eaten_berries           272
  security_intruder_seen  268
  romp_cold               268
  witnessed               267
  stale_memory_resource_empty253
  abandoned_remembered_wrong253
  water_exploration_no_frontier213
  stored                  212
  work_ended_hands_full   211
  work_ended_node_empty   211
  drink_finished          198
  belief_seen_eat_pear    193
  route_arrived           189
  pushed_on_cold_ponder   187
  food_stored_own         186
  cold_damage_sum         184.84182268830074
  eat_calm_protein        168
  intruder_sighted_beyond_base158
  belief_seen_eat_hazelnut156
  belief_told             155
  action_target_knowledge_visible_drink137
  tree_died_old           135
  action_target_from_memory_forage131
  mood_belonging_sum      129.1020167032023
  nursing_sessions        129
  belief_seen_eat_apple   117
  harvest_fish            114
  yield_obs_yield_hunt_sum113.20754716981132
  water_exploration_offered113
  belief_seen_sick        113
  sought_out_chief_talk   107
  yield_obs_yield_fish_n  107
  talked_cold             107
  hand_capacity_blocked   106
  animal_alarmed          102
  water_place_told        101
  macro_fat_sum           95.73722074813546
  belief_seen_eat_toxic_berries91
  settled_over_work       86
  sparred                 85
  would_spoil_berries     84
  macro_protein_sum       82.97902483471006
  materials_delivered     82
  ate_fish                82
  eaten_fish              82
  risky_meals_fish        82
  conversation            78
  remembered_empty_walk   76
  rumor_spread            76
  cry_interrupted         69
  water_exploration_offered_adult68
  picked_pear             67
  action_target_knowledge_remembered_drink63
  yield_obs_yield_pick_n  57
  picked_hazelnut         57
  harvest_sticks          55
  ate_pear                55
  eaten_pear              55
  sought_out_chief_spar   54
  eat_calm_protein_rich   54
  order_obeyed            52
  order_haul_obeyed       52
  action_target_knowledge_visible_hunt52
  event_share_food        51
  gift_given              51
  ate_hazelnut            49
  eaten_hazelnut          49
  proposed_cold           49
  interrupted_spar_cold   47
  action_target_knowledge_remembered_forage46
  picked_apple            46
  water_exploration_offered_child45
  abandoned_nothing_to_haul44
  food_place_told         43
  conversation_chat       42
  would_spoil_fish        40
  interrupted_spar_thirsty39
  pushed_on_cold_propose  39
  romp_alone              38
  work_ended_tree_bare    38
  belief_seen_eat_plum    38
  woke_thirsty            38
  dropped                 37
  rest_ended_baby_crying  36
  ate_toxic_berries       36
  eaten_toxic_berries     36
  ate_toxic_unwise        36
  risky_meals_toxic_berries36
  raid_for_need_nowhere   35
  order_refused           35
  order_haul_refused      35
  picked_plum             35
  romp_thirsty            35
  romp_together           34
  hungry_at_work_romp     33
  romp_hungry             32
  conversation_interests  31
  haul_units_band_1       30
  haul_units_band_2       30
  ate_plum                30
  eaten_plum              30
  wood_cut                30
  harvest_reeds           29
  hungry_at_work_give     28
  pushed_on_hunger_give   28
  spoilage_prevented      28
  abandoned_no_food       27
  eat_craving_protein_rich27
  ate_apple               27
  eaten_apple             27
  action_target_from_memory_gather_for_site26
  poisoned_toxic_berries  25
  talked_thirsty          25
  romp_away_from_family   24
  haul_units_band_0       22
  work_ended_thirsty      21
  hungry_at_work_rest     21
  meadow_poor_share_samples20
  pushed_on_thirst_explore20
  rest_ended_hungry       20
  poison_grade_severe     19
  picked_up               19
  pickup_ordered          19
  npc_pickup              19
  tree_death_deferred     16
  abandoned_no_fruit      16
  pushed_on_thirst_ask_water16
  reflected               16
  interrupted_discuss_cold15
  body_found              14
  poisoning_passed        14
  work_ended_baby_crying  13
  would_spoil_toxic_berries13
  withdrawn               13
  haul_trip_band_1        12
  harvest_meat            12
  poison_grade_mild       12
  carry_overflow_dropped  12
  site_placed             11
  project_backer_added    11
  haul_trip_band_2        10
  poisoned_fish           10
  interrupted_give_baby_crying10
  marriage                9
  founding_households     9
  haul_trip_band_0        8
  inherited_goods         8
  talked_baby_crying      8
  abandoned_subject_gone  8
  harvest_flint           8
  conception              7
  prey_killed_by_predator 7
  animal_predated         7
  baby_picked_up          6
  rest_ended_away_from_family6
  remains_found           6
  site_abandoned          6
  hurt_person_days        6
  prey_killed_by_wolf     5
  animal_entered_by_edge  5
  birth                   5
  relocation_scarcity_days4
  woke_away_from_family   4
  poison_grade_moderate   4
  water_question_offered  4
  yield_obs_yield_hunt_n  4
  breakthrough_ponder     4
  hungry_at_work_sleep    4
  woke_hungry             4
  chief_chosen            3
  death_settled           3
  corpse_left             3
  conceived_plant_lore    3
  belief_seen_yield_pick  3
  conversation_deep       3
  succession              2
  sought_out_chief_propose2
  grass_cut               2
  corpse_first_found      2
  water_question_answered 2
  ate_meat                2
  eaten_meat              2
  risky_meals_meat        2
  tree_felled             2
  sought_out_chief_give   2
  prey_killed_by_bear     2
  building_completed      2
  completed_storage_pit   2
  spark_plant_lore_2      2
  conceived_cordage       2
  spark_cordage_1         2
  conversation_greet      2
  belief_seen_yield_forage2
  hungry_at_work_pick     2
  pushed_on_hunger_pick   2
  abandoned_fruit_fallen  2
  ponder_nothing          2
  thought_nothing_came_of_it2
  meadow_poor_share_sum   1.5344478216818642
  animal_killed           1
  hunt_killed             1
  water_question_empty    1
  hungry_at_work_forage   1
  pushed_on_hunger_forage 1
  herd_entered_by_edge    1
  discuss_nothing         1
  talked_nothing_came_of_it1
  band_planned_mud_hut    1
  spark_plant_lore_0      1
  gossiped_baby_crying    1
  interrupted_discuss_baby_crying1
  water_question_thirsty  1
  conceived_firemaking    1
  spark_firemaking_1      1
  death_dehydration       1
  unwitnessed             1
  wet_nursing_sessions    1
  band_planned_windbreak  1
  hunter_samples_expected_in_firelight0
  would_spoil_plum        0
  would_spoil_pear        0
  would_spoil_apple       0
  mood_comfort_sum        -325.44405904627916
  mood_security_sum       -346.34286007027123
  mood_purpose_sum        -4523.997852056737

ACTIONS (summed over samples)
  forage                  19478
  rest                    14740
  idle                    13539
  go_home                 12422
  drink                   8726
  spar                    6884
  sleep                   6594
  pick                    6440
  chop                    5354
  romp                    5194
  talk                    4905
  gather                  3494
  store                   3123
  haul                    2767
  give                    1691
  ponder                  1275
  build                   977
  nurse                   589
  propose                 581
  reflect                 327
  eat                     289
  hunt                    257
  take                    206
  pickup                  162
  praise                  157
  discuss                 149
  explore                 123
  cut_grass               74
  wander                  49
  sabotage                22
  ask_water               21

KNOWLEDGE
  era: Lower Palaeolithic  ·  0 things known to somebody  ·  0 can make fire

BANDS
  3 chiefs  ·  0 outcast  ·  0 exiled  ·  52 orders obeyed, 35 refused

BUILDINGS
  2 of 5 finished  ·  199 items in store

RELATIONSHIPS
  332 edges across 35 people  ·  306 warm  ·  19 hostile
  Ithan band            theft tolerance 0.62   murder 1.00
  Fenra band            theft tolerance 0.96   murder 1.28
  Sulva band            theft tolerance 0.44   murder 0.90

TERRAIN
  water=5231  beach=1314  grass=4380  forest=3516  hills=1804  rock=139

TRAVEL
  7408 routes found  ·  22.6 mean / 962 worst expansions  ·  1852.0 searches per 1,000 ticks
  route_arrived=189  walk_blocked=0  abandoned_cannot_reach=0
  everything that walks: step_blocked=1503  ·  axis_null=0  ·  slides=1344
  people only: 0 stuck of 43793 walk ticks (0.0 per 1,000)  ·  denied: cooldown=10148 budget=0
  recoveries=0 (0 found a route)

CHECKS
  PASS  regions-stay-true       5 independently recomputed landmasses; 0 incorrectly labelled tiles and 0 incorrect region sizes
  PASS  hands-limit-loads       0 post-transfer states remained above the hands and fitted-container limit; 106 collection attempts hit a hand limit
  n/a   containers-carry-more   run the porters scenario to compare fitted containers with bare hands
  PASS  people-act-on-what-they-know4080/4080 forage, pick, drink, hunt and chop targets visible or remembered
  n/a   word-of-food-travels    measured in food-news, where the rumour supplies the only food
  PASS  stale-memories-cost     253 trips reached a remembered resource that was exhausted
  PASS  the-map-grows           7.6% → 10.9% mean explored (must grow and remain below 99%)
  n/a   kin-are-defended        0 attacks on children with adult witnesses (need 10)
  n/a   the-young-run-to-their-own0 attacked children fled (need 10)
  FAIL  cravings-steer-the-diet 7.8% rich-protein meals while craving vs 32.1% while calm (need 1.3x)
  FAIL  nights-are-slept        48.5% of 1307 adult samples in full night sleeping or resting (need 55%)
  FAIL  nights-are-spent-at-home65.0% of 1307 adult night samples within 15 tiles of an anchor (need 70%)
  FAIL  moods-move-choices      2.7% talk in low-belonging tercile vs 5.4% in high (1437 samples each; low must be higher)
  PASS  children-keep-close     84.1% of 1105 child samples within radius + 3 of either living parent (need 75%; designated carer=77.6%; top actions: go_home=359, romp=266, sleep=148, drink=108, rest=74)
  PASS  no-nan                  worst sample had 0 non-finite fields
  PASS  people-in-bounds        worst sample had 0 people outside a 128x128 world
  PASS  people-on-land          worst sample had 0 people standing in water or on rock
  PASS  people-survive          32/30 alive at step 4000 (need 21 over 16 days)
  PASS  deaths-explained        settled=3 dehydration=1
  PASS  nobody-stalls-under-orders0 people stalled under order for a full day; 0 gave up walking, 0 of those under order
  PASS  walkers-do-not-grind    0 of 43,793 walking ticks made no real progress (0.0 per 1,000; wanted under 5)
  PASS  paths-are-found         200 pairs sampled on the largest region, every one found — mean 560.8 / worst 3327 expansions; 0 gave up mid-play
  PASS  nobody-walled-in        32 checked; 0 cut off from water, 0 cut off from food in their own region
  PASS  people-drink            drink=1395
  PASS  drinking-is-paced       198 drinks finished over 484 person-days (0.41 each per day; wanted some, and fewer than 4)
  PASS  food-work-continues     3 ticks of food-gathering continued through hunger that would otherwise have stopped it (0 hunting)
  PASS  people-harvest          berries=415 meat=12 wood=0 flint=8
  PASS  people-eat              eat=553
  PASS  ai-uses-many-actions    31 distinct actions observed: forage=19478 rest=14740 idle=13539 go_home=12422 drink=8726 spar=6884 sleep=6594 pick=6440 chop=5354 romp=5194 talk=4905 gather=3494 store=3123 haul=2767 give=1691 ponder=1275 build=977 nurse=589 propose=581 reflect=327 eat=289 hunt=257 take=206 pickup=162 praise=157 discuss=149 explore=123 cut_grass=74 wander=49 sabotage=22 ask_water=21
  FAIL  needs-not-pinned        final avgHunger=22.2 avgThirst=15.8 avgCold=98.8 avgCompany=59.1
  PASS  health-holds-up         final avgHealth=95.4 (floor is 60)
  PASS  events-witnessed        deeds=51 witnessed=267 unwitnessed=1
  PASS  people-talk             conversations=78
  n/a   gossip-is-aimed         run covers only 16 days; too short for a story worth telling
  PASS  rumor-propagates        stories passed on=76
  n/a   opinions-diverge        measured after a witnessed assault in conflicts. 332 relationships across 35 people: 306 warm, 19 hostile
  PASS  materials-delivered     delivered=82 sites=5 finished=2
  PASS  building-starts-small   4 projects measured; 0 exceeded sponsor + backers + ordered workers
  PASS  projects-find-backers   2/2 completed AI-planned projects had a backer (need 70%)
  FAIL  shelter-answers-cold    ticks spent sheltering=0 final avgCold=98.8
  PASS  work-runs-in-stretches  hands_full=211 node_empty=211 tree_bare=38 baby_crying=13 thirsty=21 cold=652
  PASS  foraging-bites          most bushes stripped at once: 264; wild food went from 1746 to 1575
  n/a   generations-turn-over   run covers only 16 days; too short to say
  PASS  forest-is-used          2 trees felled, 30 timber cut, 224 fruit picked
  PASS  fruit-comes-and-goes-with-the-seasonworst sample had 0 fruit hanging out of season; most windfall seen at once was 13096 across 4 seasons
  PASS  forest-persists         stand went from 1086 to 949 (841 grown, 21 seedlings); 0 seeded, 135 died of age
  PASS  bands-have-chiefs       3 chiefs for 32 people; 3 changes of leadership
  n/a   bands-decide-to-build   run too short for a band to plan anything
  n/a   camps-move-when-the-land-failsmeasured in the lean survival scenario
  n/a   jobs-bias-work          too few ticks with a job assigned to compare (0 held, 0 not)
  n/a   rebellion-is-rare-but-happensrun covers only 16 days; too short for rebellion to be expected or ruled out
  n/a   raids-are-organised     no chief in this world ever stood badly enough with a neighbour to weigh one
  n/a   knowledge-is-found      run covers under a year; too short to work anything out
  n/a   knowledge-is-passed-on  run too short to teach anything
  n/a   ideas-are-conceived     run too short for anybody to have an idea
  n/a   sparks-are-various      run too short for more than one route to fire
  n/a   ideas-become-tech       run too short to carry an idea to a proven design
  n/a   the-tree-is-climbed     run too short to get past the root technologies
  n/a   research-is-social      run too short for anybody to argue anything out
  n/a   techs-are-refined       run too short to improve a design
  n/a   records-are-cut         nobody in this world can write
  n/a   crafting-is-interruptibletoo few crafting attempts to tell (0 made, 0 interrupted)
  n/a   food-spoils             spoilage is switched off in this scenario
  n/a   stores-keep-food-better-than-packsspoilage is switched off in this scenario
  n/a   pictures-are-painted    nobody here knows how to burn earth red
  n/a   music-answers-lonelinessnobody here can make a flute
  n/a   beer-answers-loneliness nobody here knows how to brew
  n/a   the-temple-gathers      no band had a chief with redistribution and a granary
  n/a   the-ledger-remembers    no temple kept by a chief who keeps accounts
  n/a   taxes-reach-the-temple  no temple kept by a chief who knows how to tax
  n/a   the-law-is-the-same-for-allno chief who judges by the law heard a case of their own people
  n/a   soldiers-are-kept       no temple kept by a chief who knows a standing army
  n/a   kings-reign-for-life    nobody here knows kingship
  n/a   civilisation-is-derived no band holds the six things a civilisation is
  n/a   governments-declare-war-and-peaceno government declared anything in this run
  n/a   the-beaten-pay-tribute  no people submitted to another in this run
  n/a   serfs-are-owned         no governed people took an adult captive in this run
  n/a   feasts-gather-the-band  nobody here knows how to brew
  n/a   the-hurt-are-tended     nobody here knows a herb from a weed
  n/a   wounds-fester-untended  0 untended and 0 dressed wound-days; too few to compare (need 60 of each)
  PASS  raw-meat-sickens        10 illnesses after 84 raw meals; none after anything cooked
  PASS  the-wise-avoid-baneberries36 baneberry meals by people without plant lore (25 fell ill), 0 by people who had it
  n/a   animals-are-tamed       nobody here would think of feeding one
  n/a   heads-direct-work       nobody here has the idea of a band with a shape
  n/a   kills-are-butchered-for-bonenobody alive knows what to do with a carcass
  n/a   crafts-happen-at-stations5 station designs exist and no band finished one in this run
  n/a   the-hearth-warms        nobody was cold within range of a finished hearth
  n/a   roast-wins              nobody alive knows cooking
  n/a   cooking-spreads         scenario did not found anyone knowing cooking
  n/a   pots-reach-a-granary    nobody alive knows how to fire clay
  PASS  discovery-is-situated   every one of 6 ideas came by a named route; 1 of them into the technologies cold suggests
  PASS  population-bounded      peak population 33
  PASS  spatial-hash-spreads    largest bucket holds 6 of 32 items across 17 cells
  PASS  animals-move            mean drift 14.2 tiles/day (floor is 2)
  PASS  animals-flee            161 bolts opened the distance, 29 did not
  n/a   hunts-succeed-and-fail  too few strikes to tell (1 kills, 0 misses)
  PASS  people-eat-meat         12 meat taken; 553 meals eaten
  PASS  fish-are-caught         114 fish taken; 553 meals eaten
  n/a   bands-set-traps         nobody in this world knows how to set a trap
  n/a   fields-are-sown-and-reapednobody in this world knows how to farm
  n/a   soil-is-drawn-down      no harvest was taken off any ground in this run
  n/a   compost-answers-exhaustionnobody in this world knows how to compost
  n/a   traps-catch             no trap was finished in this run
  n/a   herds-breed-and-are-cullednobody in this world knows how to keep a pen
  n/a   wells-are-drawn-from    nobody in this world knows how to sink a well
  n/a   milk-is-drawn-and-drunk no milk was ever bred in this run
  n/a   wool-is-sheared-and-wovenno wool was ever bred in this run
  PASS  bands-dont-overbuild    band1=1 band2=1; 0 over the ceiling, 0 holding empty stores
  PASS  families-exist          9 households of more than one; 31 people with family
  n/a   sleep-restores          nobody had a roof to sleep under in this run
  PASS  kin-outrank-strangers   household=62.9 band=12.6 outsider=-5.9 outsider-unrelated=-5.9 · band-pairs=1 friendliest=0.0 hostile=-26.2
  n/a   bands-take-sides        run covers only 16 days; too short for standing to have spread (1 pairs, spread so far 26.2)
  n/a   violence-concentrates   only 0 blows between peoples here; too few to say where they land
  n/a   peoples-drift-apart     0 incidents between peoples; too few to split the run around
  n/a   peace-within-bands      only 0 blows here; too few to say where they land
  n/a   children-are-not-struck only 0 blows here; too few to say
  n/a   the-struck-respond      only 0 second blows here; too few to say
  n/a   wrongs-reach-the-chief  only 0 debts run up; too few to say
  n/a   upbringing-follows-culturefewer than two peoples saw 15 wrongs by their children abroad, with regard for strangers 0.15 apart
  n/a   the-watched-intervene   only 0 property deeds were seen by their owners; too few to say
  n/a   captives-are-taken      only 0 blows between peoples; no quarrel long enough
  n/a   bodies-are-found        only 3 deaths here; too few to say
  n/a   murders-are-solved      only 0 killings here; too few to say
  PASS  world-has-land          grass=4380 forest=3516 water=5231
  n/a   perf-budget             525 steps/s with 33 people at the peak (floor 1,592); judged only when a scenario runs alone
  PASS  herds-follow-the-grass  1,527 grazer samples, 24% of them on poor grass, against 8% of the meadow and the wood being poor
  PASS  predators-hunt          7 grazers pulled down (5 by wolves, 2 by bears, 0 by lynxes); 0 people bitten
  n/a   fire-keeps-wolves-off   1000 hunter samples with 0.0 expected inside a circle of firelight; too few to say
  n/a   a-hunted-out-land-stays-emptythis land was not hunted out
  PASS  slopes-slow             54,712 uphill steps cover 89.8% of the distance asked, 46,082 downhill 103.7%, 6,586 flat 100%
  PASS  hills-see-farther       158 of 1,066 sightings were from further off than the bare radius of 12 tiles

==============================================================================
6/131 CHECKS FAILED: cravings-steer-the-diet, nights-are-slept, nights-are-spent-at-home, moods-move-choices, needs-not-pinned, shelter-answers-cold


WORLD HEALTH REPORT  -  scenario "coast"  seed "coast"
==============================================================================
4000 steps in 3673ms  (1,089 steps/s)

POPULATION OVER TIME
  step    day   alive  hunger  thirst  tired   cold   lonely  health  food   bare  store  trees  grown  fruit  kids  wed  age   oob  
  0       5     24     0.0     0.0     0.0     0.0    0.0     100.0   1403   198   0      1201   1076   0      8     14   19    0    
  400     6     24     18.8    19.6    5.5     0.0    13.1    100.0   1578   202   0      1067   942    0      8     14   19    0    
  800     8     24     18.2    16.5    2.6     0.0    23.6    100.0   1721   207   0      1083   942    0      8     14   19    0    
  1200    10    24     17.3    11.8    1.8     0.0    28.4    99.8    859    279   0      1089   941    114    8     14   19    0    
  1600    11    24     20.8    16.4    5.1     0.0    25.2    99.7    1268   130   0      1089   942    233    8     14   19    0    
  2000    13    24     16.4    18.4    3.1     0.0    28.3    99.7    1651   129   21     1088   941    470    8     14   19    0    
  2400    15    24     16.8    14.6    4.8     0.0    28.9    99.7    2034   137   82     1087   940    695    8     14   19    0    
  2800    16    25     17.6    16.6    5.9     0.0    27.2    99.7    2429   134   125    1087   940    751    9     14   18    0    
  3200    18    26     13.8    15.4    2.5     0.0    29.3    99.7    2697   135   153    1087   941    874    10    14   17    0    
  3600    20    27     16.8    17.1    2.0     0.0    18.7    99.8    1483   234   205    1086   941    909    11    14   17    0    
  4000    21    27     15.0    15.6    4.9     0.0    24.9    99.8    1861   165   218    1086   941    1210   11    14   17    0    

EVENTS
  malnutrition_samples    99120
  path_expanded           52243
  step_slope_up           46002
  step_slope_up_ratio     41672.47697534349
  step_slope_down_ratio   39403.516968077995
  step_slope_down         38114
  walk_tick               28040
  walk_arrived            27709
  malnutrition_sum        18802.969960658305
  rest                    15073
  water_memory_candidate  11782
  food_accessible_at_think11775
  water_visible_candidate 11771
  yield_obs_yield_forage_sum9050.469576973
  path_denied_cooldown    7517
  sleeping_open           7388
  place_memory_age_sum_band_07328.667196667734
  diet_nutrition_total    6964
  yield_obs_yield_fish_sum6711.706711460643
  step_slope_flat_ratio   6274.426115565005
  step_slope_flat         6267
  place_memory_age_sum_band_16112.868925269508
  path_found              5642
  place_memory_samples_band_15272
  place_memory_samples_band_04946
  nursing_hunger_relief   4400
  nursing_thirst_relief   4400
  craving_protein_search  3582
  action_target_knowledge_checked3367
  action_target_knowledge_known3367
  diet_nutrition_protein  3042
  poison_ticks            2949
  craving_protein_reachable2737
  relocation_food_nodes   2496
  action_target_knowledge_visible_forage2097
  shared_resource_depletion_seen1929
  remembered_node_candidate1528
  grazer_samples          1461
  drink                   1344
  mood_belonging_sum      1323.4353552268508
  relocation_food_depleted1186
  hunter_samples          1000
  fruit_thirst_relief     866.1537810544604
  belief_seen_eat_berries 838
  belief_seen_eat_fish    823
  action_target_knowledge_visible_chop689
  craving_protein_outside_reach619
  worked_alongside        543
  craving_protein_masked_by_reachable_food486
  craving_protein_override_selected486
  elite_larder_preferred  474
  eat                     448
  witnessed               428
  place_exploration_fraction_band_1420.287109375
  mood_samples            395
  macro_samples           395
  macro_exertion_sum      368.10410409804217
  action_target_knowledge_visible_pick348
  harvest_berries         335
  food_blocked_by_reach_at_think332
  food_reach_fallback_at_think332
  place_exploration_fraction_band_0327.099609375
  hydrating_food_candidate299
  yield_obs_yield_forage_n288
  eat_calm_protein        275
  stale_memory_resource_empty258
  abandoned_remembered_wrong258
  grazer_samples_on_poor  257
  step_blocked            245
  stored                  239
  work_ended_hands_full   234
  work_ended_node_empty   229
  craving_protein_absent  226
  remembered_node_target  223
  drink_finished          220
  action_target_knowledge_visible_drink219
  macro_carb_sum          204.4352050583573
  ate_berries             204
  eaten_berries           204
  mood_comfort_sum        200.9478340007015
  yield_obs_yield_fish_n  197
  food_stored_own         186
  ate_fish                169
  eaten_fish              169
  risky_meals_fish        169
  belief_told             165
  belief_seen_sick        163
  yield_obs_yield_pick_sum160.7502235294374
  sought_out_chief_talk   152
  eat_calm_protein_rich   145
  hungry_at_work_rest     145
  route_arrived           142
  harvest_fish            139
  tree_died_old           139
  eat_craving_protein     136
  water_place_told        128
  would_spoil_fish        123
  belief_seen_eat_pear    114
  belief_seen_eat_toxic_berries109
  macro_protein_sum       108.81462012614149
  animal_alarmed          99
  rest_ended_hungry       92
  hand_capacity_blocked   91
  romp_together           89
  macro_fat_sum           81.75017481550124
  settled_over_work       81
  conversation            80
  sparred                 77
  materials_delivered     70
  step_slide              68
  hungry_at_work_talk     65
  picked_plum             60
  belief_seen_eat_plum    58
  rumor_spread            56
  talked_hungry           56
  haul_units_band_1       53
  would_spoil_berries     52
  event_share_food        51
  gift_given              51
  harvest_sticks          50
  conversation_chat       48
  picked_pear             46
  sought_out_chief_spar   45
  nursing_sessions        44
  yield_obs_yield_pick_n  40
  harvest_flint           38
  mood_security_sum       36.15651402257123
  work_ended_tree_bare    35
  order_obeyed            32
  order_haul_obeyed       32
  action_target_from_memory_forage32
  dropped                 32
  spoilage_prevented      32
  raid_for_need_nowhere   30
  abandoned_nothing_to_haul30
  harvest_reeds           28
  ate_pear                27
  eaten_pear              27
  reflected               26
  food_absent_in_search_at_think26
  wood_cut                26
  tree_seeded             25
  ate_toxic_berries       25
  eaten_toxic_berries     25
  ate_toxic_unwise        25
  risky_meals_toxic_berries25
  conversation_interests  24
  food_place_told         23
  hungry_at_work_spar     22
  cry_interrupted         22
  romp_away_from_family   21
  withdrawn               21
  ate_plum                21
  eaten_plum              21
  meadow_poor_share_samples20
  abandoned_no_food       20
  eat_craving_protein_rich20
  hungry_at_work_romp     19
  romp_hungry             19
  haul_units_band_0       17
  poison_grade_moderate   17
  poisoning_passed        17
  abandoned_no_fruit      17
  poisoned_toxic_berries  17
  haul_trip_band_1        15
  poisoned_fish           15
  hungry_at_work_sleep    15
  woke_hungry             15
  hungry_at_work_give     14
  pushed_on_hunger_give   14
  interrupted_spar_hungry 13
  order_refused           13
  order_haul_refused      13
  water_exploration_offered13
  water_exploration_offered_child13
  action_target_knowledge_remembered_forage12
  sought_out_chief_give   11
  harvest_clay            10
  site_placed             9
  haul_trip_band_0        9
  carry_overflow_dropped  9
  prey_killed_by_predator 9
  animal_predated         9
  breakthrough_ponder     9
  project_backer_added    8
  poison_grade_severe     8
  marriage                7
  founding_households     7
  poison_grade_mild       7
  remembered_empty_walk   7
  would_spoil_plum        7
  would_spoil_toxic_berries7
  work_ended_baby_crying  7
  rest_ended_baby_crying  7
  conception              6
  picked_up               6
  pickup_ordered          6
  npc_pickup              6
  conversation_deep       6
  conceived_cordage       5
  spark_cordage_1         5
  hungry_at_work_forage   5
  pushed_on_hunger_forage 5
  prey_killed_by_wolf     5
  belief_seen_yield_fish  4
  woke_away_from_family   4
  interrupted_give_baby_crying4
  picked_hazelnut         4
  picked_apple            4
  ate_at_source           3
  ponder_nothing          3
  thought_nothing_came_of_it3
  site_abandoned          3
  birth                   3
  baby_picked_up          3
  action_target_from_memory_gather_for_site3
  interrupted_discuss_baby_crying3
  romp_alone              3
  belief_seen_eat_apple   3
  chief_chosen            2
  rest_ended_away_from_family2
  relocation_scarcity_days2
  belief_seen_yield_pick  2
  prey_killed_by_lynx     2
  crafted_spear           2
  building_completed      2
  completed_storage_pit   2
  animal_entered_by_edge  2
  conversation_greet      2
  band_planned_windbreak  2
  prey_killed_by_bear     2
  breakthrough_discuss    2
  action_target_knowledge_remembered_drink2
  discuss_nothing         2
  talked_nothing_came_of_it2
  belief_seen_yield_forage2
  project_request_refused 2
  work_ended_thirsty      1
  unwitnessed             1
  tree_felled             1
  abandoned_tree_gone     1
  herd_entered_by_edge    1
  conceived_plant_lore    1
  spark_plant_lore_0      1
  band_planned_mud_hut    1
  talked_away_from_family 1
  sought_out_chief_propose1
  talked_baby_crying      1
  ate_hazelnut            1
  eaten_hazelnut          1
  belief_seen_eat_hazelnut1
  work_ended_away_from_family1
  ate_apple               1
  eaten_apple             1
  meadow_poor_share_sum   0.764269406392694
  hunter_samples_expected_in_firelight0
  would_spoil_pear        0
  would_spoil_apple       0
  mood_purpose_sum        -3741.1605893557844

ACTIONS (summed over samples)
  forage                  21858
  rest                    15073
  sleep                   7388
  gather                  6523
  romp                    5890
  go_home                 5688
  idle                    5072
  spar                    4974
  pick                    4882
  talk                    4722
  chop                    3373
  drink                   3259
  ponder                  2145
  store                   1968
  give                    1606
  haul                    1070
  build                   760
  discuss                 717
  reflect                 520
  craft                   466
  propose                 459
  eat                     250
  nurse                   176
  pickup                  126
  take                    75
  wander                  70
  explore                 13

KNOWLEDGE
  era: Lower Palaeolithic  ·  2 things known to somebody  ·  0 can make fire

BANDS
  2 chiefs  ·  0 outcast  ·  0 exiled  ·  32 orders obeyed, 13 refused

BUILDINGS
  2 of 6 finished  ·  218 items in store

RELATIONSHIPS
  291 edges across 27 people  ·  290 warm  ·  0 hostile
  Othin band            theft tolerance 0.31   murder 0.94
  Belia band            theft tolerance 1.48   murder 1.00

TERRAIN
  water=4456  beach=1531  grass=4782  forest=3978  hills=1487  rock=150

TRAVEL
  5642 routes found  ·  9.3 mean / 200 worst expansions  ·  1410.5 searches per 1,000 ticks
  route_arrived=142  walk_blocked=0  abandoned_cannot_reach=0
  everything that walks: step_blocked=245  ·  axis_null=0  ·  slides=68
  people only: 0 stuck of 28040 walk ticks (0.0 per 1,000)  ·  denied: cooldown=7517 budget=0
  recoveries=0 (0 found a route)

CHECKS
  PASS  regions-stay-true       4 independently recomputed landmasses; 0 incorrectly labelled tiles and 0 incorrect region sizes
  PASS  hands-limit-loads       0 post-transfer states remained above the hands and fitted-container limit; 91 collection attempts hit a hand limit
  n/a   containers-carry-more   run the porters scenario to compare fitted containers with bare hands
  PASS  people-act-on-what-they-know3367/3367 forage, pick, drink, hunt and chop targets visible or remembered
  n/a   word-of-food-travels    measured in food-news, where the rumour supplies the only food
  PASS  stale-memories-cost     258 trips reached a remembered resource that was exhausted
  PASS  the-map-grows           6.6% → 7.3% mean explored (must grow and remain below 99%)
  n/a   kin-are-defended        0 attacks on children with adult witnesses (need 10)
  n/a   the-young-run-to-their-own0 attacked children fled (need 10)
  FAIL  cravings-steer-the-diet 14.7% rich-protein meals while craving vs 52.7% while calm (need 1.3x)
  PASS  nights-are-slept        67.0% of 800 adult samples in full night sleeping or resting (need 55%)
  PASS  nights-are-spent-at-home96.1% of 800 adult night samples within 15 tiles of an anchor (need 70%)
  PASS  moods-move-choices      2.9% talk in low-belonging tercile vs 2.8% in high (1066 samples each; low must be higher)
  PASS  children-keep-close     94.5% of 1400 child samples within radius + 3 of either living parent (need 75%; designated carer=92.5%; top actions: romp=283, go_home=259, sleep=191, forage=186, rest=151)
  PASS  no-nan                  worst sample had 0 non-finite fields
  PASS  people-in-bounds        worst sample had 0 people outside a 128x128 world
  PASS  people-on-land          worst sample had 0 people standing in water or on rock
  PASS  people-survive          27/24 alive at step 4000 (need 17 over 16 days)
  PASS  deaths-explained        nobody died
  PASS  nobody-stalls-under-orders0 people stalled under order for a full day; 0 gave up walking, 0 of those under order
  PASS  walkers-do-not-grind    0 of 28,040 walking ticks made no real progress (0.0 per 1,000; wanted under 5)
  PASS  paths-are-found         200 pairs sampled on the largest region, every one found — mean 719.9 / worst 3719 expansions; 0 gave up mid-play
  PASS  nobody-walled-in        27 checked; 0 cut off from water, 0 cut off from food in their own region
  PASS  people-drink            drink=1344
  PASS  drinking-is-paced       220 drinks finished over 397 person-days (0.55 each per day; wanted some, and fewer than 4)
  PASS  food-work-continues     5 ticks of food-gathering continued through hunger that would otherwise have stopped it (0 hunting)
  PASS  people-harvest          berries=335 meat=0 wood=0 flint=38
  PASS  people-eat              eat=448
  PASS  ai-uses-many-actions    27 distinct actions observed: forage=21858 rest=15073 sleep=7388 gather=6523 romp=5890 go_home=5688 idle=5072 spar=4974 pick=4882 talk=4722 chop=3373 drink=3259 ponder=2145 store=1968 give=1606 haul=1070 build=760 discuss=717 reflect=520 craft=466 propose=459 eat=250 nurse=176 pickup=126 take=75 wander=70 explore=13
  PASS  needs-not-pinned        final avgHunger=15.0 avgThirst=15.6 avgCold=0.0 avgCompany=24.9
  PASS  health-holds-up         final avgHealth=99.8 (floor is 60)
  PASS  events-witnessed        deeds=51 witnessed=428 unwitnessed=1
  PASS  people-talk             conversations=80
  n/a   gossip-is-aimed         run covers only 16 days; too short for a story worth telling
  PASS  rumor-propagates        stories passed on=56
  n/a   opinions-diverge        measured after a witnessed assault in conflicts. 291 relationships across 27 people: 290 warm, 0 hostile
  PASS  materials-delivered     delivered=70 sites=6 finished=2
  PASS  building-starts-small   6 projects measured; 0 exceeded sponsor + backers + ordered workers
  PASS  projects-find-backers   2/2 completed AI-planned projects had a backer (need 70%)
  n/a   shelter-answers-cold    never got cold (peak avgCold 0.0)
  PASS  work-runs-in-stretches  node_empty=229 hands_full=234 thirsty=1 tree_bare=35 baby_crying=7 away_from_family=1
  PASS  foraging-bites          most bushes stripped at once: 279; wild food went from 1403 to 1861
  n/a   generations-turn-over   run covers only 16 days; too short to say
  PASS  forest-is-used          1 trees felled, 26 timber cut, 120 fruit picked
  PASS  fruit-comes-and-goes-with-the-seasonworst sample had 0 fruit hanging out of season; most windfall seen at once was 238 across 3 seasons
  PASS  forest-persists         stand went from 1201 to 1086 (941 grown, 52 seedlings); 25 seeded, 139 died of age
  PASS  bands-have-chiefs       2 chiefs for 27 people; 2 changes of leadership
  n/a   bands-decide-to-build   run too short for a band to plan anything
  n/a   camps-move-when-the-land-failsmeasured in the lean survival scenario
  n/a   jobs-bias-work          too few ticks with a job assigned to compare (0 held, 0 not)
  n/a   rebellion-is-rare-but-happensrun covers only 16 days; too short for rebellion to be expected or ruled out
  n/a   raids-are-organised     no chief in this world ever stood badly enough with a neighbour to weigh one
  n/a   knowledge-is-found      run covers under a year; too short to work anything out
  n/a   knowledge-is-passed-on  run too short to teach anything
  n/a   ideas-are-conceived     run too short for anybody to have an idea
  n/a   sparks-are-various      run too short for more than one route to fire
  n/a   ideas-become-tech       run too short to carry an idea to a proven design
  n/a   the-tree-is-climbed     run too short to get past the root technologies
  n/a   research-is-social      run too short for anybody to argue anything out
  n/a   techs-are-refined       run too short to improve a design
  n/a   records-are-cut         nobody in this world can write
  n/a   crafting-is-interruptibletoo few crafting attempts to tell (2 made, 0 interrupted)
  n/a   food-spoils             spoilage is switched off in this scenario
  n/a   stores-keep-food-better-than-packsspoilage is switched off in this scenario
  n/a   pictures-are-painted    nobody here knows how to burn earth red
  n/a   music-answers-lonelinessnobody here can make a flute
  n/a   beer-answers-loneliness nobody here knows how to brew
  n/a   the-temple-gathers      no band had a chief with redistribution and a granary
  n/a   the-ledger-remembers    no temple kept by a chief who keeps accounts
  n/a   taxes-reach-the-temple  no temple kept by a chief who knows how to tax
  n/a   the-law-is-the-same-for-allno chief who judges by the law heard a case of their own people
  n/a   soldiers-are-kept       no temple kept by a chief who knows a standing army
  n/a   kings-reign-for-life    nobody here knows kingship
  n/a   civilisation-is-derived no band holds the six things a civilisation is
  n/a   governments-declare-war-and-peaceno government declared anything in this run
  n/a   the-beaten-pay-tribute  no people submitted to another in this run
  n/a   serfs-are-owned         no governed people took an adult captive in this run
  n/a   feasts-gather-the-band  nobody here knows how to brew
  n/a   the-hurt-are-tended     nobody here knows a herb from a weed
  n/a   wounds-fester-untended  0 untended and 0 dressed wound-days; too few to compare (need 60 of each)
  PASS  raw-meat-sickens        15 illnesses after 169 raw meals; none after anything cooked
  PASS  the-wise-avoid-baneberries25 baneberry meals by people without plant lore (17 fell ill), 0 by people who had it
  n/a   animals-are-tamed       nobody here would think of feeding one
  n/a   heads-direct-work       nobody here has the idea of a band with a shape
  n/a   kills-are-butchered-for-bonenobody alive knows what to do with a carcass
  n/a   crafts-happen-at-stations5 station designs exist and no band finished one in this run
  n/a   the-hearth-warms        nobody was cold within range of a finished hearth
  n/a   roast-wins              nobody alive knows cooking
  n/a   cooking-spreads         scenario did not found anyone knowing cooking
  n/a   pots-reach-a-granary    nobody alive knows how to fire clay
  PASS  discovery-is-situated   every one of 6 ideas came by a named route; 0 of them into the technologies cold suggests
  PASS  population-bounded      peak population 27
  PASS  spatial-hash-spreads    largest bucket holds 8 of 27 items across 9 cells
  PASS  animals-move            mean drift 14.2 tiles/day (floor is 2)
  PASS  animals-flee            68 bolts opened the distance, 31 did not
  n/a   hunts-succeed-and-fail  too few strikes to tell (0 kills, 0 misses)
  n/a   people-eat-meat         no meat entered the world in this run
  PASS  fish-are-caught         139 fish taken; 448 meals eaten
  n/a   bands-set-traps         nobody in this world knows how to set a trap
  n/a   fields-are-sown-and-reapednobody in this world knows how to farm
  n/a   soil-is-drawn-down      no harvest was taken off any ground in this run
  n/a   compost-answers-exhaustionnobody in this world knows how to compost
  n/a   traps-catch             no trap was finished in this run
  n/a   herds-breed-and-are-cullednobody in this world knows how to keep a pen
  n/a   wells-are-drawn-from    nobody in this world knows how to sink a well
  n/a   milk-is-drawn-and-drunk no milk was ever bred in this run
  n/a   wool-is-sheared-and-wovenno wool was ever bred in this run
  PASS  bands-dont-overbuild    band0=1 band1=1; 0 over the ceiling, 0 holding empty stores
  PASS  families-exist          7 households of more than one; 25 people with family
  n/a   sleep-restores          nobody had a roof to sleep under in this run
  n/a   kin-outrank-strangers   not all three kinds of tie have 10+ pairs here: household=64.4 band=16.7 outsider=n/a outsider-unrelated=n/a · band-pairs=0 friendliest=0.0 hostile=0.0
  n/a   bands-take-sides        no two bands have touched each other in this run
  n/a   violence-concentrates   only 0 blows between peoples here; too few to say where they land
  n/a   peoples-drift-apart     0 incidents between peoples; too few to split the run around
  n/a   peace-within-bands      only 0 blows here; too few to say where they land
  n/a   children-are-not-struck only 0 blows here; too few to say
  n/a   the-struck-respond      only 0 second blows here; too few to say
  n/a   wrongs-reach-the-chief  only 0 debts run up; too few to say
  n/a   upbringing-follows-culturefewer than two peoples saw 15 wrongs by their children abroad, with regard for strangers 0.15 apart
  n/a   the-watched-intervene   only 0 property deeds were seen by their owners; too few to say
  n/a   captives-are-taken      only 0 blows between peoples; no quarrel long enough
  n/a   bodies-are-found        only 0 deaths here; too few to say
  n/a   murders-are-solved      only 0 killings here; too few to say
  PASS  world-has-land          grass=4782 forest=3978 water=4456
  n/a   perf-budget             1,089 steps/s with 27 people at the peak (floor 1,880); judged only when a scenario runs alone
  PASS  herds-follow-the-grass  1,461 grazer samples, 18% of them on poor grass, against 4% of the meadow and the wood being poor
  PASS  predators-hunt          9 grazers pulled down (5 by wolves, 2 by bears, 2 by lynxes); 0 people bitten
  n/a   fire-keeps-wolves-off   1000 hunter samples with 0.0 expected inside a circle of firelight; too few to say
  n/a   a-hunted-out-land-stays-emptythis land was not hunted out
  PASS  slopes-slow             46,002 uphill steps cover 90.6% of the distance asked, 38,114 downhill 103.4%, 6,267 flat 100%
  n/a   hills-see-farther       0 sightings of strangers in this run; too few to say

==============================================================================
1/131 CHECKS FAILED: cravings-steer-the-diet


WORLD HEALTH REPORT  -  scenario "traps"  seed "beta"
==============================================================================
9000 steps in 12207ms  (737 steps/s)

POPULATION OVER TIME
  step    day   alive  hunger  thirst  tired   cold   lonely  health  food   bare  store  trees  grown  fruit  kids  wed  age   oob  
  0       5     18     0.0     0.0     0.0     0.0    0.0     100.0   1446   191   0      1317   1164   0      3     14   23    0    
  900     8     18     24.3    20.2    10.0    0.0    35.0    100.0   1876   194   0      1185   1007   0      3     14   24    0    
  1800    12    18     13.8    17.7    3.7     0.0    24.5    100.0   1410   150   0      1189   1007   490    3     14   24    0    
  2700    16    20     19.9    16.5    2.3     0.0    28.6    100.0   2199   149   0      1188   1008   1100   5     14   22    0    
  3600    20    21     17.8    19.1    3.4     0.0    25.1    99.9    1508   238   0      1186   1006   1138   6     14   21    0    
  4500    23    25     17.2    12.9    5.2     0.0    18.7    99.6    2349   150   0      1184   1004   1921   10    14   17    0    
  5400    27    25     17.3    16.6    4.0     3.2    18.2    99.6    2559   159   0      1184   1004   2636   10    14   17    0    
  6300    31    25     26.3    12.0    7.2     23.8   21.2    99.2    1548   264   0      1184   1004   0      10    14   17    0    
  7200    35    25     17.5    11.0    0.7     56.9   21.5    99.3    1514   271   0      1183   1005   0      10    14   17    0    
  8100    38    25     32.9    15.0    3.2     77.9   61.7    97.5    1527   269   0      1182   1006   0      10    14   17    0    
  9000    42    25     40.4    15.0    8.7     87.3   71.8    93.0    1088   205   0      1183   1007   0      10    14   17    0    

EVENTS
  malnutrition_samples    198494
  path_expanded           124594
  remembered_node_candidate99210
  step_slope_up           80110
  step_slope_up_ratio     72363.53206667269
  step_slope_down_ratio   69852.41809757437
  step_slope_down         67484
  nursing_hunger_relief   66200
  nursing_thirst_relief   66200
  place_memory_age_sum_band_056933.042564796306
  place_memory_age_sum_band_145412.44188025667
  walk_tick               38595
  malnutrition_sum        37573.43998132855
  walk_arrived            28698
  water_memory_candidate  26278
  water_visible_candidate 25950
  food_accessible_at_think24252
  rest                    23008
  cold_damage_ticks       22746
  craving_protein_search  13030
  yield_obs_yield_forage_sum12743.4381556727
  diet_nutrition_total    11788
  sheltering              10857
  step_slope_flat_ratio   10544.955394645987
  step_slope_flat         10531
  craving_protein_reachable10278
  path_denied_cooldown    10120
  place_memory_samples_band_09095
  place_memory_samples_band_18859
  remembered_node_target  8305
  step_blocked            8222
  path_found              7559
  step_slide              6764
  sleeping_open           5723
  relocation_food_nodes   5364
  poison_ticks            4749
  action_target_knowledge_checked4535
  action_target_knowledge_known4535
  yield_obs_yield_fish_sum4014.874240909853
  sleeping                3658
  grazer_samples          2964
  relocation_food_depleted2958
  diet_nutrition_protein  2814
  mood_belonging_sum      2768.503265421374
  action_target_knowledge_visible_forage2438
  hunter_samples          2250
  food_absent_in_search_at_think2162
  craving_protein_absent  2089
  drink                   1924
  fruit_thirst_relief     1917.2417053830518
  belief_seen_eat_berries 1790
  hungry_at_work_rest     1752
  rest_ended_hungry       1526
  water_exploration_no_frontier1314
  hungry_at_work_sleep    1193
  shared_resource_depletion_seen1131
  place_exploration_fraction_band_11084.6240234375
  woke_hungry             1080
  action_target_knowledge_visible_chop1006
  water_exploration_offered836
  talked_cold             836
  mood_samples            821
  macro_samples           821
  water_exploration_offered_adult809
  place_exploration_fraction_band_0790.341796875
  grazer_samples_on_poor  786
  eat                     777
  macro_exertion_sum      752.7883854238022
  craving_protein_outside_reach663
  nursing_sessions        662
  interrupted_teach_cold  646
  hydrating_food_candidate622
  action_target_from_memory_forage621
  sought_out_chief_talk   578
  stale_memory_resource_empty554
  abandoned_remembered_wrong554
  macro_carb_sum          520.4875054558086
  hungry_at_work_nurse    518
  hungry_at_work_talk     513
  craving_protein_masked_by_reachable_food508
  craving_protein_override_selected508
  belief_seen_eat_fish    490
  ate_berries             477
  eaten_berries           477
  work_ended_hands_full   462
  harvest_berries         456
  eat_craving_protein     453
  witnessed               421
  pushed_on_cold_propose  420
  hungry_at_work_hunt     384
  pushed_on_hunger_hunt   384
  food_blocked_by_reach_at_think369
  food_reach_fallback_at_think369
  cold_damage_sum         361.1513606697144
  remembered_empty_walk   350
  interrupted_give_cold   344
  hungry_at_work_propose  342
  proposed_hungry         342
  worked_alongside        339
  yield_obs_yield_forage_n339
  hand_capacity_blocked   333
  action_target_knowledge_visible_pick319
  drink_finished          311
  mood_comfort_sum        310.9322142069607
  action_target_knowledge_visible_drink309
  talked_hungry           305
  cry_interrupted         296
  belief_seen_eat_pear    295
  belief_seen_eat_toxic_berries282
  eat_calm_protein        273
  romp_cold               249
  action_target_knowledge_visible_hunt241
  belief_told             230
  work_ended_node_empty   222
  proposed_cold           222
  action_target_knowledge_remembered_forage220
  belief_seen_sick        205
  abandoned_partner_unwilling205
  pushed_on_cold_build    176
  yield_obs_yield_hunt_sum174.41860465116278
  animal_alarmed          170
  hungry_at_work_teach    167
  tree_died_old           161
  route_arrived           161
  macro_protein_sum       158.75886240317328
  water_place_told        156
  interrupted_teach_hungry156
  macro_fat_sum           141.75363214102032
  sought_out_chief_propose140
  would_spoil_berries     137
  harvest_sticks          133
  yield_obs_yield_fish_n  133
  yield_obs_yield_pick_sum126.86908346622127
  ate_fish                123
  eaten_fish              123
  risky_meals_fish        123
  hungry_at_work_craft    118
  conversation            112
  hungry_at_work_romp     112
  hungry_at_work_give     112
  pushed_on_hunger_give   112
  settled_over_work       103
  materials_delivered     102
  bring_food_cold         98
  sparred                 95
  eat_calm_protein_rich   94
  harvest_fish            87
  interrupted_spar_cold   86
  romp_hungry             84
  hungry_at_work_spar     79
  order_obeyed            78
  talked_baby_crying      73
  order_haul_obeyed       72
  haul_units_band_0       72
  harvest_meat            72
  romp_alone              70
  work_ended_baby_crying  69
  rest_ended_baby_crying  69
  would_spoil_fish        65
  work_ended_cold         65
  ate_toxic_berries       63
  eaten_toxic_berries     63
  ate_toxic_unwise        63
  risky_meals_toxic_berries63
  reflected               61
  abandoned_no_food       61
  belief_seen_eat_plum    60
  picked_pear             60
  ate_pear                60
  eaten_pear              60
  romp_together           58
  abandoned_nothing_to_haul54
  event_share_food        54
  gift_given              54
  rumor_spread            54
  yield_obs_yield_pick_n  49
  raid_for_need_nowhere   48
  shared_a_roof           47
  ate_at_source           46
  meadow_poor_share_samples45
  eat_craving_protein_rich45
  dropped                 43
  sought_out_chief_spar   40
  belief_seen_eat_apple   37
  carry_overflow_dropped  36
  belief_seen_eat_meat    35
  interrupted_teach_baby_crying34
  poisoned_toxic_berries  34
  grass_cut               34
  conversation_chat       32
  picked_up               32
  pickup_ordered          32
  npc_pickup              32
  tree_seeded             31
  conversation_interests  31
  sought_out_chief_give   31
  haul_units_band_1       30
  wood_cut                30
  action_target_from_memory_gather_for_site30
  craft_interrupted       29
  crafted_rope            29
  interrupted_spar_hungry 28
  haul_trip_band_0        27
  water_exploration_offered_child27
  conversation_deep       26
  hungry_at_work_forage   25
  pushed_on_hunger_forage 25
  interrupted_discuss_baby_crying25
  conversation_greet      23
  hunter_samples_expected_in_firelight22.146847625098843
  poisoning_passed        22
  order_refused           20
  order_haul_refused      20
  ate_meat                20
  eaten_meat              20
  risky_meals_meat        20
  harvest_reeds           20
  hungry_at_work_bring_food20
  poison_grade_moderate   19
  child_watched           18
  ate_plum                18
  eaten_plum              18
  picked_plum             18
  belief_seen_eat_hazelnut18
  harvest_flint           16
  poison_grade_mild       16
  site_placed             15
  crafted_bundle          14
  poison_grade_severe     14
  picked_apple            14
  relocation_scarcity_days13
  prey_killed_by_predator 13
  animal_predated         13
  poisoned_fish           13
  haul_trip_band_1        13
  hearths                 13
  project_backer_added    12
  work_ended_hungry       12
  ponder_nothing          12
  thought_nothing_came_of_it12
  ate_apple               12
  eaten_apple             12
  yield_obs_yield_hunt_n  11
  woke_baby_crying        11
  food_place_told         10
  prey_killed_by_wolf     10
  breakthrough_ponder     10
  observed_cordage        9
  work_ended_tree_bare    9
  site_abandoned          9
  territory_cell_claimed  9
  baby_picked_up          8
  would_spoil_meat        8
  romp_away_from_family   8
  proposed_baby_crying    8
  starving_fed            8
  marriage                7
  founding_households     7
  conception              7
  would_spoil_toxic_berries7
  birth                   7
  sought_out_chief_discuss7
  starving_fed_remembered 7
  relocation_votes_total  7
  teaching_failed         6
  animal_killed           6
  hunt_killed             6
  interrupted_spar_baby_crying6
  conceived_plant_lore    6
  observed_tracking       6
  order_build_obeyed      6
  sought_out_chief_feed   6
  animal_born             6
  ask_taught_nothing      5
  asked_learned_nothing   5
  hunt_missed             5
  work_ended_thirsty      5
  prototype_trial_passed  5
  chief_chosen            4
  child_taught            4
  child_taught_by_parent  4
  harvest_hide            4
  crafted_spear           4
  breakthrough_discuss    4
  band_planned_windbreak  4
  spark_plant_lore_0      4
  tree_felled             4
  band_planned_mud_hut    4
  picked_hazelnut         4
  ate_hazelnut            4
  eaten_hazelnut          4
  harvest_clay            4
  relocation_votes_yes    4
  meadow_poor_share_sum   3.74764221185347
  ask_taught              3
  event_teach             3
  prey_killed_by_bear     3
  conceived_spinning      3
  abandoned_no_fruit      3
  crafted_net             3
  building_completed      3
  completed_windbreak     3
  conceived_hafting       3
  spark_hafting_0         3
  interrupted_discuss_cold3
  tree_death_deferred     3
  hurt_person_days        3
  action_target_knowledge_remembered_drink2
  conceived_storytelling  2
  spark_storytelling_0    2
  animal_entered_by_edge  2
  taught_basketry         2
  poisoned_meat           2
  abandoned_already_built 2
  spark_plant_lore_2      2
  abandoned_fruit_fallen  2
  spark_spinning_1        2
  prototype_failed        2
  observed_basketry       2
  taught_tracking         1
  abandoned_quarry_gone   1
  taught_snares           1
  belief_seen_yield_pick  1
  spark_spinning_0        1
  herd_entered_by_edge    1
  conceived_marking       1
  spark_marking_3         1
  talked_thirsty          1
  belief_seen_yield_forage1
  prototyped_marking      1
  crafted_basket          1
  order_resumed           1
  abandoned_grass_under_snow1
  reasoned_out_plant_lore 1
  crafted_rope_thatch     1
  animal_starved          1
  animal_starved_out      1
  interrupted_give_baby_crying1
  band_planned_storage_pit1
  hunt_ended_hungry       1
  woke_away_from_family   1
  animal_bit_person       1
  animal_bit_person_lynx  1
  animal_blow_lynx        1
  fled_from_animal        1
  hearth_taught           1
  relocation_proposed     1
  relocation_approved     1
  camps_moved             1
  proven_marking          1
  discovered_marking      1
  observed_snares         1
  would_spoil_pear        0
  would_spoil_plum        0
  would_spoil_apple       0
  mood_security_sum       -628.4413232130747
  mood_purpose_sum        -10601.688372392535

ACTIONS (summed over samples)
  idle                    49156
  rest                    24237
  forage                  21255
  shelter                 11086
  talk                    10101
  sleep                   9951
  craft                   8111
  gather                  7857
  go_home                 7517
  romp                    6856
  spar                    6710
  drink                   5155
  chop                    4934
  ponder                  4263
  pick                    3803
  nurse                   2852
  haul                    2466
  give                    2234
  teach                   1996
  discuss                 1391
  propose                 1358
  reflect                 1295
  hunt                    1174
  ask                     926
  cut_grass               755
  build                   714
  wander                  678
  eat                     452
  prototype               262
  pickup                  241
  explore                 166
  bring_food              90
  flee                    3
  carry_baby              2

KNOWLEDGE
  era: Lower Palaeolithic  ·  9 things known to somebody  ·  0 can make fire

BANDS
  2 chiefs  ·  0 outcast  ·  0 exiled  ·  78 orders obeyed, 20 refused

BUILDINGS
  3 of 6 finished  ·  0 items in store

RELATIONSHIPS
  201 edges across 25 people  ·  201 warm  ·  0 hostile
  Sulta band            theft tolerance 0.60   murder 0.97
  Torin band            theft tolerance 0.30   murder 1.28

TERRAIN
  water=3328  beach=1780  grass=5641  forest=4432  hills=1088  rock=115

TRAVEL
  7559 routes found  ·  16.5 mean / 478 worst expansions  ·  839.9 searches per 1,000 ticks
  route_arrived=161  walk_blocked=0  abandoned_cannot_reach=0
  everything that walks: step_blocked=8222  ·  axis_null=0  ·  slides=6764
  people only: 0 stuck of 38595 walk ticks (0.0 per 1,000)  ·  denied: cooldown=10120 budget=0
  recoveries=0 (0 found a route)

CHECKS
  PASS  regions-stay-true       4 independently recomputed landmasses; 0 incorrectly labelled tiles and 0 incorrect region sizes
  PASS  hands-limit-loads       0 post-transfer states remained above the hands and fitted-container limit; 333 collection attempts hit a hand limit
  n/a   containers-carry-more   run the porters scenario to compare fitted containers with bare hands
  PASS  people-act-on-what-they-know4535/4535 forage, pick, drink, hunt and chop targets visible or remembered
  n/a   word-of-food-travels    measured in food-news, where the rumour supplies the only food
  PASS  stale-memories-cost     554 trips reached a remembered resource that was exhausted
  PASS  the-map-grows           6.8% → 9.4% mean explored (must grow and remain below 99%)
  n/a   kin-are-defended        0 attacks on children with adult witnesses (need 10)
  n/a   the-young-run-to-their-own0 attacked children fled (need 10)
  FAIL  cravings-steer-the-diet 9.9% rich-protein meals while craving vs 34.4% while calm (need 1.3x)
  FAIL  nights-are-slept        53.5% of 2205 adult samples in full night sleeping or resting (need 55%)
  PASS  nights-are-spent-at-home86.5% of 2205 adult night samples within 15 tiles of an anchor (need 70%)
  FAIL  moods-move-choices      5.3% talk in low-belonging tercile vs 5.8% in high (2250 samples each; low must be higher)
  PASS  children-keep-close     98.1% of 1327 child samples within radius + 3 of either living parent (need 75%; designated carer=96.8%; top actions: romp=329, sleep=232, go_home=182, idle=100, talk=88)
  PASS  no-nan                  worst sample had 0 non-finite fields
  PASS  people-in-bounds        worst sample had 0 people outside a 128x128 world
  PASS  people-on-land          worst sample had 0 people standing in water or on rock
  PASS  people-survive          25/18 alive at step 9000 (need 13 over 37 days)
  PASS  deaths-explained        nobody died
  PASS  nobody-stalls-under-orders0 people stalled under order for a full day; 0 gave up walking, 0 of those under order
  PASS  walkers-do-not-grind    0 of 38,595 walking ticks made no real progress (0.0 per 1,000; wanted under 5)
  PASS  paths-are-found         200 pairs sampled on the largest region, every one found — mean 876.0 / worst 5130 expansions; 0 gave up mid-play
  PASS  nobody-walled-in        25 checked; 0 cut off from water, 0 cut off from food in their own region
  PASS  people-drink            drink=1924
  PASS  drinking-is-paced       311 drinks finished over 824 person-days (0.38 each per day; wanted some, and fewer than 4)
  PASS  food-work-continues     25 ticks of food-gathering continued through hunger that would otherwise have stopped it (384 hunting)
  PASS  people-harvest          berries=456 meat=72 wood=0 flint=16
  PASS  people-eat              eat=777
  PASS  ai-uses-many-actions    34 distinct actions observed: idle=49156 rest=24237 forage=21255 shelter=11086 talk=10101 sleep=9951 craft=8111 gather=7857 go_home=7517 romp=6856 spar=6710 drink=5155 chop=4934 ponder=4263 pick=3803 nurse=2852 haul=2466 give=2234 teach=1996 discuss=1391 propose=1358 reflect=1295 hunt=1174 ask=926 cut_grass=755 build=714 wander=678 eat=452 prototype=262 pickup=241 explore=166 bring_food=90 flee=3 carry_baby=2
  PASS  needs-not-pinned        final avgHunger=40.4 avgThirst=15.0 avgCold=87.3 avgCompany=71.8
  PASS  health-holds-up         final avgHealth=93.0 (floor is 60)
  PASS  events-witnessed        deeds=57 witnessed=421 unwitnessed=0
  PASS  people-talk             conversations=112
  FAIL  gossip-is-aimed         0 slanders and 0 praises over 112 conversations
  PASS  rumor-propagates        stories passed on=54
  n/a   opinions-diverge        measured after a witnessed assault in conflicts. 201 relationships across 25 people: 201 warm, 0 hostile
  PASS  materials-delivered     delivered=102 sites=6 finished=3
  PASS  building-starts-small   5 projects measured; 0 exceeded sponsor + backers + ordered workers
  PASS  projects-find-backers   3/3 completed AI-planned projects had a backer (need 70%)
  FAIL  shelter-answers-cold    ticks spent sheltering=10857 final avgCold=87.3
  PASS  work-runs-in-stretches  node_empty=222 hands_full=462 baby_crying=69 hungry=12 tree_bare=9 thirsty=5 cold=65
  PASS  foraging-bites          most bushes stripped at once: 271; wild food went from 1446 to 1088
  n/a   generations-turn-over   run covers only 37 days; too short to say
  PASS  forest-is-used          4 trees felled, 30 timber cut, 128 fruit picked
  PASS  fruit-comes-and-goes-with-the-seasonworst sample had 0 fruit hanging out of season; most windfall seen at once was 14521 across 4 seasons
  PASS  forest-persists         stand went from 1317 to 1183 (1007 grown, 64 seedlings); 31 seeded, 161 died of age
  PASS  bands-have-chiefs       2 chiefs for 25 people; 4 changes of leadership
  PASS  bands-decide-to-build   9 sites marked out by bands themselves (player placed none)
  n/a   camps-move-when-the-land-failsmeasured in the lean survival scenario
  n/a   jobs-bias-work          too few ticks with a job assigned to compare (0 held, 0 not)
  n/a   rebellion-is-rare-but-happensrun covers only 37 days; too short for rebellion to be expected or ruled out
  n/a   raids-are-organised     no chief in this world ever stood badly enough with a neighbour to weigh one
  n/a   knowledge-is-found      run covers under a year; too short to work anything out
  PASS  knowledge-is-passed-on  4 taught deliberately, 18 picked up by watching; 6 lessons that did not take
  n/a   children-are-taught     too few lessons to tell (4 taught, 4 to a child)
  n/a   sparks-are-various      this world was handed 8 technologies; what is left to conceive is the scenario talking, not the web
  PASS  ideas-are-conceived     15 ideas conceived (0.73 per person-year; wanted some, and fewer than 3)
  n/a   ideas-become-tech       run covers under a year; 15 conceived, too soon to prove any
  n/a   the-tree-is-climbed     run covers under a year; too soon to get past the root technologies
  PASS  research-is-social      10 breakthroughs alone, 4 by arguing it out
  PASS  trials-accumulate       5 trials went well across 1 designs proven, 2 went badly
  n/a   techs-are-refined       run covers under a year; too short to improve a design
  n/a   records-are-cut         nobody in this world can write
  PASS  crafting-is-interruptible52 things made, 29 attempts broken off for a need
  n/a   food-spoils             spoilage is switched off in this scenario
  n/a   stores-keep-food-better-than-packsspoilage is switched off in this scenario
  n/a   pictures-are-painted    nobody here knows how to burn earth red
  n/a   music-answers-lonelinessnobody here can make a flute
  n/a   beer-answers-loneliness nobody here knows how to brew
  n/a   the-temple-gathers      no band had a chief with redistribution and a granary
  n/a   the-ledger-remembers    no temple kept by a chief who keeps accounts
  n/a   taxes-reach-the-temple  no temple kept by a chief who knows how to tax
  n/a   the-law-is-the-same-for-allno chief who judges by the law heard a case of their own people
  n/a   soldiers-are-kept       no temple kept by a chief who knows a standing army
  n/a   kings-reign-for-life    nobody here knows kingship
  n/a   civilisation-is-derived no band holds the six things a civilisation is
  n/a   governments-declare-war-and-peaceno government declared anything in this run
  n/a   the-beaten-pay-tribute  no people submitted to another in this run
  n/a   serfs-are-owned         no governed people took an adult captive in this run
  n/a   feasts-gather-the-band  nobody here knows how to brew
  n/a   the-hurt-are-tended     nobody here knows a herb from a weed
  n/a   wounds-fester-untended  0 untended and 0 dressed wound-days; too few to compare (need 60 of each)
  PASS  raw-meat-sickens        15 illnesses after 143 raw meals; none after anything cooked
  PASS  the-wise-avoid-baneberries63 baneberry meals by people without plant lore (34 fell ill), 0 by people who had it
  n/a   animals-are-tamed       nobody here would think of feeding one
  n/a   heads-direct-work       nobody here has the idea of a band with a shape
  n/a   kills-are-butchered-for-bonenobody alive knows what to do with a carcass
  n/a   crafts-happen-at-stations5 station designs exist and no band finished one in this run
  n/a   the-hearth-warms        nobody was cold within range of a finished hearth
  n/a   roast-wins              nobody alive knows cooking
  n/a   cooking-spreads         scenario did not found anyone knowing cooking
  n/a   pots-reach-a-granary    nobody alive knows how to fire clay
  PASS  discovery-is-situated   every one of 15 ideas came by a named route; 0 of them into the technologies cold suggests
  PASS  population-bounded      peak population 25
  PASS  spatial-hash-spreads    largest bucket holds 8 of 25 items across 8 cells
  PASS  animals-move            mean drift 12.6 tiles/day (floor is 2)
  PASS  animals-flee            286 bolts opened the distance, 99 did not
  PASS  hunts-succeed-and-fail  6 kills, 5 misses, 0 outrun
  PASS  people-eat-meat         72 meat taken; 777 meals eaten
  PASS  fish-are-caught         87 fish taken; 777 meals eaten
  n/a   bands-set-traps         nobody in this world knows how to set a trap
  n/a   fields-are-sown-and-reapednobody in this world knows how to farm
  n/a   soil-is-drawn-down      no harvest was taken off any ground in this run
  n/a   compost-answers-exhaustionnobody in this world knows how to compost
  n/a   traps-catch             no trap was finished in this run
  n/a   herds-breed-and-are-cullednobody in this world knows how to keep a pen
  n/a   wells-are-drawn-from    nobody in this world knows how to sink a well
  n/a   milk-is-drawn-and-drunk no milk was ever bred in this run
  n/a   wool-is-sheared-and-wovenno wool was ever bred in this run
  PASS  bands-dont-overbuild    band1=2 band0=1; 0 over the ceiling, 0 holding empty stores
  PASS  families-exist          7 households of more than one; 25 people with family
  n/a   sleep-restores          nobody had a roof to sleep under in this run
  n/a   kin-outrank-strangers   not all three kinds of tie have 10+ pairs here: household=66.9 band=15.1 outsider=n/a outsider-unrelated=n/a · band-pairs=0 friendliest=0.0 hostile=0.0
  n/a   bands-take-sides        no two bands have touched each other in this run
  n/a   violence-concentrates   only 0 blows between peoples here; too few to say where they land
  n/a   peoples-drift-apart     0 incidents between peoples; too few to split the run around
  n/a   peace-within-bands      only 0 blows here; too few to say where they land
  n/a   children-are-not-struck only 0 blows here; too few to say
  n/a   the-struck-respond      only 0 second blows here; too few to say
  n/a   wrongs-reach-the-chief  only 0 debts run up; too few to say
  n/a   upbringing-follows-culturefewer than two peoples saw 15 wrongs by their children abroad, with regard for strangers 0.15 apart
  n/a   the-watched-intervene   only 0 property deeds were seen by their owners; too few to say
  n/a   captives-are-taken      only 0 blows between peoples; no quarrel long enough
  n/a   bodies-are-found        only 0 deaths here; too few to say
  n/a   murders-are-solved      only 0 killings here; too few to say
  PASS  world-has-land          grass=5641 forest=4432 water=3328
  n/a   perf-budget             737 steps/s with 25 people at the peak (floor 2,000); judged only when a scenario runs alone
  PASS  herds-follow-the-grass  2,964 grazer samples, 27% of them on poor grass, against 8% of the meadow and the wood being poor
  PASS  predators-hunt          13 grazers pulled down (10 by wolves, 3 by bears, 0 by lynxes); 1 people bitten
  PASS  fire-keeps-wolves-off   0 of 2250 hunter samples inside a circle of firelight, where chance alone would put 22.1 (0 turned back)
  n/a   a-hunted-out-land-stays-emptythis land was not hunted out
  PASS  slopes-slow             80,110 uphill steps cover 90.3% of the distance asked, 67,484 downhill 103.5%, 10,531 flat 100%
  n/a   hills-see-farther       0 sightings of strangers in this run; too few to say

==============================================================================
5/133 CHECKS FAILED: cravings-steer-the-diet, nights-are-slept, moods-move-choices, gossip-is-aimed, shelter-answers-cold


WORLD HEALTH REPORT  -  scenario "millers"  seed "quern"
==============================================================================
36000 steps in 55525ms  (648 steps/s)

POPULATION OVER TIME
  step    day   alive  hunger  thirst  tired   cold   lonely  health  food   bare  store  trees  grown  fruit  kids  wed  age   oob  
  0       10    16     0.0     0.0     0.0     0.0    0.0     100.0   1902   150   0      1077   945    0      4     12   22    0    
  3600    25    16     21.6    16.0    2.5     0.3    22.2    99.6    2244   173   176    946    822    1964   6     10   18    0    
  7200    40    18     20.0    11.6    0.9     93.8   72.2    94.0    926    323   213    944    824    0      8     10   16    0    
  10800   55    19     23.0    18.1    2.3     49.5   66.6    93.6    1927   150   197    973    826    595    9     10   16    0    
  14400   70    19     13.2    16.1    4.7     12.3   27.1    97.2    1542   272   235    970    826    0      9     10   16    0    
  18000   85    21     45.1    16.8    20.0    53.1   57.6    93.0    1598   193   220    978    825    0      10    10   15    0    
  21600   100   23     26.0    13.8    18.5    4.7    34.1    86.3    1347   248   264    1002   828    896    13    8    12    0    
  25200   115   23     25.5    20.2    5.5     26.5   21.4    88.0    1505   278   378    998    827    0      13    8    13    0    
  28800   130   23     32.7    19.4    12.6    27.5   47.6    83.7    715    286   321    1028   831    86     15    4    11    0    
  32400   145   18     45.3    21.5    30.1    3.0    57.8    84.2    2320   170   434    1026   833    1916   12    4    11    0    
  36000   160   15     30.6    15.9    14.2    21.2   46.4    98.5    938    322   417    1023   833    0      9     4    13    0    

EVENTS
  place_memory_age_sum_band_1836277.9218190868
  malnutrition_samples    663705
  path_expanded           628597
  step_slope_up           367885
  place_memory_age_sum_band_0360300.2386408532
  step_slope_up_ratio     331653.19614199497
  step_slope_down_ratio   308628.53198532393
  step_slope_down         298113
  remembered_node_candidate253213
  walk_tick               240484
  nursing_hunger_relief   214300
  nursing_thirst_relief   214300
  malnutrition_sum        124142.9079263759
  water_memory_candidate  116020
  food_accessible_at_think114373
  cold_damage_ticks       108989
  water_visible_candidate 98197
  walk_arrived            70777
  path_denied_cooldown    52623
  craving_protein_search  52358
  place_memory_samples_band_145556
  step_slope_flat_ratio   45510.648808437014
  step_slope_flat         45452
  path_found              45269
  yield_obs_yield_forage_sum40739.377145603125
  diet_nutrition_total    40065
  elite_larder_preferred  35925
  rest                    35923
  craving_protein_reachable29907
  sleeping                27951
  relocation_food_nodes   27300
  place_memory_samples_band_026944
  sheltering              23314
  remembered_node_target  21817
  poison_ticks            21432
  yield_obs_yield_fish_sum20952.147022527206
  action_target_knowledge_checked19162
  action_target_knowledge_known19162
  mood_belonging_sum      18528.831273934746
  relocation_food_depleted15829
  hungry_at_work_sleep    15163
  sleeping_open           14297
  step_blocked            14293
  woke_hungry             14162
  craving_protein_outside_reach13549
  diet_nutrition_protein  13278
  action_target_knowledge_visible_forage12495
  craving_protein_masked_by_reachable_food11547
  craving_protein_override_selected11547
  remembered_bush_out_of_season11282
  grazer_samples          11156
  hunter_samples          9865
  hungry_at_work_rest     9740
  rest_ended_hungry       9405
  craving_protein_absent  8902
  drink                   6816
  fruit_thirst_relief     6478.217882795545
  food_blocked_by_reach_at_think6335
  food_reach_fallback_at_think6335
  shared_resource_depletion_seen6206
  abandoned_hands_full    5434
  food_absent_in_search_at_think5217
  hydrating_food_candidate5153
  belief_seen_eat_berries 4685
  place_exploration_fraction_band_14587.5185546875
  grazer_samples_on_poor  4518
  step_slide              4477
  witnessed               4336
  pushed_on_cold_ponder   3866
  hungry_at_work_romp     3649
  water_exploration_offered3624
  work_ended_cold         3469
  place_exploration_fraction_band_03388.3427734375
  action_target_knowledge_visible_chop3252
  romp_hungry             3165
  fever_ticks             3099
  belief_seen_eat_fish    3049
  mood_samples            2888
  macro_samples           2888
  action_target_from_memory_forage2885
  pushed_on_thirst_explore2875
  explore_ended_thirsty   2875
  macro_exertion_sum      2674.7349734905915
  romp_cold               2631
  stale_memory_resource_empty2619
  abandoned_remembered_wrong2619
  eat                     2579
  water_exploration_no_frontier2512
  hungry_at_work_nurse    2318
  remembered_empty_walk   2309
  water_exploration_offered_adult2261
  hungry_at_work_explore  2185
  hungry_at_work_give     2155
  pushed_on_hunger_give   2151
  nursing_sessions        2143
  cold_damage_sum         1789.480520766628
  mood_comfort_sum        1780.4209210045067
  macro_carb_sum          1665.9358929784648
  talked_cold             1573
  yield_obs_yield_hunt_sum1493.3508714392729
  intruder_sighted        1451
  ate_berries             1376
  eaten_berries           1376
  water_exploration_offered_child1363
  animal_alarmed          1322
  eat_calm_protein        1243
  sought_out_chief_talk   1171
  harvest_berries         1164
  eat_craving_protein     1112
  action_target_knowledge_remembered_forage1064
  cry_interrupted         1019
  stored                  973
  work_ended_node_empty   959
  drink_finished          945
  yield_obs_yield_forage_n869
  action_target_knowledge_visible_drink808
  yield_obs_yield_fish_n  798
  worked_alongside        796
  action_target_knowledge_visible_pick790
  hungry_at_work_hunt     781
  pushed_on_hunger_hunt   781
  work_ended_hands_full   754
  proposed_cold           744
  route_arrived           713
  macro_protein_sum       675.9931618723396
  ate_fish                671
  eaten_fish              671
  risky_meals_fish        671
  would_spoil_berries     662
  romp_together           646
  belief_seen_sick        628
  pushed_on_cold_build    617
  action_target_knowledge_visible_hunt611
  hand_capacity_blocked   610
  food_stored_own         610
  security_intruder_seen  601
  harvest_fish            572
  belief_seen_eat_toxic_berries570
  withdrawn               560
  bring_food_cold         550
  macro_fat_sum           546.0709451492011
  eat_calm_protein_rich   506
  interrupted_give_cold   491
  explore_ended_cold      431
  event_share_food        417
  gift_given              417
  belief_seen_eat_pear    402
  belief_seen_eat_apple   397
  would_spoil_fish        385
  shared_a_roof           381
  belief_told             380
  pushed_on_cold_propose  377
  hurt_person_days        363
  yield_obs_yield_pick_sum330.4124281411821
  water_place_told        315
  woke_away_from_family   306
  conversation            304
  hungry_at_work_propose  293
  materials_delivered     291
  proposed_hungry         286
  rest_ended_baby_crying  285
  sought_out_chief_give   250
  rumor_spread            241
  romp_away_from_family   235
  woke_thirsty            232
  work_ended_baby_crying  225
  spoilage_prevented      221
  rest_ended_thirsty      219
  property_used_unseen    214
  ate_toxic_berries       211
  eaten_toxic_berries     211
  risky_meals_toxic_berries211
  woke_baby_crying        211
  ate_toxic_unwise        199
  order_obeyed            186
  order_haul_obeyed       182
  would_spoil_toxic_berries182
  meadow_poor_share_samples180
  hunter_samples_expected_in_firelight179.60038812161443
  haul_units_band_1       171
  abandoned_no_food       171
  picked_up               169
  pickup_ordered          169
  npc_pickup              169
  event_theft             169
  harvest_sticks          164
  eat_craving_protein_rich161
  sought_out_chief_propose160
  hungry_at_work_talk     159
  abandoned_nothing_to_haul154
  interrupted_give_baby_crying153
  hungry_at_work_bring_food151
  tree_died_old           146
  action_target_knowledge_remembered_drink142
  conversation_greet      137
  dropped                 135
  belief_seen_eat_hazelnut131
  talked_hungry           131
  poisoned_toxic_berries  130
  ate_pear                122
  eaten_pear              122
  haul_units_band_0       120
  starving_fed            118
  harvest_wild_grain      114
  capture_offered         114
  yield_obs_yield_pick_n  109
  harvest_meat            108
  starving_fed_remembered 106
  hearths                 104
  abandoned_nothing_to_give104
  poisoning_passed        100
  picked_pear             99
  ate_apple               97
  eaten_apple             97
  tree_seeded             97
  conversation_chat       95
  settled_over_work       94
  wet_nursing_sessions    93
  carry_overflow_dropped  85
  poison_grade_moderate   83
  sought_out_chief_spar   81
  belief_seen_eat_meat    77
  picked_apple            75
  correct_offered         73
  wood_cut                70
  sparred                 69
  belief_seen_eat_plum    69
  intruder_sighted_beyond_base67
  sought_out_chief_feed   67
  poisoned_fish           66
  ate_at_source           66
  bring_food_hungry       66
  haul_trip_band_1        64
  talked_baby_crying      64
  interrupted_spar_cold   64
  pushed_on_cold_discuss  63
  poison_grade_mild       61
  interrupted_teach_cold  61
  poison_grade_severe     60
  talked_thirsty          58
  sought_out_chief_discuss58
  raid_for_need_nowhere   57
  harvest_reeds           56
  action_target_from_memory_gather_for_site54
  prey_killed_by_predator 53
  animal_predated         53
  conversation_interests  49
  reflected               48
  body_found              47
  yield_obs_yield_hunt_n  45
  event_sabotage          44
  order_refused           42
  order_haul_refused      42
  work_ended_tree_bare    42
  inherited_goods         41
  breakthrough_ponder     41
  ate_meat                40
  eaten_meat              40
  risky_meals_meat        40
  child_watched           39
  crafted_rope            36
  craft_interrupted       36
  rest_ended_away_from_family36
  proposed_baby_crying    35
  haul_trip_band_0        34
  ate_hazelnut            33
  eaten_hazelnut          33
  animal_born             33
  mischief_abroad_seen_b1 33
  meadow_poor_share_sum   32.83658110469023
  action_target_from_memory_gather32
  ponder_nothing          32
  thought_nothing_came_of_it32
  site_placed             30
  picked_hazelnut         29
  animal_entered_by_edge  27
  interrupted_discuss_baby_crying27
  unwitnessed             27
  ate_plum                25
  eaten_plum              25
  prey_killed_by_wolf     25
  sought_out_chief_teach  25
  project_backer_added    24
  water_question_offered  24
  harvest_clay            24
  conversation_deep       23
  mischief_abroad_minded_b123
  site_abandoned          22
  relocation_scarcity_days22
  wound_days_untended     22
  grass_cut               20
  picked_plum             19
  predator_kept_off_by_fire19
  animal_bit_person       19
  animal_bit_person_bear  19
  animal_blow_bear        19
  fled_from_animal        19
  food_place_told         18
  make_peace_offered      18
  belief_seen_eat_meal    18
  conception              17
  work_ended_thirsty      17
  observed_plant_lore     17
  death_settled           16
  corpse_left             16
  corpse_first_found      16
  raid_proposed           16
  raid_never_raised       16
  prey_killed_by_bear     15
  hungry_at_work_forage   15
  pushed_on_hunger_forage 15
  birth                   15
  baby_picked_up          15
  remains_found           15
  abandoned_no_fruit      14
  prey_killed_by_lynx     13
  observed_cordage        13
  hunt_ended_baby_crying  13
  correct_cold            13
  ate_toxic_wise          12
  harvest_flint           11
  would_spoil_meat        11
  pushed_on_cold_gather   11
  prototype_trial_passed  11
  bleeding_ticks          11
  crafted_bundle          10
  band_planned_mud_hut    10
  observed_clothing       10
  death_starvation        10
  ask_refused             10
  asked_would_not_teach   10
  teaching_failed         9
  chief_chosen            9
  animal_killed           9
  hunt_killed             9
  conceived_plant_lore    9
  interrupted_spar_baby_crying9
  hungry_at_work_ask      9
  child_taught            8
  event_teach             8
  romp_alone              8
  poisoned_meat           8
  building_completed      8
  abandoned_subject_gone  8
  herd_entered_by_edge    8
  spark_plant_lore_2      8
  breakthrough_discuss    8
  raid_rejected_by_chief  8
  animal_bit_person_at_night8
  raid_approved           8
  interrupted_teach_baby_crying8
  observed_tracking       8
  hunt_missed             7
  band_planned_storage_pit7
  discuss_nothing         7
  talked_nothing_came_of_it7
  fled                    7
  work_ended_away_from_family7
  marriage                6
  founding_households     6
  conceived_basketry      6
  belief_seen_yield_forage6
  interrupted_discuss_cold6
  ask_taught              5
  harvest_hide            5
  succession              5
  tree_felled             5
  would_spoil_apple       5
  spark_basketry_1        5
  belief_seen_yield_fish  5
  interrupted_ask_away_from_family5
  taught_cordage          4
  child_taught_by_parent  4
  pushed_on_thirst_ask_water4
  water_question_thirsty  4
  crafted_rope_thatch     4
  order_build_obeyed      4
  widowed_by_seeing       4
  completed_storage_pit   4
  abandoned_already_built 4
  band_planned_windbreak  4
  conceived_spinning      4
  belief_seen_yield_pick  4
  prototype_failed        4
  abandoned_target_gone   4
  crafted_groats          4
  ate_meal                4
  eaten_meal              4
  project_request_refused 3
  ask_taught_nothing      3
  asked_learned_nothing   3
  death_dehydration       3
  bring_food_thirsty      3
  conceived_clothing      3
  interrupted_steal_cold  3
  abandoned_quarry_gone   3
  talked_away_from_family 3
  taught_clothing         3
  band_planned_quern      3
  hungry_at_work_correct  3
  correct_hungry          3
  corrected_abroad        3
  corrected               3
  hungry_at_work_pick     2
  pushed_on_hunger_pick   2
  household_extinct       2
  abandoned_fruit_fallen  2
  spark_clothing_1        2
  spark_spinning_1        2
  completed_mud_hut       2
  abandoned_store_full    2
  interrupted_spar_thirsty2
  hearth_taught           2
  bring_food_baby_crying  2
  proven_plant_lore       2
  discovered_plant_lore   2
  conceived_farming       2
  wound_festered_untended 2
  taught_plant_lore       2
  refined_clothing        2
  romp_thirsty            2
  death_exposure          2
  spark_spinning_2        1
  spark_clothing_0        1
  conceived_tracking      1
  spark_tracking_0        1
  conceived_storytelling  1
  spark_storytelling_0    1
  spark_spinning_0        1
  completed_windbreak     1
  abandoned_goods_gone    1
  spark_basketry_2        1
  prototyped_clothing     1
  reasoned_out_plant_lore 1
  reasoned_out_tracking   1
  proven_clothing         1
  discovered_clothing     1
  practised_plant_lore    1
  interrupted_give_hungry 1
  spark_plant_lore_0      1
  spark_farming_3         1
  orphan_carried          1
  infection_turned        1
  spark_farming_0         1
  order_resumed           1
  death_infection         1
  event_trespass          1
  idea_abandoned_spinning 1
  conceived_marking       1
  spark_marking_2         1
  proven_tracking         1
  discovered_tracking     1
  completed_quern         1
  taught_tracking         1
  building_sabotaged      1
  sabotaged_storage_pit   1
  abandoned_nothing_to_sabotage1
  would_spoil_plum        0
  would_spoil_pear        0
  mood_security_sum       -9369.159578149502
  mood_purpose_sum        -29550.485926898033

ACTIONS (summed over samples)
  idle                    182042
  forage                  78820
  go_home                 69605
  sleep                   55100
  romp                    52852
  rest                    44349
  drink                   32997
  shelter                 28108
  talk                    19203
  ponder                  18355
  give                    17662
  nurse                   14426
  gather                  9300
  pick                    8789
  craft                   7595
  chop                    7115
  haul                    6730
  spar                    6314
  store                   5993
  take                    4527
  propose                 4359
  ask                     3475
  discuss                 3227
  build                   3190
  hunt                    2910
  eat                     1432
  teach                   1070
  reflect                 1003
  pickup                  877
  bring_food              869
  wander                  810
  sabotage                771
  flee                    429
  cut_grass               374
  praise                  212
  prototype               151
  correct                 132
  ask_water               56
  steal                   19

KNOWLEDGE
  era: Lower Palaeolithic  ·  6 things known to somebody  ·  0 can make fire

BANDS
  2 chiefs  ·  0 outcast  ·  0 exiled  ·  186 orders obeyed, 42 refused

BUILDINGS
  8 of 8 finished  ·  417 items in store

RELATIONSHIPS
  370 edges across 31 people  ·  324 warm  ·  37 hostile
  Garra band            theft tolerance 0.75   murder 0.75
  Rhaur band            theft tolerance 1.59   murder 1.13

TERRAIN
  water=6219  beach=1188  grass=3688  forest=3753  hills=1322  rock=214

TRAVEL
  45269 routes found  ·  13.9 mean / 434 worst expansions  ·  1257.5 searches per 1,000 ticks
  route_arrived=713  walk_blocked=0  abandoned_cannot_reach=0
  everything that walks: step_blocked=14293  ·  axis_null=0  ·  slides=4477
  people only: 0 stuck of 240484 walk ticks (0.0 per 1,000)  ·  denied: cooldown=52623 budget=0
  recoveries=0 (0 found a route)

CHECKS
  PASS  regions-stay-true       8 independently recomputed landmasses; 0 incorrectly labelled tiles and 0 incorrect region sizes
  PASS  hands-limit-loads       0 post-transfer states remained above the hands and fitted-container limit; 610 collection attempts hit a hand limit
  n/a   containers-carry-more   run the porters scenario to compare fitted containers with bare hands
  PASS  people-act-on-what-they-know19162/19162 forage, pick, drink, hunt and chop targets visible or remembered
  n/a   word-of-food-travels    measured in food-news, where the rumour supplies the only food
  PASS  stale-memories-cost     2619 trips reached a remembered resource that was exhausted
  PASS  the-map-grows           6.8% → 11.0% mean explored (must grow and remain below 99%)
  n/a   kin-are-defended        0 attacks on children with adult witnesses (need 10)
  n/a   the-young-run-to-their-own0 attacked children fled (need 10)
  FAIL  cravings-steer-the-diet 14.5% rich-protein meals while craving vs 40.7% while calm (need 1.3x)
  FAIL  nights-are-slept        45.2% of 5585 adult samples in full night sleeping or resting (need 55%)
  PASS  nights-are-spent-at-home83.9% of 5585 adult night samples within 15 tiles of an anchor (need 70%)
  FAIL  moods-move-choices      3.0% talk in low-belonging tercile vs 4.9% in high (5601 samples each; low must be higher)
  PASS  children-keep-close     86.1% of 9117 child samples within radius + 3 of either living parent (need 75%; designated carer=86.1%; top actions: romp=2613, go_home=2611, sleep=1372, idle=1053, drink=546)
  PASS  no-nan                  worst sample had 0 non-finite fields
  PASS  people-in-bounds        worst sample had 0 people outside a 128x128 world
  PASS  people-on-land          worst sample had 0 people standing in water or on rock
  PASS  population-persists     15 alive after 4 years (peaked at 23, 15 born); need 9 and at least one birth
  PASS  deaths-explained        dehydration=3 settled=16 starvation=10 infection=1 exposure=2
  PASS  nobody-stalls-under-orders0 people stalled under order for a full day; 0 gave up walking, 0 of those under order
  PASS  walkers-do-not-grind    0 of 240,484 walking ticks made no real progress (0.0 per 1,000; wanted under 5)
  PASS  paths-are-found         200 pairs sampled on the largest region, every one found — mean 533.3 / worst 2129 expansions; 0 gave up mid-play
  PASS  nobody-walled-in        15 checked; 0 cut off from water, 0 cut off from food in their own region
  PASS  people-drink            drink=6816
  PASS  drinking-is-paced       945 drinks finished over 2877 person-days (0.33 each per day; wanted some, and fewer than 4)
  PASS  food-work-continues     17 ticks of food-gathering continued through hunger that would otherwise have stopped it (781 hunting)
  PASS  people-harvest          berries=1164 meat=108 wood=0 flint=11
  PASS  people-eat              eat=2579
  PASS  ai-uses-many-actions    39 distinct actions observed: idle=182042 forage=78820 go_home=69605 sleep=55100 romp=52852 rest=44349 drink=32997 shelter=28108 talk=19203 ponder=18355 give=17662 nurse=14426 gather=9300 pick=8789 craft=7595 chop=7115 haul=6730 spar=6314 store=5993 take=4527 propose=4359 ask=3475 discuss=3227 build=3190 hunt=2910 eat=1432 teach=1070 reflect=1003 pickup=877 bring_food=869 wander=810 sabotage=771 flee=429 cut_grass=374 praise=212 prototype=151 correct=132 ask_water=56 steal=19
  PASS  needs-not-pinned        final avgHunger=30.6 avgThirst=15.9 avgCold=21.2 avgCompany=46.4
  PASS  health-holds-up         final avgHealth=98.5 (floor is 60)
  PASS  events-witnessed        deeds=639 witnessed=4336 unwitnessed=27
  PASS  people-talk             conversations=304
  FAIL  gossip-is-aimed         0 slanders and 0 praises over 304 conversations
  PASS  rumor-propagates        stories passed on=241
  n/a   opinions-diverge        measured after a witnessed assault in conflicts. 370 relationships across 31 people: 324 warm, 37 hostile
  PASS  materials-delivered     delivered=291 sites=8 finished=8
  PASS  building-starts-small   8 projects measured; 0 exceeded sponsor + backers + ordered workers
  PASS  projects-find-backers   8/8 completed AI-planned projects had a backer (need 70%)
  PASS  shelter-answers-cold    ticks spent sheltering=23314 final avgCold=21.2
  PASS  work-runs-in-stretches  node_empty=959 tree_bare=42 hands_full=754 thirsty=17 baby_crying=225 cold=3469 away_from_family=7
  PASS  foraging-bites          most bushes stripped at once: 323; wild food went from 1902 to 938
  PASS  generations-turn-over   over 3 years: 0 courtships, 6 marriages, 17 conceptions, 15 births, 5 successions
  PASS  forest-is-used          5 trees felled, 70 timber cut, 391 fruit picked
  PASS  fruit-comes-and-goes-with-the-seasonworst sample had 0 fruit hanging out of season; most windfall seen at once was 12843 across 4 seasons
  PASS  forest-persists         stand went from 1077 to 1023 (833 grown, 107 seedlings); 97 seeded, 146 died of age
  PASS  bands-have-chiefs       2 chiefs for 15 people; 9 changes of leadership
  PASS  bands-decide-to-build   24 sites marked out by bands themselves (player placed none)
  n/a   camps-move-when-the-land-failsmeasured in the lean survival scenario
  n/a   jobs-bias-work          too few ticks with a job assigned to compare (0 held, 0 not)
  n/a   rebellion-is-rare-but-happensnone fired in this run; a rare stochastic event, see band.test.ts for the deterministic assertion
  n/a   raids-are-organised     weighed 16 times and never once raised a party; no fighting party could be assembled in this world
  PASS  knowledge-is-found      clothing=1 plant_lore=2 tracking=1
  PASS  knowledge-is-passed-on  10 taught deliberately, 48 picked up by watching; 9 lessons that did not take
  PASS  children-are-taught     8 of 10 lessons went to a child, 4 of those from a parent
  PASS  ideas-are-conceived     27 ideas conceived (0.38 per person-year; wanted some, and fewer than 3)
  PASS  sparks-are-various      14 routes into 8 technologies: spinning clothing tracking storytelling plant_lore basketry farming marking
  PASS  ideas-become-tech       27 conceived, 1 built, 4 proven, 4 failed their trial
  PASS  the-tree-is-climbed     5 of 8 technologies conceived were past the root nodes: spinning clothing basketry farming marking
  PASS  research-is-social      41 breakthroughs alone, 8 by arguing it out
  PASS  trials-accumulate       11 trials went well across 4 designs proven, 4 went badly
  PASS  techs-are-refined       2 improvements to proven designs, 0 carried as far as they go
  n/a   records-are-cut         nobody in this world can write
  PASS  crafting-is-interruptible54 things made, 36 attempts broken off for a need
  n/a   food-spoils             spoilage is switched off in this scenario
  n/a   stores-keep-food-better-than-packsspoilage is switched off in this scenario
  n/a   pictures-are-painted    nobody here knows how to burn earth red
  n/a   music-answers-lonelinessnobody here can make a flute
  n/a   beer-answers-loneliness nobody here knows how to brew
  n/a   the-temple-gathers      no band had a chief with redistribution and a granary
  n/a   the-ledger-remembers    no temple kept by a chief who keeps accounts
  n/a   taxes-reach-the-temple  no temple kept by a chief who knows how to tax
  n/a   the-law-is-the-same-for-allno chief who judges by the law heard a case of their own people
  n/a   soldiers-are-kept       no temple kept by a chief who knows a standing army
  n/a   kings-reign-for-life    nobody here knows kingship
  n/a   civilisation-is-derived no band holds the six things a civilisation is
  n/a   governments-declare-war-and-peaceno government declared anything in this run
  n/a   the-beaten-pay-tribute  no people submitted to another in this run
  n/a   serfs-are-owned         no governed people took an adult captive in this run
  n/a   feasts-gather-the-band  nobody here knows how to brew
  n/a   the-hurt-are-tended     nobody here knows a herb from a weed
  n/a   wounds-fester-untended  22 untended and 0 dressed wound-days; too few to compare (need 60 of each)
  PASS  raw-meat-sickens        74 illnesses after 711 raw meals; none after anything cooked
  FAIL  the-wise-avoid-baneberries199 baneberry meals by people without plant lore (130 fell ill), 12 by people who had it
  n/a   animals-are-tamed       nobody here would think of feeding one
  n/a   heads-direct-work       nobody here has the idea of a band with a shape
  n/a   kills-are-butchered-for-bonenobody alive knows what to do with a carcass
  PASS  crafts-happen-at-stations1 stations finished, 4 things made at one, 0 walks that found no station
  n/a   the-hearth-warms        nobody was cold within range of a finished hearth
  n/a   roast-wins              nobody alive knows cooking
  n/a   cooking-spreads         scenario did not found anyone knowing cooking
  n/a   pots-reach-a-granary    nobody alive knows how to fire clay
  PASS  discovery-is-situated   every one of 27 ideas came by a named route; 2 of them into the technologies cold suggests
  PASS  population-bounded      peak population 23
  PASS  spatial-hash-spreads    largest bucket holds 4 of 15 items across 8 cells
  PASS  animals-move            mean drift 13.0 tiles/day (floor is 2)
  PASS  animals-flee            1617 bolts opened the distance, 554 did not
  PASS  hunts-succeed-and-fail  9 kills, 7 misses, 0 outrun
  PASS  people-eat-meat         108 meat taken; 2579 meals eaten
  PASS  fish-are-caught         572 fish taken; 2579 meals eaten
  n/a   bands-set-traps         nobody in this world knows how to set a trap
  n/a   fields-are-sown-and-reapednobody in this world knows how to farm
  n/a   soil-is-drawn-down      no harvest was taken off any ground in this run
  n/a   compost-answers-exhaustionnobody in this world knows how to compost
  n/a   traps-catch             no trap was finished in this run
  n/a   herds-breed-and-are-cullednobody in this world knows how to keep a pen
  n/a   wells-are-drawn-from    nobody in this world knows how to sink a well
  n/a   milk-is-drawn-and-drunk no milk was ever bred in this run
  n/a   wool-is-sheared-and-wovenno wool was ever bred in this run
  PASS  bands-dont-overbuild    band0=3 band1=5; 0 over the ceiling, 0 holding empty stores
  PASS  families-exist          2 households of more than one; 15 people with family
  n/a   sleep-restores          nobody had a roof to sleep under in this run
  n/a   kin-outrank-strangers   not all three kinds of tie have 10+ pairs here: household=67.1 band=46.3 outsider=n/a outsider-unrelated=n/a · band-pairs=1 friendliest=0.0 hostile=-60.9
  PASS  bands-take-sides        1 pairs, friendliest=0.0 hostile=-60.9 (spread 60.9)
  n/a   violence-concentrates   only 0 blows between peoples here; too few to say where they land
  n/a   peoples-drift-apart     0 incidents between peoples; too few to split the run around
  n/a   peace-within-bands      only 0 blows here; too few to say where they land
  n/a   children-are-not-struck only 0 blows here; too few to say
  n/a   the-struck-respond      only 0 second blows here; too few to say
  n/a   wrongs-reach-the-chief  only 0 debts run up; too few to say
  n/a   upbringing-follows-culturefewer than two peoples saw 15 wrongs by their children abroad, with regard for strangers 0.15 apart
  n/a   the-watched-intervene   only 0 property deeds were seen by their owners; too few to say
  n/a   captives-are-taken      only 0 blows between peoples; no quarrel long enough
  PASS  bodies-are-found        16 of 16 bodies found by somebody (47 findings of somebody known, 15 of remains past knowing)
  n/a   murders-are-solved      only 0 killings here; too few to say
  PASS  world-has-land          grass=3688 forest=3753 water=6219
  n/a   perf-budget             648 steps/s with 23 people at the peak (floor 2,137); judged only when a scenario runs alone
  PASS  herds-follow-the-grass  11,156 grazer samples, 40% of them on poor grass, against 18% of the meadow and the wood being poor
  PASS  predators-hunt          53 grazers pulled down (25 by wolves, 15 by bears, 13 by lynxes); 19 people bitten
  PASS  fire-keeps-wolves-off   0 of 9865 hunter samples inside a circle of firelight, where chance alone would put 179.6 (19 turned back)
  n/a   a-hunted-out-land-stays-emptythis land was not hunted out
  PASS  slopes-slow             367,885 uphill steps cover 90.2% of the distance asked, 298,113 downhill 103.5%, 45,452 flat 100%
  PASS  hills-see-farther       67 of 1,451 sightings were from further off than the bare radius of 12 tiles

==============================================================================
5/133 CHECKS FAILED: cravings-steer-the-diet, nights-are-slept, moods-move-choices, gossip-is-aimed, the-wise-avoid-baneberries


WORLD HEALTH REPORT  -  scenario "hunters"  seed "bone"
==============================================================================
9000 steps in 13539ms  (665 steps/s)

POPULATION OVER TIME
  step    day   alive  hunger  thirst  tired   cold   lonely  health  food   bare  store  trees  grown  fruit  kids  wed  age   oob  
  0       10    20     0.0     0.0     0.0     0.0    0.0     100.0   1941   139   0      1227   1074   0      5     14   18    0    
  900     13    20     18.3    16.2    5.9     0.0    25.3    100.0   2724   144   0      1095   943    540    5     14   19    0    
  1800    17    20     30.9    16.4    7.9     0.0    37.3    99.3    1989   159   23     1094   946    1260   5     14   19    0    
  2700    21    20     22.8    11.1    5.8     1.1    31.9    98.5    2467   161   138    1094   946    2385   5     14   19    0    
  3600    25    21     16.6    13.5    5.5     13.0   28.5    99.1    1334   287   225    1092   945    0      6     14   18    0    
  4500    28    21     20.7    15.2    6.5     40.3   32.5    98.8    1315   295   231    1092   945    0      6     14   18    0    
  5400    32    22     22.0    14.5    4.8     61.5   50.7    97.5    984    259   219    1092   945    0      7     14   17    0    
  6300    36    24     27.9    18.0    5.9     53.8   67.1    96.7    1414   198   211    1095   943    0      9     14   16    0    
  7200    40    25     16.8    14.5    4.5     21.8   47.6    97.3    651    290   193    1119   944    168    10    14   15    0    
  8100    43    25     20.7    16.9    5.3     5.2    19.6    98.0    1567   147   226    1118   944    685    10    14   16    0    
  9000    47    27     17.1    13.0    3.2     0.6    23.6    98.1    2466   141   233    1117   943    1136   12    14   15    0    

EVENTS
  malnutrition_samples    198749
  path_expanded           123840
  remembered_node_candidate115444
  step_slope_up           91139
  step_slope_up_ratio     82478.57262098028
  step_slope_down_ratio   77341.47643549636
  step_slope_down         74803
  walk_tick               54894
  malnutrition_sum        51567.61315092584
  place_memory_age_sum_band_141252.47649026523
  place_memory_age_sum_band_035433.615380071
  nursing_hunger_relief   34100
  nursing_thirst_relief   34100
  walk_arrived            32639
  water_memory_candidate  28544
  water_visible_candidate 27851
  food_accessible_at_think26457
  rest                    22143
  craving_protein_search  21104
  yield_obs_yield_forage_sum21037.14300561331
  remembered_node_target  20741
  path_denied_cooldown    16163
  craving_protein_reachable13949
  diet_nutrition_total    13230
  cold_damage_ticks       12498
  step_slope_flat_ratio   12036.573568232236
  step_slope_flat         12022
  path_found              10791
  place_memory_samples_band_010553
  place_memory_samples_band_110377
  sleeping_open           8440
  poison_ticks            7085
  sleeping                6843
  action_target_knowledge_checked6464
  action_target_knowledge_known6464
  craving_protein_absent  5212
  elite_larder_preferred  5125
  relocation_food_nodes   4958
  sheltering              4725
  mood_belonging_sum      4411.366510911199
  action_target_knowledge_visible_forage3677
  relocation_food_depleted3052
  step_blocked            3029
  grazer_samples          2928
  fruit_thirst_relief     2844.113934570323
  belief_seen_eat_berries 2451
  step_slide              2439
  shared_resource_depletion_seen2292
  hunter_samples          2250
  drink                   2192
  food_absent_in_search_at_think2144
  talked_cold             2089
  craving_protein_outside_reach1943
  craving_protein_masked_by_reachable_food1856
  craving_protein_override_selected1856
  action_target_knowledge_visible_chop1742
  water_exploration_no_frontier1114
  hydrating_food_candidate1063
  stale_memory_resource_empty968
  abandoned_remembered_wrong968
  diet_nutrition_protein  954
  action_target_from_memory_forage919
  yield_obs_yield_fish_sum907.2081049681823
  eat                     905
  hungry_at_work_sleep    855
  mood_samples            816
  macro_samples           816
  place_exploration_fraction_band_1815.97265625
  grazer_samples_on_poor  780
  macro_exertion_sum      736.0886319728356
  eat_craving_protein     722
  abandoned_hands_full    711
  food_blocked_by_reach_at_think707
  food_reach_fallback_at_think707
  place_exploration_fraction_band_0694.357421875
  remembered_empty_walk   678
  woke_hungry             669
  witnessed               661
  harvest_berries         624
  macro_carb_sum          620.0917986162266
  hungry_at_work_rest     576
  belief_seen_eat_toxic_berries572
  ate_berries             553
  eaten_berries           553
  yield_obs_yield_forage_n552
  rest_ended_hungry       539
  worked_alongside        503
  belief_seen_eat_pear    488
  stored                  454
  hungry_at_work_romp     452
  romp_cold               431
  belief_seen_sick        424
  romp_hungry             422
  yield_obs_yield_pick_sum374.26539269208956
  food_stored_own         365
  mood_comfort_sum        360.7759600982226
  work_ended_node_empty   357
  nursing_sessions        341
  sought_out_chief_talk   341
  drink_finished          333
  belief_seen_eat_apple   330
  action_target_knowledge_visible_drink328
  action_target_knowledge_remembered_forage325
  action_target_knowledge_visible_pick274
  hungry_at_work_talk     274
  would_spoil_berries     272
  interrupted_spar_cold   261
  belief_told             232
  talked_hungry           227
  withdrawn               221
  water_exploration_offered208
  cold_damage_sum         196.55597577652878
  route_arrived           195
  work_ended_hands_full   195
  cry_interrupted         189
  interrupted_discuss_cold171
  water_place_told        155
  hungry_at_work_give     139
  pushed_on_hunger_give   139
  spoilage_prevented      139
  tree_died_old           138
  romp_together           135
  pushed_on_cold_propose  131
  settled_over_work       127
  yield_obs_yield_pick_n  127
  water_exploration_offered_adult126
  eat_calm_protein        117
  picked_pear             114
  hungry_at_work_nurse    112
  action_target_knowledge_visible_hunt111
  conversation            110
  sparred                 109
  ate_pear                108
  eaten_pear              108
  ate_toxic_berries       104
  eaten_toxic_berries     104
  ate_toxic_unwise        104
  risky_meals_toxic_berries104
  work_ended_cold         103
  belief_seen_eat_fish    103
  shared_a_roof           101
  macro_fat_sum           98.49718683106556
  macro_protein_sum       97.41101455270869
  hand_capacity_blocked   96
  harvest_sticks          89
  event_share_food        89
  gift_given              89
  animal_alarmed          83
  rumor_spread            82
  water_exploration_offered_child82
  materials_delivered     78
  action_target_from_memory_gather76
  picked_apple            74
  ate_apple               74
  eaten_apple             74
  poisoned_toxic_berries  73
  mood_security_sum       72.20731346334078
  belief_seen_eat_plum    71
  reflected               71
  raid_for_need_nowhere   59
  order_obeyed            59
  talked_baby_crying      55
  yield_obs_yield_fish_n  54
  work_ended_baby_crying  52
  action_target_from_memory_gather_for_site51
  haul_units_band_0       50
  order_haul_obeyed       49
  abandoned_no_food       46
  belief_seen_eat_meat    46
  meadow_poor_share_samples45
  hungry_at_work_build    43
  romp_away_from_family   42
  dropped                 42
  interrupted_teach_cold  41
  work_ended_tree_bare    39
  sought_out_chief_discuss39
  abandoned_nothing_to_haul38
  harvest_fish            38
  ate_fish                38
  eaten_fish              38
  risky_meals_fish        38
  poison_grade_moderate   35
  picked_plum             33
  conversation_deep       32
  yield_obs_yield_hunt_sum30.303030303030305
  harvest_reeds           30
  poisoning_passed        30
  breakthrough_ponder     30
  tree_seeded             30
  rest_ended_baby_crying  29
  hearths                 29
  wood_cut                29
  haul_units_band_1       28
  conversation_chat       28
  explore_ended_cold      28
  romp_alone              27
  eat_craving_protein_rich27
  harvest_meat            26
  conversation_interests  25
  sought_out_chief_ask    25
  conversation_greet      25
  sought_out_chief_spar   23
  would_spoil_toxic_berries23
  hunter_samples_expected_in_firelight22.91383801904225
  order_refused           22
  poison_grade_severe     22
  ponder_nothing          21
  thought_nothing_came_of_it21
  interrupted_ask_cold    21
  poison_grade_mild       20
  haul_trip_band_0        18
  relocation_scarcity_days18
  eat_calm_protein_rich   18
  site_placed             16
  interrupted_teach_baby_crying16
  order_haul_refused      16
  ate_plum                16
  eaten_plum              16
  project_backer_added    14
  prey_killed_by_predator 14
  animal_predated         14
  interrupted_give_baby_crying13
  sought_out_chief_give   13
  discuss_nothing         12
  talked_nothing_came_of_it12
  would_spoil_fish        12
  ate_at_source           11
  hungry_at_work_pick     11
  pushed_on_hunger_pick   11
  sought_out_chief_feed   11
  order_build_obeyed      10
  food_place_told         10
  picked_up               10
  pickup_ordered          10
  npc_pickup              10
  order_resumed           9
  would_spoil_apple       9
  ate_meat                9
  eaten_meat              9
  risky_meals_meat        9
  proposed_baby_crying    9
  baby_picked_up          8
  site_abandoned          8
  interrupted_give_cold   8
  interrupted_discuss_baby_crying8
  marriage                7
  founding_households     7
  work_ended_thirsty      7
  carry_overflow_dropped  7
  yield_obs_yield_hunt_n  7
  observed_tracking       7
  child_watched           7
  prey_killed_by_wolf     7
  conception              7
  action_target_knowledge_remembered_drink7
  starving_fed            7
  band_planned_mud_hut    7
  birth                   7
  woke_away_from_family   7
  animal_born             7
  woke_baby_crying        7
  meadow_poor_share_sum   6.027137793531236
  haul_trip_band_1        6
  harvest_flint           6
  abandoned_no_fruit      6
  order_build_refused     6
  belief_seen_yield_pick  6
  conceived_flute         6
  hurt_person_days        6
  starving_fed_remembered 6
  belief_seen_eat_hazelnut6
  animal_entered_by_edge  6
  prototype_trial_passed  6
  would_spoil_plum        5
  spark_flute_0           5
  building_completed      5
  hungry_at_work_bring_food5
  abandoned_already_built 5
  chief_chosen            4
  prey_killed_by_bear     4
  hungry_at_work_forage   4
  pushed_on_hunger_forage 4
  would_spoil_meat        4
  breakthrough_discuss    4
  project_request_refused 4
  rest_ended_away_from_family3
  completed_storage_pit   3
  prey_killed_by_lynx     3
  conceived_fishing       3
  picked_hazelnut         3
  ate_hazelnut            3
  eaten_hazelnut          3
  taught_tracking         3
  child_taught            3
  predator_kept_off_by_fire3
  sought_out_chief_propose3
  poisoned_fish           3
  conceived_division_of_labour3
  conceived_cordage       2
  spark_cordage_1         2
  spark_fishing_0         2
  band_planned_windbreak  2
  conceived_plant_lore    2
  animal_killed           2
  hunt_killed             2
  child_taught_by_parent  2
  ask_taught              2
  event_teach             2
  completed_windbreak     2
  ask_refused             2
  asked_would_not_teach   2
  practised_fishing       2
  herd_entered_by_edge    2
  tree_felled             2
  spark_division_of_labour_12
  proven_fishing          2
  discovered_fishing      2
  craft_interrupted       1
  crafted_atlatl          1
  crafted_handaxe         1
  abandoned_fruit_fallen  1
  rest_ended_thirsty      1
  spark_plant_lore_0      1
  spark_plant_lore_1      1
  spark_flute_2           1
  spark_fishing_2         1
  spark_wanting_fishing_2 1
  conceived_leatherwork   1
  spark_leatherwork_2     1
  abandoned_nothing_to_think_about1
  band_planned_storage_pit1
  poisoned_meat           1
  talked_thirsty          1
  spark_division_of_labour_01
  hungry_at_work_propose  1
  proposed_hungry         1
  belief_seen_yield_forage1
  talked_away_from_family 1
  hearth_taught           1
  hunt_ended_baby_crying  1
  would_spoil_pear        0
  mood_purpose_sum        -6391.737557009968

ACTIONS (summed over samples)
  idle                    29555
  forage                  27023
  rest                    23164
  sleep                   16724
  talk                    12105
  romp                    9514
  chop                    8462
  go_home                 8296
  ponder                  8235
  drink                   8206
  spar                    7925
  shelter                 6212
  pick                    6188
  gather                  5097
  store                   3815
  give                    2989
  discuss                 2326
  build                   1689
  nurse                   1680
  haul                    1490
  reflect                 1438
  wander                  1352
  take                    1279
  propose                 1123
  ask                     793
  teach                   658
  eat                     548
  hunt                    538
  craft                   485
  pickup                  87
  explore                 72
  bring_food              19

KNOWLEDGE
  era: Lower Palaeolithic  ·  8 things known to somebody  ·  0 can make fire

BANDS
  2 chiefs  ·  0 outcast  ·  0 exiled  ·  59 orders obeyed, 22 refused

BUILDINGS
  5 of 8 finished  ·  233 items in store

RELATIONSHIPS
  238 edges across 27 people  ·  237 warm  ·  0 hostile
  Halar band            theft tolerance 0.45   murder 1.20
  Esksh band            theft tolerance 0.48   murder 0.78

TERRAIN
  water=4296  beach=1791  grass=4733  forest=4295  hills=971  rock=298

TRAVEL
  10791 routes found  ·  11.5 mean / 251 worst expansions  ·  1199.0 searches per 1,000 ticks
  route_arrived=195  walk_blocked=0  abandoned_cannot_reach=0
  everything that walks: step_blocked=3029  ·  axis_null=0  ·  slides=2439
  people only: 0 stuck of 54894 walk ticks (0.0 per 1,000)  ·  denied: cooldown=16163 budget=0
  recoveries=0 (0 found a route)

CHECKS
  PASS  regions-stay-true       9 independently recomputed landmasses; 0 incorrectly labelled tiles and 0 incorrect region sizes
  PASS  hands-limit-loads       0 post-transfer states remained above the hands and fitted-container limit; 96 collection attempts hit a hand limit
  n/a   containers-carry-more   run the porters scenario to compare fitted containers with bare hands
  PASS  people-act-on-what-they-know6464/6464 forage, pick, drink, hunt and chop targets visible or remembered
  n/a   word-of-food-travels    measured in food-news, where the rumour supplies the only food
  PASS  stale-memories-cost     968 trips reached a remembered resource that was exhausted
  PASS  the-map-grows           5.3% → 6.4% mean explored (must grow and remain below 99%)
  n/a   kin-are-defended        0 attacks on children with adult witnesses (need 10)
  n/a   the-young-run-to-their-own0 attacked children fled (need 10)
  FAIL  cravings-steer-the-diet 3.7% rich-protein meals while craving vs 15.4% while calm (need 1.3x)
  PASS  nights-are-slept        57.8% of 2160 adult samples in full night sleeping or resting (need 55%)
  PASS  nights-are-spent-at-home93.8% of 2160 adult night samples within 15 tiles of an anchor (need 70%)
  PASS  moods-move-choices      6.8% talk in low-belonging tercile vs 6.6% in high (2250 samples each; low must be higher)
  PASS  children-keep-close     94.1% of 2203 child samples within radius + 3 of either living parent (need 75%; designated carer=91.1%; top actions: romp=476, go_home=377, sleep=355, shelter=295, rest=142)
  PASS  no-nan                  worst sample had 0 non-finite fields
  PASS  people-in-bounds        worst sample had 0 people outside a 128x128 world
  PASS  people-on-land          worst sample had 0 people standing in water or on rock
  PASS  people-survive          27/20 alive at step 9000 (need 14 over 37 days)
  PASS  deaths-explained        nobody died
  PASS  nobody-stalls-under-orders0 people stalled under order for a full day; 0 gave up walking, 0 of those under order
  PASS  walkers-do-not-grind    0 of 54,894 walking ticks made no real progress (0.0 per 1,000; wanted under 5)
  PASS  paths-are-found         200 pairs sampled on the largest region, every one found — mean 744.3 / worst 5380 expansions; 0 gave up mid-play
  PASS  nobody-walled-in        27 checked; 0 cut off from water, 0 cut off from food in their own region
  PASS  people-drink            drink=2192
  PASS  drinking-is-paced       333 drinks finished over 824 person-days (0.40 each per day; wanted some, and fewer than 4)
  PASS  food-work-continues     15 ticks of food-gathering continued through hunger that would otherwise have stopped it (0 hunting)
  PASS  people-harvest          berries=624 meat=26 wood=0 flint=6
  PASS  people-eat              eat=905
  PASS  ai-uses-many-actions    32 distinct actions observed: idle=29555 forage=27023 rest=23164 sleep=16724 talk=12105 romp=9514 chop=8462 go_home=8296 ponder=8235 drink=8206 spar=7925 shelter=6212 pick=6188 gather=5097 store=3815 give=2989 discuss=2326 build=1689 nurse=1680 haul=1490 reflect=1438 wander=1352 take=1279 propose=1123 ask=793 teach=658 eat=548 hunt=538 craft=485 pickup=87 explore=72 bring_food=19
  PASS  needs-not-pinned        final avgHunger=17.1 avgThirst=13.0 avgCold=0.6 avgCompany=23.6
  PASS  health-holds-up         final avgHealth=98.1 (floor is 60)
  PASS  events-witnessed        deeds=91 witnessed=661 unwitnessed=0
  PASS  people-talk             conversations=110
  FAIL  gossip-is-aimed         0 slanders and 0 praises over 110 conversations
  PASS  rumor-propagates        stories passed on=82
  n/a   opinions-diverge        measured after a witnessed assault in conflicts. 238 relationships across 27 people: 237 warm, 0 hostile
  PASS  materials-delivered     delivered=78 sites=8 finished=5
  PASS  building-starts-small   8 projects measured; 0 exceeded sponsor + backers + ordered workers
  PASS  projects-find-backers   5/5 completed AI-planned projects had a backer (need 70%)
  PASS  shelter-answers-cold    ticks spent sheltering=4725 final avgCold=0.6
  PASS  work-runs-in-stretches  node_empty=357 hands_full=195 tree_bare=39 baby_crying=52 thirsty=7 cold=103
  PASS  foraging-bites          most bushes stripped at once: 295; wild food went from 1941 to 2466
  n/a   generations-turn-over   run covers only 37 days; too short to say
  PASS  forest-is-used          2 trees felled, 29 timber cut, 234 fruit picked
  PASS  fruit-comes-and-goes-with-the-seasonworst sample had 0 fruit hanging out of season; most windfall seen at once was 13396 across 4 seasons
  PASS  forest-persists         stand went from 1227 to 1117 (943 grown, 52 seedlings); 30 seeded, 138 died of age
  PASS  bands-have-chiefs       2 chiefs for 27 people; 4 changes of leadership
  PASS  bands-decide-to-build   10 sites marked out by bands themselves (player placed none)
  n/a   camps-move-when-the-land-failsmeasured in the lean survival scenario
  n/a   jobs-bias-work          too few ticks with a job assigned to compare (0 held, 0 not)
  n/a   rebellion-is-rare-but-happensrun covers only 37 days; too short for rebellion to be expected or ruled out
  n/a   raids-are-organised     no chief in this world ever stood badly enough with a neighbour to weigh one
  n/a   knowledge-is-found      run covers under a year; too short to work anything out
  PASS  knowledge-is-passed-on  3 taught deliberately, 7 picked up by watching; 0 lessons that did not take
  n/a   children-are-taught     too few lessons to tell (3 taught, 3 to a child)
  n/a   sparks-are-various      this world was handed 7 technologies; what is left to conceive is the scenario talking, not the web
  PASS  ideas-are-conceived     17 ideas conceived (0.66 per person-year; wanted some, and fewer than 3)
  n/a   ideas-become-tech       run covers under a year; 17 conceived, too soon to prove any
  n/a   the-tree-is-climbed     run covers under a year; too soon to get past the root technologies
  PASS  research-is-social      30 breakthroughs alone, 4 by arguing it out
  PASS  trials-accumulate       6 trials went well across 2 designs proven, 0 went badly
  n/a   techs-are-refined       run covers under a year; too short to improve a design
  n/a   records-are-cut         nobody in this world can write
  n/a   crafting-is-interruptibletoo few crafting attempts to tell (2 made, 1 interrupted)
  n/a   food-spoils             spoilage is switched off in this scenario
  n/a   stores-keep-food-better-than-packsspoilage is switched off in this scenario
  n/a   pictures-are-painted    nobody here knows how to burn earth red
  n/a   music-answers-lonelinessnobody here can make a flute
  n/a   beer-answers-loneliness nobody here knows how to brew
  n/a   the-temple-gathers      no band had a chief with redistribution and a granary
  n/a   the-ledger-remembers    no temple kept by a chief who keeps accounts
  n/a   taxes-reach-the-temple  no temple kept by a chief who knows how to tax
  n/a   the-law-is-the-same-for-allno chief who judges by the law heard a case of their own people
  n/a   soldiers-are-kept       no temple kept by a chief who knows a standing army
  n/a   kings-reign-for-life    nobody here knows kingship
  n/a   civilisation-is-derived no band holds the six things a civilisation is
  n/a   governments-declare-war-and-peaceno government declared anything in this run
  n/a   the-beaten-pay-tribute  no people submitted to another in this run
  n/a   serfs-are-owned         no governed people took an adult captive in this run
  n/a   feasts-gather-the-band  nobody here knows how to brew
  n/a   the-hurt-are-tended     nobody here knows a herb from a weed
  n/a   wounds-fester-untended  0 untended and 0 dressed wound-days; too few to compare (need 60 of each)
  PASS  raw-meat-sickens        4 illnesses after 47 raw meals; none after anything cooked
  PASS  the-wise-avoid-baneberries104 baneberry meals by people without plant lore (73 fell ill), 0 by people who had it
  n/a   animals-are-tamed       nobody here would think of feeding one
  n/a   heads-direct-work       nobody here has the idea of a band with a shape
  FAIL  kills-are-butchered-for-bone2 kills gave 0 of bone and sinew, worked into 0 tools and 0 coats (coats are read over the cohort)
  n/a   crafts-happen-at-stations5 station designs exist and no band finished one in this run
  n/a   the-hearth-warms        nobody was cold within range of a finished hearth
  n/a   roast-wins              nobody alive knows cooking
  n/a   cooking-spreads         scenario did not found anyone knowing cooking
  n/a   pots-reach-a-granary    nobody alive knows how to fire clay
  FAIL  discovery-is-situated   every one of 17 ideas came by a named route; 0 of them into the technologies cold suggests
  PASS  population-bounded      peak population 27
  PASS  spatial-hash-spreads    largest bucket holds 9 of 27 items across 6 cells
  PASS  animals-move            mean drift 12.2 tiles/day (floor is 2)
  PASS  animals-flee            118 bolts opened the distance, 29 did not
  n/a   hunts-succeed-and-fail  too few strikes to tell (2 kills, 0 misses)
  PASS  people-eat-meat         26 meat taken; 905 meals eaten
  PASS  fish-are-caught         38 fish taken; 905 meals eaten
  n/a   bands-set-traps         nobody in this world knows how to set a trap
  n/a   fields-are-sown-and-reapednobody in this world knows how to farm
  n/a   soil-is-drawn-down      no harvest was taken off any ground in this run
  n/a   compost-answers-exhaustionnobody in this world knows how to compost
  n/a   traps-catch             no trap was finished in this run
  n/a   herds-breed-and-are-cullednobody in this world knows how to keep a pen
  n/a   wells-are-drawn-from    nobody in this world knows how to sink a well
  n/a   milk-is-drawn-and-drunk no milk was ever bred in this run
  n/a   wool-is-sheared-and-wovenno wool was ever bred in this run
  PASS  bands-dont-overbuild    band0=4 band1=1; 0 over the ceiling, 0 holding empty stores
  PASS  families-exist          7 households of more than one; 27 people with family
  n/a   sleep-restores          nobody had a roof to sleep under in this run
  n/a   kin-outrank-strangers   not all three kinds of tie have 10+ pairs here: household=68.9 band=20.4 outsider=n/a outsider-unrelated=n/a · band-pairs=0 friendliest=0.0 hostile=0.0
  n/a   bands-take-sides        no two bands have touched each other in this run
  n/a   violence-concentrates   only 0 blows between peoples here; too few to say where they land
  n/a   peoples-drift-apart     0 incidents between peoples; too few to split the run around
  n/a   peace-within-bands      only 0 blows here; too few to say where they land
  n/a   children-are-not-struck only 0 blows here; too few to say
  n/a   the-struck-respond      only 0 second blows here; too few to say
  n/a   wrongs-reach-the-chief  only 0 debts run up; too few to say
  n/a   upbringing-follows-culturefewer than two peoples saw 15 wrongs by their children abroad, with regard for strangers 0.15 apart
  n/a   the-watched-intervene   only 0 property deeds were seen by their owners; too few to say
  n/a   captives-are-taken      only 0 blows between peoples; no quarrel long enough
  n/a   bodies-are-found        only 0 deaths here; too few to say
  n/a   murders-are-solved      only 0 killings here; too few to say
  PASS  world-has-land          grass=4733 forest=4295 water=4296
  n/a   perf-budget             665 steps/s with 27 people at the peak (floor 1,880); judged only when a scenario runs alone
  PASS  herds-follow-the-grass  2,928 grazer samples, 27% of them on poor grass, against 13% of the meadow and the wood being poor
  PASS  predators-hunt          14 grazers pulled down (7 by wolves, 4 by bears, 3 by lynxes); 0 people bitten
  PASS  fire-keeps-wolves-off   0 of 2250 hunter samples inside a circle of firelight, where chance alone would put 22.9 (3 turned back)
  n/a   a-hunted-out-land-stays-emptythis land was not hunted out
  PASS  slopes-slow             91,139 uphill steps cover 90.5% of the distance asked, 74,803 downhill 103.4%, 12,022 flat 100%
  n/a   hills-see-farther       0 sightings of strangers in this run; too few to say

==============================================================================
4/133 CHECKS FAILED: cravings-steer-the-diet, gossip-is-aimed, kills-are-butchered-for-bone, discovery-is-situated


WORLD HEALTH REPORT  -  scenario "fishers"  seed "kipper"
==============================================================================
9000 steps in 10738ms  (838 steps/s)

POPULATION OVER TIME
  step    day   alive  hunger  thirst  tired   cold   lonely  health  food   bare  store  trees  grown  fruit  kids  wed  age   oob  
  0       5     21     0.0     0.0     0.0     0.0    0.0     100.0   1480   193   0      1024   902    0      8     12   17    0    
  900     8     21     14.4    16.2    5.5     0.0    19.6    100.0   1839   197   7      927    794    0      8     12   18    0    
  1800    12    21     15.2    15.2    4.4     0.0    16.7    100.0   1445   140   43     932    793    311    8     12   18    0    
  2700    16    22     17.4    12.6    1.4     0.0    22.8    100.0   2263   136   89     931    792    695    9     12   17    0    
  3600    20    24     16.3    16.4    4.6     0.0    20.7    98.8    1470   237   120    931    793    838    11    12   16    0    
  4500    23    25     16.5    10.9    5.4     0.0    17.3    99.5    2313   155   138    930    792    1447   12    12   15    0    
  5400    27    25     21.2    13.0    4.8     0.0    18.0    99.0    2557   158   200    930    792    1995   12    12   15    0    
  6300    31    26     17.9    9.6     5.4     0.2    28.2    97.6    1468   277   254    930    792    0      13    12   14    0    
  7200    35    26     14.6    8.9     5.9     0.9    20.2    98.1    1352   287   260    930    793    0      13    12   15    0    
  8100    38    26     14.3    14.7    8.7     1.7    28.3    98.6    1294   297   236    929    792    0      13    12   15    0    
  9000    42    26     21.8    17.2    4.2     0.0    20.2    99.3    1064   219   201    928    791    0      13    12   15    0    

EVENTS
  malnutrition_samples    214167
  path_expanded           182705
  step_slope_up           97772
  step_slope_up_ratio     88306.45756075725
  step_slope_down_ratio   83830.20360988012
  step_slope_down         81054
  walk_tick               75116
  nursing_hunger_relief   58300
  nursing_thirst_relief   58300
  remembered_node_candidate43063
  place_memory_age_sum_band_042628.03380405441
  place_memory_age_sum_band_135172.630238423706
  walk_arrived            33871
  malnutrition_sum        33691.73747364054
  water_memory_candidate  26397
  water_visible_candidate 26166
  food_accessible_at_think25587
  yield_obs_yield_forage_sum22359.316211438672
  path_denied_cooldown    21195
  rest                    15675
  path_found              14709
  craving_protein_search  12895
  step_slope_flat_ratio   12776.321081321927
  step_slope_flat         12759
  sleeping                12484
  diet_nutrition_total    12009
  place_memory_samples_band_011472
  place_memory_samples_band_19989
  craving_protein_reachable9193
  mood_belonging_sum      8786.058978318242
  sleeping_open           6974
  action_target_knowledge_checked6665
  action_target_knowledge_known6665
  yield_obs_yield_fish_sum6562.401834239159
  remembered_node_target  6293
  relocation_food_nodes   5291
  action_target_knowledge_visible_forage4482
  elite_larder_preferred  3341
  relocation_food_depleted3079
  shared_resource_depletion_seen2991
  grazer_samples          2718
  craving_protein_absent  2499
  belief_seen_eat_berries 2437
  hunter_samples          2250
  diet_nutrition_protein  2160
  drink                   1935
  fruit_thirst_relief     1919.368597866458
  abandoned_hands_full    1761
  step_blocked            1507
  step_slide              1277
  craving_protein_outside_reach1203
  place_exploration_fraction_band_01072.3740234375
  action_target_knowledge_visible_chop1035
  craving_protein_masked_by_reachable_food996
  craving_protein_override_selected996
  hydrating_food_candidate987
  place_exploration_fraction_band_1963.15234375
  mood_comfort_sum        899.9557574779991
  mood_samples            884
  macro_samples           884
  poison_ticks            873
  stale_memory_resource_empty843
  abandoned_remembered_wrong843
  food_absent_in_search_at_think827
  food_blocked_by_reach_at_think812
  food_reach_fallback_at_think812
  macro_exertion_sum      811.8553510285703
  eat                     773
  worked_alongside        744
  yield_obs_yield_forage_n614
  action_target_from_memory_forage605
  nursing_sessions        583
  belief_seen_eat_fish    583
  witnessed               579
  grazer_samples_on_poor  569
  stored                  546
  action_target_knowledge_visible_pick535
  macro_carb_sum          531.5654676277892
  harvest_berries         529
  remembered_bush_out_of_season501
  belief_seen_eat_hazelnut497
  ate_berries             472
  eaten_berries           472
  remembered_empty_walk   425
  belief_seen_eat_pear    413
  belief_told             412
  work_ended_node_empty   405
  eat_craving_protein     405
  food_stored_own         385
  drink_finished          326
  action_target_knowledge_visible_drink321
  mood_security_sum       315.2069205356777
  belief_seen_eat_apple   287
  cry_interrupted         274
  work_ended_hands_full   274
  eat_calm_protein        273
  water_place_told        262
  spoiled_berries         248
  yield_obs_yield_fish_n  242
  route_arrived           219
  withdrawn               199
  action_target_knowledge_remembered_forage198
  macro_fat_sum           186.5615146234228
  water_exploration_no_frontier177
  conversation            176
  romp_together           171
  macro_protein_sum       165.873017748789
  shared_a_roof           158
  hungry_at_work_rest     157
  hand_capacity_blocked   156
  harvest_fish            136
  rumor_spread            133
  animal_alarmed          127
  sought_out_chief_talk   127
  materials_delivered     122
  ate_fish                120
  eaten_fish              120
  risky_meals_fish        120
  hungry_at_work_nurse    120
  rest_ended_hungry       118
  tree_died_old           112
  settled_over_work       111
  water_exploration_offered101
  hungry_at_work_sleep    100
  woke_hungry             100
  water_exploration_offered_child100
  sparred                 98
  action_target_knowledge_visible_hunt89
  haul_units_band_1       88
  harvest_sticks          84
  yield_obs_yield_pick_sum79.79676159839059
  raid_for_need_nowhere   73
  ate_hazelnut            70
  eaten_hazelnut          70
  spoiled_fish            69
  picked_pear             68
  romp_away_from_family   67
  ate_pear                66
  eaten_pear              66
  bleeding_ticks          65
  work_ended_baby_crying  64
  spoilage_prevented      63
  talked_baby_crying      61
  work_ended_tree_bare    60
  picked_hazelnut         60
  eat_craving_protein_rich59
  event_share_food        57
  gift_given              57
  conversation_deep       55
  reflected               54
  yield_obs_yield_pick_n  51
  harvest_reeds           50
  eat_calm_protein_rich   50
  conversation_chat       50
  abandoned_no_food       50
  order_obeyed            49
  wood_cut                49
  hungry_at_work_talk     49
  talked_hungry           49
  conversation_interests  46
  meadow_poor_share_samples45
  order_haul_obeyed       45
  abandoned_nothing_to_haul42
  belief_seen_sick        42
  ate_apple               42
  eaten_apple             42
  dropped                 41
  hungry_at_work_hunt     40
  pushed_on_hunger_hunt   40
  rest_ended_baby_crying  39
  abandoned_no_fruit      39
  haul_trip_band_1        37
  food_place_told         37
  woke_baby_crying        35
  sought_out_chief_discuss35
  haul_units_band_0       34
  interrupted_discuss_baby_crying33
  hearths                 33
  picked_apple            32
  hunter_samples_expected_in_firelight29.289445668692156
  picked_up               27
  pickup_ordered          27
  npc_pickup              27
  conversation_greet      25
  order_refused           21
  action_target_from_memory_gather_for_site21
  tree_seeded             19
  order_haul_refused      19
  woke_away_from_family   18
  hurt_person_days        17
  interrupted_give_baby_crying16
  site_placed             14
  project_backer_added    14
  sought_out_chief_ask    14
  prey_killed_by_predator 14
  animal_predated         14
  child_taught            13
  relocation_scarcity_days13
  child_taught_by_parent  12
  picked_plum             12
  harvest_clay            12
  interrupted_teach_baby_crying11
  event_teach             11
  child_watched           11
  breakthrough_ponder     11
  belief_seen_eat_plum    11
  ask_taught              10
  haul_trip_band_0        10
  prey_killed_by_wolf     10
  hungry_at_work_give     10
  pushed_on_hunger_give   10
  poisoned_fish           9
  poisoning_passed        9
  harvest_flint           9
  conception              8
  sought_out_chief_give   8
  ponder_nothing          8
  thought_nothing_came_of_it8
  proposed_baby_crying    8
  interrupted_spar_baby_crying7
  taught_plant_lore       7
  observed_firemaking     7
  site_abandoned          7
  spoiled_pear            7
  marriage                6
  founding_households     6
  baby_picked_up          6
  taught_firemaking       6
  spoiled_plum            6
  sought_out_chief_propose6
  meadow_poor_share_sum   5.148619086683072
  project_request_refused 5
  conceived_cordage       5
  sought_out_chief_spar   5
  poison_grade_mild       5
  action_target_knowledge_remembered_drink5
  yield_obs_yield_hunt_n  5
  band_planned_mud_hut    5
  birth                   5
  talked_away_from_family 5
  rest_ended_away_from_family5
  chief_chosen            4
  building_completed      4
  hungry_at_work_romp     4
  observed_plant_lore     4
  order_build_obeyed      4
  event_praise            4
  praise_told             4
  work_ended_away_from_family4
  starving_fed            4
  starving_fed_remembered 4
  spark_cordage_0         3
  teaching_failed         3
  ask_taught_nothing      3
  asked_learned_nothing   3
  abandoned_already_built 3
  romp_hungry             3
  tree_felled             3
  poison_grade_moderate   3
  ate_plum                3
  eaten_plum              3
  belief_seen_yield_forage3
  hungry_at_work_propose  3
  animal_entered_by_edge  3
  crafted_net             2
  completed_storage_pit   2
  prey_killed_by_lynx     2
  prey_killed_by_bear     2
  band_planned_windbreak  2
  order_build_refused     2
  order_resumed           2
  conceived_ochre         2
  spark_ochre_0           2
  wound_days_untended     2
  hearth_taught           2
  action_target_from_memory_gather2
  spoiled_apple           2
  spark_cordage_1         2
  breakthrough_discuss    2
  ask_refused             1
  asked_would_not_teach   1
  era_advanced            1
  belief_seen_yield_pick  1
  conceived_herbalism     1
  spark_herbalism_0       1
  conceived_tracking      1
  spark_tracking_0        1
  completed_mud_hut       1
  completed_windbreak     1
  hunt_missed             1
  animal_blow_boar        1
  hunter_turned_on_by_boar1
  hunt_ended_baby_crying  1
  carry_overflow_dropped  1
  band_planned_storage_pit1
  abandoned_target_gone   1
  ate_at_source           1
  reasoned_out_tracking   1
  abandoned_store_full    1
  poison_grade_severe     1
  abandoned_goods_gone    1
  prototype_failed        1
  water_exploration_offered_adult1
  path_no_route           1
  animal_born             1
  herd_entered_by_edge    1
  yield_obs_yield_hunt_sum0
  mood_purpose_sum        -8766.986702792155

ACTIONS (summed over samples)
  forage                  33856
  idle                    33225
  sleep                   22702
  rest                    18981
  talk                    16339
  romp                    14409
  go_home                 14047
  gather                  7606
  spar                    7368
  pick                    6576
  drink                   5929
  store                   5471
  chop                    5040
  ponder                  4425
  nurse                   3698
  haul                    2276
  give                    2091
  discuss                 1788
  build                   1607
  propose                 1425
  ask                     1413
  reflect                 1107
  take                    1073
  craft                   652
  teach                   529
  eat                     469
  hunt                    431
  wander                  308
  pickup                  212
  praise                  170
  explore                 60
  carry_baby              2

KNOWLEDGE
  era: Middle Palaeolithic  ·  5 things known to somebody  ·  13 can make fire
  1 advances, 0 relapses

BANDS
  2 chiefs  ·  0 outcast  ·  0 exiled  ·  49 orders obeyed, 21 refused

BUILDINGS
  4 of 7 finished  ·  201 items in store

RELATIONSHIPS
  255 edges across 26 people  ·  254 warm  ·  0 hostile
  Narin band            theft tolerance 1.26   murder 1.06
  Rhara band            theft tolerance 0.82   murder 0.98

TERRAIN
  water=5994  beach=1286  grass=4044  forest=3270  hills=1687  rock=103

TRAVEL
  14709 routes found  ·  12.4 mean / 2095 worst expansions  ·  1634.4 searches per 1,000 ticks
  route_arrived=219  walk_blocked=0  abandoned_cannot_reach=0
  everything that walks: step_blocked=1507  ·  axis_null=0  ·  slides=1277
  people only: 0 stuck of 75116 walk ticks (0.0 per 1,000)  ·  denied: cooldown=21195 budget=0
  recoveries=0 (0 found a route)

CHECKS
  PASS  regions-stay-true       8 independently recomputed landmasses; 0 incorrectly labelled tiles and 0 incorrect region sizes
  PASS  hands-limit-loads       0 post-transfer states remained above the hands and fitted-container limit; 156 collection attempts hit a hand limit
  n/a   containers-carry-more   run the porters scenario to compare fitted containers with bare hands
  PASS  people-act-on-what-they-know6665/6665 forage, pick, drink, hunt and chop targets visible or remembered
  n/a   word-of-food-travels    measured in food-news, where the rumour supplies the only food
  PASS  stale-memories-cost     843 trips reached a remembered resource that was exhausted
  PASS  the-map-grows           6.8% → 9.4% mean explored (must grow and remain below 99%)
  n/a   kin-are-defended        0 attacks on children with adult witnesses (need 10)
  n/a   the-young-run-to-their-own0 attacked children fled (need 10)
  FAIL  cravings-steer-the-diet 14.6% rich-protein meals while craving vs 18.3% while calm (need 1.3x)
  PASS  nights-are-slept        57.1% of 1911 adult samples in full night sleeping or resting (need 55%)
  PASS  nights-are-spent-at-home87.9% of 1911 adult night samples within 15 tiles of an anchor (need 70%)
  FAIL  moods-move-choices      4.3% talk in low-belonging tercile vs 9.3% in high (1950 samples each; low must be higher)
  PASS  children-keep-close     94.0% of 3115 child samples within radius + 3 of either living parent (need 75%; designated carer=90.9%; top actions: romp=701, go_home=524, sleep=510, forage=387, talk=315)
  PASS  no-nan                  worst sample had 0 non-finite fields
  PASS  people-in-bounds        worst sample had 0 people outside a 128x128 world
  PASS  people-on-land          worst sample had 0 people standing in water or on rock
  PASS  people-survive          26/21 alive at step 9000 (need 15 over 37 days)
  PASS  deaths-explained        nobody died
  PASS  nobody-stalls-under-orders0 people stalled under order for a full day; 0 gave up walking, 0 of those under order
  PASS  walkers-do-not-grind    0 of 75,116 walking ticks made no real progress (0.0 per 1,000; wanted under 5)
  PASS  paths-are-found         200 pairs sampled on the largest region, every one found — mean 573.5 / worst 2681 expansions; 0 gave up mid-play
  PASS  nobody-walled-in        26 checked; 0 cut off from water, 0 cut off from food in their own region
  PASS  people-drink            drink=1935
  PASS  drinking-is-paced       326 drinks finished over 885 person-days (0.37 each per day; wanted some, and fewer than 4)
  n/a   food-work-continues     nobody got hungry enough mid-gather to be worth exempting
  PASS  people-harvest          berries=529 meat=0 wood=0 flint=9
  PASS  people-eat              eat=773
  PASS  ai-uses-many-actions    32 distinct actions observed: forage=33856 idle=33225 sleep=22702 rest=18981 talk=16339 romp=14409 go_home=14047 gather=7606 spar=7368 pick=6576 drink=5929 store=5471 chop=5040 ponder=4425 nurse=3698 haul=2276 give=2091 discuss=1788 build=1607 propose=1425 ask=1413 reflect=1107 take=1073 craft=652 teach=529 eat=469 hunt=431 wander=308 pickup=212 praise=170 explore=60 carry_baby=2
  PASS  needs-not-pinned        final avgHunger=21.8 avgThirst=17.2 avgCold=0.0 avgCompany=20.2
  PASS  health-holds-up         final avgHealth=99.3 (floor is 60)
  PASS  events-witnessed        deeds=72 witnessed=579 unwitnessed=0
  PASS  people-talk             conversations=176
  PASS  gossip-is-aimed         0 slanders and 4 praises over 176 conversations
  PASS  rumor-propagates        stories passed on=133
  n/a   opinions-diverge        measured after a witnessed assault in conflicts. 255 relationships across 26 people: 254 warm, 0 hostile
  PASS  materials-delivered     delivered=122 sites=7 finished=4
  PASS  building-starts-small   7 projects measured; 0 exceeded sponsor + backers + ordered workers
  PASS  projects-find-backers   4/4 completed AI-planned projects had a backer (need 70%)
  n/a   shelter-answers-cold    never got cold (peak avgCold 1.7)
  PASS  work-runs-in-stretches  node_empty=405 hands_full=274 baby_crying=64 tree_bare=60 away_from_family=4
  PASS  foraging-bites          most bushes stripped at once: 297; wild food went from 1480 to 1064
  n/a   generations-turn-over   run covers only 37 days; too short to say
  PASS  forest-is-used          3 trees felled, 49 timber cut, 199 fruit picked
  PASS  fruit-comes-and-goes-with-the-seasonworst sample had 0 fruit hanging out of season; most windfall seen at once was 10481 across 4 seasons
  PASS  forest-persists         stand went from 1024 to 928 (791 grown, 40 seedlings); 19 seeded, 112 died of age
  PASS  bands-have-chiefs       2 chiefs for 26 people; 4 changes of leadership
  PASS  bands-decide-to-build   8 sites marked out by bands themselves (player placed none)
  n/a   camps-move-when-the-land-failsmeasured in the lean survival scenario
  n/a   jobs-bias-work          too few ticks with a job assigned to compare (0 held, 0 not)
  n/a   rebellion-is-rare-but-happensrun covers only 37 days; too short for rebellion to be expected or ruled out
  n/a   raids-are-organised     no chief in this world ever stood badly enough with a neighbour to weigh one
  n/a   knowledge-is-found      run covers under a year; too short to work anything out
  PASS  knowledge-is-passed-on  13 taught deliberately, 11 picked up by watching; 3 lessons that did not take
  PASS  children-are-taught     13 of 13 lessons went to a child, 12 of those from a parent
  PASS  ideas-are-conceived     9 ideas conceived (0.41 per person-year; wanted some, and fewer than 3)
  PASS  sparks-are-various      5 routes into 4 technologies: cordage herbalism tracking ochre
  n/a   ideas-become-tech       run covers under a year; 9 conceived, too soon to prove any
  n/a   the-tree-is-climbed     run covers under a year; too soon to get past the root technologies
  PASS  research-is-social      11 breakthroughs alone, 2 by arguing it out
  n/a   trials-accumulate       nothing was proven, so nothing was tried more than once
  n/a   techs-are-refined       nothing was proven, so nothing could be improved
  n/a   records-are-cut         nobody in this world can write
  n/a   crafting-is-interruptibletoo few crafting attempts to tell (2 made, 0 interrupted)
  PASS  food-spoils             332 units went off against 1019 gathered (33%)
  PASS  stores-keep-food-better-than-packs63 units kept by being stored rather than carried, 16% of everything at risk
  n/a   pictures-are-painted    nobody here knows how to burn earth red
  n/a   music-answers-lonelinessnobody here can make a flute
  n/a   beer-answers-loneliness nobody here knows how to brew
  n/a   the-temple-gathers      no band had a chief with redistribution and a granary
  n/a   the-ledger-remembers    no temple kept by a chief who keeps accounts
  n/a   taxes-reach-the-temple  no temple kept by a chief who knows how to tax
  n/a   the-law-is-the-same-for-allno chief who judges by the law heard a case of their own people
  n/a   soldiers-are-kept       no temple kept by a chief who knows a standing army
  n/a   kings-reign-for-life    nobody here knows kingship
  n/a   civilisation-is-derived no band holds the six things a civilisation is
  n/a   governments-declare-war-and-peaceno government declared anything in this run
  n/a   the-beaten-pay-tribute  no people submitted to another in this run
  n/a   serfs-are-owned         no governed people took an adult captive in this run
  n/a   feasts-gather-the-band  nobody here knows how to brew
  n/a   the-hurt-are-tended     nobody here knows a herb from a weed
  n/a   wounds-fester-untended  2 untended and 0 dressed wound-days; too few to compare (need 60 of each)
  PASS  raw-meat-sickens        9 illnesses after 120 raw meals; none after anything cooked
  n/a   the-wise-avoid-baneberries0 baneberry meals by the unlettered; nobody was exposed enough to tell
  n/a   animals-are-tamed       nobody here would think of feeding one
  n/a   heads-direct-work       nobody here has the idea of a band with a shape
  n/a   kills-are-butchered-for-bonenobody alive knows what to do with a carcass
  n/a   crafts-happen-at-stations5 station designs exist and no band finished one in this run
  n/a   the-hearth-warms        nobody was cold within range of a finished hearth
  n/a   roast-wins              nobody alive knows cooking
  n/a   cooking-spreads         scenario did not found anyone knowing cooking
  n/a   pots-reach-a-granary    nobody alive knows how to fire clay
  PASS  discovery-is-situated   every one of 9 ideas came by a named route; 0 of them into the technologies cold suggests
  PASS  population-bounded      peak population 26
  PASS  spatial-hash-spreads    largest bucket holds 5 of 26 items across 14 cells
  PASS  animals-move            mean drift 12.9 tiles/day (floor is 2)
  PASS  animals-flee            199 bolts opened the distance, 73 did not
  n/a   hunts-succeed-and-fail  too few strikes to tell (0 kills, 1 misses)
  n/a   people-eat-meat         no meat entered the world in this run
  PASS  fish-are-caught         136 fish taken; 773 meals eaten
  n/a   bands-set-traps         nobody in this world knows how to set a trap
  n/a   fields-are-sown-and-reapednobody in this world knows how to farm
  n/a   soil-is-drawn-down      no harvest was taken off any ground in this run
  n/a   compost-answers-exhaustionnobody in this world knows how to compost
  n/a   traps-catch             no trap was finished in this run
  n/a   herds-breed-and-are-cullednobody in this world knows how to keep a pen
  n/a   wells-are-drawn-from    nobody in this world knows how to sink a well
  n/a   milk-is-drawn-and-drunk no milk was ever bred in this run
  n/a   wool-is-sheared-and-wovenno wool was ever bred in this run
  PASS  bands-dont-overbuild    band0=2 band1=2; 0 over the ceiling, 0 holding empty stores
  PASS  families-exist          6 households of more than one; 26 people with family
  n/a   sleep-restores          nobody had a roof to sleep under in this run
  n/a   kin-outrank-strangers   not all three kinds of tie have 10+ pairs here: household=69.5 band=16.3 outsider=n/a outsider-unrelated=n/a · band-pairs=0 friendliest=0.0 hostile=0.0
  n/a   bands-take-sides        no two bands have touched each other in this run
  n/a   violence-concentrates   only 0 blows between peoples here; too few to say where they land
  n/a   peoples-drift-apart     0 incidents between peoples; too few to split the run around
  n/a   peace-within-bands      only 0 blows here; too few to say where they land
  n/a   children-are-not-struck only 0 blows here; too few to say
  n/a   the-struck-respond      only 0 second blows here; too few to say
  n/a   wrongs-reach-the-chief  only 0 debts run up; too few to say
  n/a   upbringing-follows-culturefewer than two peoples saw 15 wrongs by their children abroad, with regard for strangers 0.15 apart
  n/a   the-watched-intervene   only 0 property deeds were seen by their owners; too few to say
  n/a   captives-are-taken      only 0 blows between peoples; no quarrel long enough
  n/a   bodies-are-found        only 0 deaths here; too few to say
  n/a   murders-are-solved      only 0 killings here; too few to say
  PASS  world-has-land          grass=4044 forest=3270 water=5994
  n/a   perf-budget             838 steps/s with 26 people at the peak (floor 1,938); judged only when a scenario runs alone
  PASS  herds-follow-the-grass  2,718 grazer samples, 21% of them on poor grass, against 11% of the meadow and the wood being poor
  PASS  predators-hunt          14 grazers pulled down (10 by wolves, 2 by bears, 2 by lynxes); 0 people bitten
  PASS  fire-keeps-wolves-off   0 of 2250 hunter samples inside a circle of firelight, where chance alone would put 29.3 (0 turned back)
  n/a   a-hunted-out-land-stays-emptythis land was not hunted out
  PASS  slopes-slow             97,772 uphill steps cover 90.3% of the distance asked, 81,054 downhill 103.4%, 12,759 flat 100%
  n/a   hills-see-farther       0 sightings of strangers in this run; too few to say

==============================================================================
2/133 CHECKS FAILED: cravings-steer-the-diet, moods-move-choices


WORLD HEALTH REPORT  -  scenario "farmers"  seed "furrow"
==============================================================================
24000 steps in 64880ms  (370 steps/s)

POPULATION OVER TIME
  step    day   alive  hunger  thirst  tired   cold   lonely  health  food   bare  store  trees  grown  fruit  kids  wed  age   oob  
  0       5     25     0.0     0.0     0.0     0.0    0.0     100.0   1597   180   0      961    829    0      8     14   21    0    
  2400    15    25     19.3    17.5    4.2     0.0    29.6    100.0   2015   154   115    863    716    614    8     14   21    0    
  4800    25    28     18.9    15.1    2.0     0.2    19.8    99.8    2392   166   234    859    712    1634   11    14   19    0    
  7200    35    31     17.5    10.4    2.4     50.1   22.1    99.9    1608   266   231    857    711    0      14    14   18    0    
  9600    45    31     22.6    13.6    4.2     78.0   71.7    91.6    1462   198   161    865    711    0      14    14   18    0    
  12000   55    33     21.4    17.6    3.6     36.0   46.9    94.1    2002   151   194    883    711    591    16    14   17    0    
  14400   65    35     22.1    13.6    5.7     4.5    24.4    96.7    2413   170   274    881    715    1569   18    16   16    0    
  16800   75    37     19.8    13.7    3.4     30.3   14.6    97.2    1604   266   313    880    716    0      20    16   16    0    
  19200   85    37     35.9    13.9    5.4     46.5   52.6    96.8    1451   203   321    887    716    0      20    16   16    0    
  21600   95    38     25.4    15.7    10.6    15.7   26.6    98.0    1990   155   338    906    717    557    21    16   16    0    
  24000   105   41     18.1    15.5    7.5     0.4    21.0    98.5    2389   173   406    904    718    1557   24    16   15    0    

EVENTS
  malnutrition_samples    775874
  path_expanded           670790
  place_memory_age_sum_band_0467468.7881413375
  place_memory_age_sum_band_1402425.5616264339
  step_slope_up           351340
  remembered_node_candidate334361
  step_slope_up_ratio     317896.30715176486
  step_slope_down_ratio   298055.4402113758
  step_slope_down         288360
  walk_tick               275242
  nursing_hunger_relief   218200
  nursing_thirst_relief   218200
  malnutrition_sum        157100.7724211663
  water_memory_candidate  113150
  food_accessible_at_think106444
  water_visible_candidate 104529
  walk_arrived            90343
  cold_damage_ticks       86789
  path_denied_cooldown    73699
  craving_protein_search  60950
  path_found              53033
  rest                    52548
  sleeping                48092
  yield_obs_yield_forage_sum45271.49138500925
  diet_nutrition_total    44308
  step_slope_flat_ratio   43959.079789888616
  step_slope_flat         43901
  place_memory_samples_band_043684
  remembered_node_target  40302
  craving_protein_reachable39834
  place_memory_samples_band_138186
  remembered_bush_out_of_season30439
  action_target_knowledge_checked25567
  action_target_knowledge_known25567
  mood_belonging_sum      24186.562036610423
  sheltering              22426
  action_target_knowledge_visible_forage17432
  craving_protein_absent  17139
  sleeping_open           16351
  relocation_food_nodes   15900
  yield_obs_yield_fish_sum15822.991339605062
  diet_nutrition_protein  11004
  grazer_samples          9837
  step_blocked            9667
  shared_resource_depletion_seen9294
  elite_larder_preferred  9292
  belief_seen_eat_berries 9228
  relocation_food_depleted8557
  fruit_thirst_relief     7698.343408383703
  drink                   6918
  food_absent_in_search_at_think6866
  hunter_samples          6241
  place_exploration_fraction_band_06189.0419921875
  food_blocked_by_reach_at_think5372
  food_reach_fallback_at_think5372
  place_exploration_fraction_band_15051.53125
  poison_ticks            5002
  pushed_on_cold_ponder   4456
  step_slide              4414
  witnessed               4154
  hungry_at_work_sleep    4051
  craving_protein_outside_reach3977
  hungry_at_work_rest     3958
  grazer_samples_on_poor  3952
  talked_cold             3740
  mood_comfort_sum        3717.5485237430507
  rest_ended_hungry       3695
  woke_hungry             3659
  abandoned_hands_full    3559
  yield_obs_yield_hunt_sum3511.67072071971
  stale_memory_resource_empty3260
  abandoned_remembered_wrong3260
  mood_samples            3249
  macro_samples           3249
  craving_protein_masked_by_reachable_food2997
  craving_protein_override_selected2997
  belief_seen_eat_fish    2950
  macro_exertion_sum      2920.2014420453906
  hydrating_food_candidate2907
  eat                     2886
  fever_ticks             2880
  action_target_knowledge_visible_pick2869
  romp_cold               2802
  water_exploration_no_frontier2719
  action_target_from_memory_forage2673
  interrupted_teach_cold  2253
  nursing_sessions        2182
  action_target_knowledge_visible_chop2138
  macro_carb_sum          2078.896717971282
  worked_alongside        1924
  hungry_at_work_nurse    1836
  yield_obs_yield_forage_n1799
  belief_seen_eat_pear    1783
  hungry_at_work_hunt     1740
  pushed_on_hunger_hunt   1740
  ate_berries             1670
  eaten_berries           1670
  eat_craving_protein     1629
  remembered_empty_walk   1624
  animal_alarmed          1541
  cold_damage_sum         1443.3757876287182
  sought_out_chief_talk   1311
  belief_seen_eat_plum    1296
  action_target_knowledge_visible_hunt1261
  work_ended_hands_full   1258
  harvest_berries         1249
  work_ended_node_empty   1178
  drink_finished          1090
  water_exploration_offered1053
  water_exploration_offered_child1053
  action_target_knowledge_visible_drink1019
  eat_calm_protein        969
  stored                  952
  cry_interrupted         936
  belief_told             896
  route_arrived           892
  hungry_at_work_romp     823
  action_target_knowledge_remembered_forage776
  romp_hungry             756
  hungry_at_work_talk     741
  water_place_told        640
  yield_obs_yield_fish_n  636
  shared_a_roof           619
  macro_protein_sum       615.2690134920379
  macro_fat_sum           554.8342685366711
  withdrawn               546
  belief_seen_eat_hazelnut541
  food_stored_own         534
  pushed_on_cold_build    531
  ate_fish                503
  eaten_fish              503
  risky_meals_fish        503
  talked_hungry           503
  conversation            453
  hungry_at_work_propose  451
  harvest_fish            450
  hand_capacity_blocked   444
  proposed_hungry         423
  romp_together           422
  hungry_at_work_give     418
  pushed_on_hunger_give   417
  bring_food_cold         414
  work_ended_cold         389
  belief_seen_sick        355
  interrupted_spar_cold   335
  event_share_food        333
  gift_given              333
  would_spoil_berries     326
  pushed_on_cold_propose  323
  rumor_spread            318
  ate_pear                318
  eaten_pear              318
  eat_calm_protein_rich   316
  abandoned_no_food       299
  picked_pear             294
  pushed_on_cold_prototype290
  materials_delivered     280
  belief_seen_eat_apple   280
  settled_over_work       271
  belief_seen_eat_meat    266
  work_ended_tree_bare    263
  harvest_meat            243
  romp_away_from_family   237
  work_ended_baby_crying  230
  would_spoil_fish        219
  sparred                 215
  explore_ended_cold      213
  eat_craving_protein_rich205
  ate_plum                200
  eaten_plum              200
  rest_ended_baby_crying  184
  interrupted_give_cold   180
  hunter_samples_expected_in_firelight178.90050938716487
  abandoned_no_fruit      178
  hearths                 166
  picked_plum             163
  haul_units_band_1       161
  hurt_person_days        155
  talked_baby_crying      154
  dropped                 151
  conversation_chat       145
  harvest_wild_grain      143
  order_obeyed            140
  pushed_on_cold_discuss  138
  picked_up               136
  pickup_ordered          136
  npc_pickup              136
  raid_for_need_nowhere   134
  order_haul_obeyed       134
  reflected               131
  tree_died_old           125
  meadow_poor_share_samples120
  haul_units_band_0       119
  sought_out_chief_spar   118
  interrupted_give_baby_crying117
  abandoned_nothing_to_haul116
  tended_ticks            116
  woke_baby_crying        114
  conversation_greet      109
  yield_obs_yield_hunt_n  108
  hungry_at_work_bring_food108
  wood_cut                107
  harvest_sticks          104
  conversation_deep       104
  proposed_cold           104
  yield_obs_yield_pick_sum103.24968768743757
  ate_at_source           102
  yield_obs_yield_pick_n  96
  hungry_at_work_spar     95
  conversation_interests  95
  ate_hazelnut            79
  eaten_hazelnut          79
  harvest_reeds           78
  tree_seeded             74
  action_target_knowledge_remembered_drink72
  picked_hazelnut         69
  ponder_nothing          68
  thought_nothing_came_of_it68
  harvest_flint           65
  spoilage_prevented      65
  ate_meat                65
  eaten_meat              65
  risky_meals_meat        65
  haul_trip_band_1        64
  interrupted_discuss_baby_crying62
  breakthrough_ponder     60
  child_watched           59
  poisoning_passed        54
  would_spoil_plum        53
  sought_out_chief_discuss53
  poisoned_fish           52
  starving_fed_remembered 52
  ate_apple               51
  eaten_apple             51
  sought_out_chief_give   50
  woke_away_from_family   50
  interrupted_discuss_cold49
  sought_out_chief_propose48
  starving_fed            48
  interrupted_teach_baby_crying47
  haul_trip_band_0        46
  child_taught            43
  prey_killed_by_predator 43
  animal_predated         43
  sought_out_chief_ask    42
  animal_born             42
  picked_apple            41
  carry_overflow_dropped  40
  food_place_told         38
  walk_stuck_tick         38
  event_teach             35
  pushed_on_cold_gather   33
  hunt_ended_baby_crying  32
  ask_taught              31
  prey_killed_by_wolf     31
  poison_grade_mild       31
  child_taught_by_parent  29
  site_placed             28
  hungry_at_work_teach    28
  meadow_poor_share_sum   26.25553041729512
  project_backer_added    26
  order_refused           26
  talked_away_from_family 25
  order_haul_refused      24
  poison_grade_moderate   22
  harvest_clay            22
  path_no_route           20
  conception              18
  would_spoil_meat        18
  job_assigned            17
  animal_killed           17
  hunt_killed             17
  hungry_at_work_forage   16
  birth                   16
  baby_picked_up          16
  ask_refused             15
  asked_would_not_teach   15
  observed_plant_lore     15
  rest_ended_away_from_family15
  pushed_on_hunger_forage 15
  site_abandoned          15
  animal_entered_by_edge  15
  proposed_baby_crying    14
  observed_division_of_labour13
  prototype_trial_passed  13
  belief_seen_yield_pick  12
  storytelling_extra_tale 12
  project_request_refused 11
  courtship               11
  discuss_nothing         11
  talked_nothing_came_of_it11
  job_refused             10
  observed_tracking       10
  teaching_failed         10
  band_planned_mud_hut    10
  action_target_from_memory_gather_for_site10
  belief_seen_yield_fish  10
  animal_fed              10
  hearth_taught           10
  hunt_missed             10
  taught_taming           9
  interrupted_ask_away_from_family9
  building_completed      9
  taught_herding          9
  belief_seen_yield_forage9
  breakthrough_discuss    9
  conceived_firemaking    9
  interrupted_spar_baby_crying9
  marriage                8
  prey_killed_by_lynx     8
  poisoned_meat           8
  founding_households     7
  taught_tracking         7
  ask_taught_nothing      7
  asked_learned_nothing   7
  relocation_scarcity_days7
  poison_grade_severe     7
  conceived_herbalism     7
  spark_herbalism_0       7
  conceived_cordage       7
  chief_chosen            6
  taught_division_of_labour6
  observed_herding        6
  observed_taming         6
  tree_felled             6
  band_planned_storage_pit6
  spark_firemaking_0      6
  interrupted_teach_hungry6
  prototype_failed        6
  order_build_obeyed      6
  sought_out_chief_praise 6
  observed_cordage        6
  event_help              6
  taught_plant_lore       5
  event_praise            5
  praise_told             5
  work_ended_hungry       4
  prey_killed_by_bear     4
  romp_thirsty            4
  abandoned_already_built 4
  spark_cordage_1         4
  conceived_storytelling  4
  bring_food_baby_crying  4
  work_ended_away_from_family4
  observed_storytelling   4
  interrupted_spar_hungry 3
  completed_storage_pit   3
  band_planned_windbreak  3
  completed_windbreak     3
  abandoned_store_full    3
  herd_entered_by_edge    3
  abandoned_goods_gone    3
  spark_storytelling_0    3
  wound_days_untended     3
  hunt_ended_hungry       3
  taught_firemaking       3
  taught_herbalism        3
  crafted_rope            3
  work_ended_thirsty      2
  abandoned_fruit_fallen  2
  hungry_at_work_pick     2
  pushed_on_hunger_pick   2
  spark_cordage_0         2
  spark_firemaking_4      2
  spark_wanting_firemaking_42
  reasoned_out_herbalism  2
  interrupted_court_cold  2
  animal_blow_boar        2
  hunter_turned_on_by_boar2
  completed_mud_hut       2
  path_recovery           2
  order_build_refused     2
  crafted_bundle          2
  band_planned_quern      2
  wet_nursing_sessions    2
  observed_firemaking     2
  abandoned_quarry_gone   2
  hunt_with_companion     2
  intruder_sighted        2
  security_intruder_seen  2
  taught_storytelling     2
  hungry_at_work_tend     2
  interrupted_ask_thirsty 1
  interrupted_spar_thirsty1
  action_target_from_memory_gather1
  talked_thirsty          1
  conceived_dog           1
  spark_dog_1             1
  prototyped_firemaking   1
  reasoned_out_storytelling1
  wound_festered_untended 1
  spark_firemaking_3      1
  prototyped_cordage      1
  crafted_rope_thatch     1
  infection_turned        1
  sought_out_chief_trade  1
  wound_days_tended       1
  proven_storytelling     1
  discovered_storytelling 1
  proven_firemaking       1
  discovered_firemaking   1
  interrupted_give_hungry 1
  proposed_thirsty        1
  proven_cordage          1
  discovered_cordage      1
  proven_herbalism        1
  discovered_herbalism    1
  spark_cordage_2         1
  abandoned_target_gone   1
  interrupted_ask_baby_crying1
  spark_storytelling_2    1
  animal_tamed            1
  interrupted_ask_cold    1
  completed_quern         1
  band_planned_pen        1
  taught_cordage          1
  harvest_hide            1
  practised_storytelling  1
  rest_ended_thirsty      1
  observed_herbalism      1
  conceived_basketry      1
  spark_basketry_1        1
  refined_storytelling    1
  sought_out_chief_teach  1
  herb_used_on_poison     1
  poison_eased            1
  would_spoil_pear        0
  would_spoil_apple       0
  mood_security_sum       -329.225510476691
  mood_purpose_sum        -36120.5741585066

ACTIONS (summed over samples)
  idle                    153993
  forage                  105763
  sleep                   78602
  rest                    61404
  go_home                 54695
  talk                    44352
  romp                    43196
  drink                   28877
  pick                    27396
  ponder                  27168
  shelter                 24722
  spar                    17156
  gather                  14910
  give                    12896
  nurse                   12826
  store                   11779
  chop                    9385
  ask                     8297
  haul                    5759
  discuss                 5506
  teach                   4796
  hunt                    4482
  build                   4116
  propose                 3699
  take                    3011
  reflect                 2731
  wander                  1758
  eat                     1648
  court                   1051
  pickup                  993
  tame                    587
  craft                   497
  prototype               448
  bring_food              415
  tend                    386
  explore                 237
  praise                  234
  trade                   5

KNOWLEDGE
  era: Lower Palaeolithic  ·  11 things known to somebody  ·  1 can make fire

BANDS
  2 chiefs  ·  0 outcast  ·  0 exiled  ·  140 orders obeyed, 26 refused

BUILDINGS
  9 of 13 finished  ·  406 items in store

RELATIONSHIPS
  609 edges across 41 people  ·  609 warm  ·  0 hostile
  Garya band            theft tolerance 1.60   murder 0.99
  Ithra band            theft tolerance 0.47   murder 1.00

TERRAIN
  water=5366  beach=1713  grass=4795  forest=3161  hills=1190  rock=159

TRAVEL
  53033 routes found  ·  12.6 mean / 285 worst expansions  ·  2210.5 searches per 1,000 ticks
  route_arrived=892  walk_blocked=0  abandoned_cannot_reach=0
  everything that walks: step_blocked=9667  ·  axis_null=0  ·  slides=4414
  people only: 38 stuck of 275242 walk ticks (0.1 per 1,000)  ·  denied: cooldown=73699 budget=0
  recoveries=2 (0 found a route)

CHECKS
  PASS  regions-stay-true       13 independently recomputed landmasses; 0 incorrectly labelled tiles and 0 incorrect region sizes
  PASS  hands-limit-loads       0 post-transfer states remained above the hands and fitted-container limit; 444 collection attempts hit a hand limit
  n/a   containers-carry-more   run the porters scenario to compare fitted containers with bare hands
  PASS  people-act-on-what-they-know25567/25567 forage, pick, drink, hunt and chop targets visible or remembered
  n/a   word-of-food-travels    measured in food-news, where the rumour supplies the only food
  PASS  stale-memories-cost     3260 trips reached a remembered resource that was exhausted
  PASS  the-map-grows           7.9% → 13.0% mean explored (must grow and remain below 99%)
  n/a   kin-are-defended        0 attacks on children with adult witnesses (need 10)
  n/a   the-young-run-to-their-own0 attacked children fled (need 10)
  FAIL  cravings-steer-the-diet 12.6% rich-protein meals while craving vs 32.6% while calm (need 1.3x)
  FAIL  nights-are-slept        54.5% of 6477 adult samples in full night sleeping or resting (need 55%)
  PASS  nights-are-spent-at-home88.5% of 6477 adult night samples within 15 tiles of an anchor (need 70%)
  FAIL  moods-move-choices      5.4% talk in low-belonging tercile vs 5.7% in high (6800 samples each; low must be higher)
  PASS  children-keep-close     91.0% of 9522 child samples within radius + 3 of either living parent (need 75%; designated carer=86.1%; top actions: romp=2083, go_home=1969, sleep=1688, forage=658, talk=597)
  PASS  no-nan                  worst sample had 0 non-finite fields
  PASS  people-in-bounds        worst sample had 0 people outside a 128x128 world
  PASS  people-on-land          worst sample had 0 people standing in water or on rock
  PASS  population-persists     41 alive after 3 years (peaked at 41, 16 born); need 15 and at least one birth
  PASS  deaths-explained        nobody died
  PASS  nobody-stalls-under-orders0 people stalled under order for a full day; 0 gave up walking, 0 of those under order
  PASS  walkers-do-not-grind    38 of 275,242 walking ticks made no real progress (0.1 per 1,000; wanted under 5)
  PASS  paths-are-found         200 pairs sampled on the largest region, every one found — mean 620.7 / worst 3881 expansions; 0 gave up mid-play
  PASS  nobody-walled-in        41 checked; 0 cut off from water, 0 cut off from food in their own region
  PASS  people-drink            drink=6918
  PASS  drinking-is-paced       1090 drinks finished over 3282 person-days (0.33 each per day; wanted some, and fewer than 4)
  PASS  food-work-continues     17 ticks of food-gathering continued through hunger that would otherwise have stopped it (1740 hunting)
  PASS  people-harvest          berries=1249 meat=243 wood=0 flint=65
  PASS  people-eat              eat=2886
  PASS  ai-uses-many-actions    38 distinct actions observed: idle=153993 forage=105763 sleep=78602 rest=61404 go_home=54695 talk=44352 romp=43196 drink=28877 pick=27396 ponder=27168 shelter=24722 spar=17156 gather=14910 give=12896 nurse=12826 store=11779 chop=9385 ask=8297 haul=5759 discuss=5506 teach=4796 hunt=4482 build=4116 propose=3699 take=3011 reflect=2731 wander=1758 eat=1648 court=1051 pickup=993 tame=587 craft=497 prototype=448 bring_food=415 tend=386 explore=237 praise=234 trade=5
  PASS  needs-not-pinned        final avgHunger=18.1 avgThirst=15.5 avgCold=0.4 avgCompany=21.0
  PASS  health-holds-up         final avgHealth=98.5 (floor is 60)
  PASS  events-witnessed        deeds=379 witnessed=4154 unwitnessed=0
  PASS  people-talk             conversations=453
  PASS  gossip-is-aimed         0 slanders and 5 praises over 453 conversations
  PASS  rumor-propagates        stories passed on=318
  n/a   opinions-diverge        measured after a witnessed assault in conflicts. 609 relationships across 41 people: 609 warm, 0 hostile
  PASS  materials-delivered     delivered=280 sites=13 finished=9
  PASS  building-starts-small   13 projects measured; 0 exceeded sponsor + backers + ordered workers
  PASS  projects-find-backers   9/9 completed AI-planned projects had a backer (need 70%)
  PASS  shelter-answers-cold    ticks spent sheltering=22426 final avgCold=0.4
  PASS  work-runs-in-stretches  node_empty=1178 hands_full=1258 hungry=4 thirsty=2 tree_bare=263 baby_crying=230 cold=389 away_from_family=4
  PASS  foraging-bites          most bushes stripped at once: 266; wild food went from 1597 to 2389
  PASS  generations-turn-over   over 2 years: 11 courtships, 8 marriages, 18 conceptions, 16 births, 0 successions
  PASS  forest-is-used          6 trees felled, 107 timber cut, 703 fruit picked
  PASS  fruit-comes-and-goes-with-the-seasonworst sample had 0 fruit hanging out of season; most windfall seen at once was 4959 across 4 seasons
  PASS  forest-persists         stand went from 961 to 904 (718 grown, 84 seedlings); 74 seeded, 125 died of age
  PASS  bands-have-chiefs       2 chiefs for 41 people; 6 changes of leadership
  PASS  bands-decide-to-build   22 sites marked out by bands themselves (player placed none)
  n/a   camps-move-when-the-land-failsmeasured in the lean survival scenario
  PASS  jobs-bias-work          holders spent 10.5% of their time on their own job's work; everyone else spent 3.1% of theirs on that same work
  n/a   rebellion-is-rare-but-happensnone fired in this run; a rare stochastic event, see band.test.ts for the deterministic assertion
  n/a   raids-are-organised     no chief in this world ever stood badly enough with a neighbour to weigh one
  PASS  knowledge-is-found      storytelling=1 firemaking=1 cordage=1 herbalism=1
  PASS  knowledge-is-passed-on  45 taught deliberately, 63 picked up by watching; 10 lessons that did not take
  PASS  children-are-taught     43 of 45 lessons went to a child, 29 of those from a parent
  n/a   sparks-are-various      this world was handed 7 technologies; what is left to conceive is the scenario talking, not the web
  PASS  ideas-are-conceived     29 ideas conceived (0.35 per person-year; wanted some, and fewer than 3)
  PASS  ideas-become-tech       29 conceived, 2 built, 4 proven, 6 failed their trial
  PASS  the-tree-is-climbed     3 of 6 technologies conceived were past the root nodes: herbalism dog basketry
  PASS  research-is-social      60 breakthroughs alone, 9 by arguing it out
  PASS  trials-accumulate       13 trials went well across 4 designs proven, 6 went badly
  PASS  techs-are-refined       1 improvements to proven designs, 0 carried as far as they go
  n/a   records-are-cut         nobody in this world can write
  n/a   crafting-is-interruptibletoo few crafting attempts to tell (6 made, 0 interrupted)
  n/a   food-spoils             spoilage is switched off in this scenario
  n/a   stores-keep-food-better-than-packsspoilage is switched off in this scenario
  n/a   pictures-are-painted    nobody here knows how to burn earth red
  n/a   music-answers-lonelinessnobody here can make a flute
  n/a   beer-answers-loneliness nobody here knows how to brew
  n/a   the-temple-gathers      no band had a chief with redistribution and a granary
  n/a   the-ledger-remembers    no temple kept by a chief who keeps accounts
  n/a   taxes-reach-the-temple  no temple kept by a chief who knows how to tax
  n/a   the-law-is-the-same-for-allno chief who judges by the law heard a case of their own people
  n/a   soldiers-are-kept       no temple kept by a chief who knows a standing army
  n/a   kings-reign-for-life    nobody here knows kingship
  n/a   civilisation-is-derived no band holds the six things a civilisation is
  n/a   governments-declare-war-and-peaceno government declared anything in this run
  n/a   the-beaten-pay-tribute  no people submitted to another in this run
  n/a   serfs-are-owned         no governed people took an adult captive in this run
  n/a   feasts-gather-the-band  nobody here knows how to brew
  PASS  the-hurt-are-tended     116 ticks spent sitting with the hurt, 0 of them nursed back to full health
  n/a   wounds-fester-untended  3 untended and 1 dressed wound-days; too few to compare (need 60 of each)
  PASS  raw-meat-sickens        60 illnesses after 568 raw meals; none after anything cooked
  n/a   the-wise-avoid-baneberries0 baneberry meals by the unlettered; nobody was exposed enough to tell
  PASS  animals-are-tamed       10 meals offered to wild animals, 1 of them came round
  n/a   heads-direct-work       nobody here has the idea of a band with a shape
  n/a   kills-are-butchered-for-bonenobody alive knows what to do with a carcass
  FAIL  crafts-happen-at-stations1 stations finished, 0 things made at one, 0 walks that found no station
  n/a   the-hearth-warms        nobody was cold within range of a finished hearth
  n/a   roast-wins              nobody alive knows cooking
  n/a   cooking-spreads         scenario did not found anyone knowing cooking
  n/a   pots-reach-a-granary    nobody alive knows how to fire clay
  FAIL  discovery-is-situated   every one of 29 ideas came by a named route; 3 of them into the technologies cold suggests
  PASS  population-bounded      peak population 41
  PASS  spatial-hash-spreads    largest bucket holds 9 of 41 items across 9 cells
  PASS  animals-move            mean drift 16.4 tiles/day (floor is 2)
  PASS  animals-flee            1868 bolts opened the distance, 461 did not
  PASS  hunts-succeed-and-fail  17 kills, 10 misses, 0 outrun
  PASS  people-eat-meat         243 meat taken; 2886 meals eaten
  PASS  fish-are-caught         450 fish taken; 2886 meals eaten
  n/a   bands-set-traps         nobody in this world knows how to set a trap
  n/a   fields-are-sown-and-reapednobody in this world knows how to farm
  n/a   soil-is-drawn-down      no harvest was taken off any ground in this run
  n/a   compost-answers-exhaustionnobody in this world knows how to compost
  n/a   traps-catch             no trap was finished in this run
  FAIL  herds-breed-and-are-culled1 planned, 0 standing; 0 bred, 0 culled, 0 days at capacity, 0 days nobody could keep one
  n/a   wells-are-drawn-from    nobody in this world knows how to sink a well
  n/a   milk-is-drawn-and-drunk no milk was ever bred in this run
  n/a   wool-is-sheared-and-wovenno wool was ever bred in this run
  PASS  bands-dont-overbuild    band0=4 band1=5; 0 over the ceiling, 0 holding empty stores
  PASS  families-exist          6 households of more than one; 40 people with family
  PASS  sleep-restores          1761 sleeps begun, fatigue fell on 14125 ticks of them
  n/a   kin-outrank-strangers   not all three kinds of tie have 10+ pairs here: household=60.2 band=25.9 outsider=n/a outsider-unrelated=n/a · band-pairs=1 friendliest=0.0 hostile=-0.6
  FAIL  bands-take-sides        1 pairs, friendliest=0.0 hostile=-0.6 (spread 0.6)
  n/a   violence-concentrates   only 0 blows between peoples here; too few to say where they land
  n/a   peoples-drift-apart     0 incidents between peoples; too few to split the run around
  n/a   peace-within-bands      only 0 blows here; too few to say where they land
  n/a   children-are-not-struck only 0 blows here; too few to say
  n/a   the-struck-respond      only 0 second blows here; too few to say
  n/a   wrongs-reach-the-chief  only 0 debts run up; too few to say
  n/a   upbringing-follows-culturefewer than two peoples saw 15 wrongs by their children abroad, with regard for strangers 0.15 apart
  n/a   the-watched-intervene   only 0 property deeds were seen by their owners; too few to say
  n/a   captives-are-taken      only 0 blows between peoples; no quarrel long enough
  n/a   bodies-are-found        only 0 deaths here; too few to say
  n/a   murders-are-solved      only 0 killings here; too few to say
  PASS  world-has-land          grass=4795 forest=3161 water=5366
  n/a   perf-budget             370 steps/s with 41 people at the peak (floor 1,323); judged only when a scenario runs alone
  PASS  herds-follow-the-grass  9,837 grazer samples, 40% of them on poor grass, against 22% of the meadow and the wood being poor
  PASS  predators-hunt          43 grazers pulled down (31 by wolves, 4 by bears, 8 by lynxes); 0 people bitten
  PASS  fire-keeps-wolves-off   0 of 6241 hunter samples inside a circle of firelight, where chance alone would put 178.9 (0 turned back)
  n/a   a-hunted-out-land-stays-emptythis land was not hunted out
  PASS  slopes-slow             351,340 uphill steps cover 90.5% of the distance asked, 288,360 downhill 103.4%, 43,901 flat 100%
  n/a   hills-see-farther       2 sightings of strangers in this run; too few to say

==============================================================================
7/133 CHECKS FAILED: cravings-steer-the-diet, nights-are-slept, moods-move-choices, crafts-happen-at-stations, discovery-is-situated, herds-breed-and-are-culled, bands-take-sides


WORLD HEALTH REPORT  -  scenario "herders"  seed "fold"
==============================================================================
20000 steps in 44278ms  (452 steps/s)

POPULATION OVER TIME
  step    day   alive  hunger  thirst  tired   cold   lonely  health  food   bare  store  trees  grown  fruit  kids  wed  age   oob  
  0       5     21     0.0     0.0     0.0     0.0    0.0     100.0   1379   198   0      1108   942    0      6     12   24    0    
  2000    13    20     16.1    18.8    3.6     0.0    29.8    99.9    1656   134   13     1014   826    440    6     12   22    0    
  4000    21    24     13.3    12.1    5.7     0.0    23.0    99.8    1833   161   164    1014   828    1246   10    12   19    0    
  6000    30    25     20.6    15.6    3.1     13.3   20.2    99.6    1599   264   156    1013   832    0      11    12   18    0    
  8000    38    26     27.3    13.2    3.4     66.3   46.3    98.2    1575   270   135    1012   836    0      12    12   18    0    
  10000   46    26     41.7    17.3    12.0    71.9   76.1    92.2    1575   209   97     1029   835    0      12    12   18    0    
  12000   55    25     26.6    14.9    10.8    31.6   27.4    93.6    1997   136   112    1046   833    658    12    10   17    0    
  14000   63    28     20.0    13.7    8.1     1.9    24.6    96.4    2141   155   176    1046   835    1677   15    10   16    0    
  16000   71    29     19.5    11.8    18.1    21.4   29.6    97.2    1599   270   177    1044   837    0      16    10   15    0    
  18000   80    29     38.1    20.7    8.6     69.1   63.8    97.6    896    322   152    1043   836    0      15    10   16    0    
  20000   88    29     45.0    17.6    15.9    68.6   79.3    85.3    1630   205   152    1070   837    0      14    10   16    0    

EVENTS
  path_expanded           885317
  malnutrition_samples    500745
  remembered_node_candidate287612
  place_memory_age_sum_band_1248453.17268358852
  place_memory_age_sum_band_0245992.81090196062
  step_slope_up           220638
  step_slope_up_ratio     201709.853275812
  step_slope_down_ratio   185623.72674579464
  step_slope_down         180024
  walk_tick               178356
  nursing_hunger_relief   142000
  nursing_thirst_relief   142000
  malnutrition_sum        106275.09737012885
  water_memory_candidate  87633
  food_accessible_at_think81680
  water_visible_candidate 78781
  cold_damage_ticks       60867
  walk_arrived            54545
  craving_protein_search  37862
  path_denied_cooldown    36853
  sheltering              36137
  remembered_node_target  35770
  path_found              34580
  step_slope_flat_ratio   33699.08247739253
  step_slope_flat         33655
  place_memory_samples_band_033126
  rest                    30328
  diet_nutrition_total    30056
  sleeping                28488
  yield_obs_yield_forage_sum27947.601483299106
  place_memory_samples_band_124590
  craving_protein_reachable22025
  poison_ticks            19084
  mood_belonging_sum      18525.331649828175
  relocation_food_nodes   17264
  action_target_knowledge_checked15555
  action_target_knowledge_known15555
  craving_protein_outside_reach11090
  craving_protein_masked_by_reachable_food10766
  craving_protein_override_selected10766
  yield_obs_yield_fish_sum10146.805778719681
  relocation_food_depleted9941
  action_target_knowledge_visible_forage9877
  diet_nutrition_protein  9264
  hungry_at_work_sleep    8811
  woke_hungry             7933
  hungry_at_work_rest     7275
  elite_larder_preferred  7110
  rest_ended_hungry       6900
  food_absent_in_search_at_think6569
  sleeping_open           6285
  grazer_samples          5998
  fruit_thirst_relief     5092.816349655583
  drink                   5016
  hunter_samples          4777
  craving_protein_absent  4747
  belief_seen_eat_berries 4277
  yield_obs_yield_hunt_sum4051.1189990161333
  shared_resource_depletion_seen3869
  place_exploration_fraction_band_13518.955078125
  water_exploration_offered3111
  water_exploration_offered_child3110
  hydrating_food_candidate3063
  step_blocked            3031
  place_exploration_fraction_band_02949.9658203125
  water_exploration_no_frontier2647
  food_blocked_by_reach_at_think2543
  food_reach_fallback_at_think2543
  talked_cold             2215
  mood_samples            2125
  macro_samples           2125
  witnessed               2101
  bring_food_cold         1975
  action_target_knowledge_visible_pick1970
  eat                     1924
  macro_exertion_sum      1897.2786079568236
  step_slide              1809
  hungry_at_work_nurse    1770
  action_target_from_memory_forage1746
  stale_memory_resource_empty1729
  abandoned_remembered_wrong1729
  abandoned_hands_full    1650
  hungry_at_work_hunt     1476
  pushed_on_hunger_hunt   1476
  grazer_samples_on_poor  1470
  action_target_knowledge_visible_chop1468
  belief_seen_eat_fish    1464
  nursing_sessions        1420
  remembered_empty_walk   1280
  macro_carb_sum          1263.2812187068494
  worked_alongside        1238
  ate_berries             1047
  eaten_berries           1047
  eat_craving_protein     1030
  sought_out_chief_talk   1018
  belief_seen_eat_pear    921
  harvest_berries         903
  yield_obs_yield_forage_n863
  belief_seen_eat_toxic_berries844
  romp_cold               823
  action_target_knowledge_visible_hunt816
  animal_alarmed          803
  belief_seen_sick        758
  eat_calm_protein        752
  hungry_at_work_bring_food730
  drink_finished          727
  action_target_knowledge_remembered_forage696
  yield_obs_yield_fish_n  684
  cold_damage_sum         662.9492144581183
  action_target_knowledge_visible_drink637
  work_ended_hands_full   632
  work_ended_node_empty   620
  belief_told             616
  hungry_at_work_give     612
  stored                  610
  pushed_on_hunger_give   609
  cry_interrupted         579
  macro_protein_sum       468.6251331617773
  hungry_at_work_talk     466
  food_stored_own         458
  withdrawn               458
  route_arrived           442
  water_place_told        425
  talked_hungry           403
  macro_fat_sum           393.0936481313747
  ate_fish                393
  eaten_fish              393
  risky_meals_fish        393
  shared_a_roof           389
  belief_seen_eat_meat    369
  would_spoil_berries     362
  harvest_fish            357
  eat_calm_protein_rich   356
  proposed_cold           355
  conversation            309
  hungry_at_work_romp     304
  pushed_on_cold_propose  296
  romp_hungry             289
  hand_capacity_blocked   272
  belief_seen_eat_plum    247
  yield_obs_yield_pick_sum238.88212319877937
  event_share_food        228
  gift_given              228
  rumor_spread            227
  harvest_meat            212
  belief_seen_eat_apple   212
  abandoned_no_food       208
  work_ended_cold         187
  bring_food_hungry       185
  materials_delivered     177
  abandoned_no_fruit      175
  would_spoil_fish        164
  settled_over_work       162
  ate_pear                159
  eaten_pear              159
  picked_pear             158
  belief_seen_eat_hazelnut156
  hungry_at_work_propose  154
  proposed_hungry         141
  ate_toxic_berries       140
  eaten_toxic_berries     140
  ate_toxic_unwise        140
  risky_meals_toxic_berries140
  rest_ended_baby_crying  133
  order_obeyed            131
  haul_units_band_1       127
  order_haul_obeyed       127
  tree_died_old           126
  harvest_sticks          123
  picked_up               123
  pickup_ordered          123
  npc_pickup              123
  romp_together           122
  work_ended_tree_bare    117
  sparred                 116
  talked_baby_crying      115
  interrupted_give_cold   115
  work_ended_baby_crying  108
  ate_at_source           107
  hunter_samples_expected_in_firelight102.78630016825909
  reflected               102
  action_target_from_memory_gather_for_site101
  hurt_person_days        101
  meadow_poor_share_samples100
  abandoned_nothing_to_haul98
  dropped                 98
  hearths                 96
  woke_baby_crying        96
  raid_for_need_nowhere   95
  yield_obs_yield_hunt_n  92
  action_target_knowledge_remembered_drink91
  tree_seeded             90
  conversation_greet      87
  conversation_chat       86
  conversation_deep       86
  eat_craving_protein_rich85
  yield_obs_yield_pick_n  84
  poisoned_toxic_berries  83
  sought_out_chief_spar   82
  romp_away_from_family   78
  poisoning_passed        77
  ate_meat                73
  eaten_meat              73
  risky_meals_meat        73
  spoilage_prevented      72
  starving_fed            71
  sought_out_chief_give   68
  starving_fed_remembered 66
  sought_out_chief_discuss60
  woke_away_from_family   57
  harvest_reeds           53
  poison_grade_severe     51
  rest_ended_away_from_family51
  haul_units_band_0       50
  conversation_interests  50
  poison_grade_mild       49
  haul_trip_band_1        48
  ate_apple               48
  eaten_apple             48
  wood_cut                46
  carry_overflow_dropped  43
  picked_plum             43
  ate_plum                43
  eaten_plum              43
  wet_nursing_sessions    42
  picked_apple            41
  rest_ended_thirsty      39
  would_spoil_toxic_berries37
  poisoned_fish           36
  interrupted_discuss_baby_crying34
  proposed_baby_crying    33
  interrupted_give_baby_crying33
  sought_out_chief_feed   32
  breakthrough_ponder     31
  relocation_scarcity_days31
  sought_out_chief_ask    30
  hunt_ended_baby_crying  28
  site_placed             27
  child_taught            27
  poison_grade_moderate   27
  haul_trip_band_0        26
  prey_killed_by_predator 26
  animal_predated         26
  animal_born             26
  interrupted_discuss_cold26
  child_watched           25
  hungry_at_work_forage   25
  pushed_on_hunger_forage 25
  event_teach             24
  child_taught_by_parent  22
  ask_taught              22
  sought_out_chief_propose22
  ponder_nothing          21
  thought_nothing_came_of_it21
  picked_hazelnut         21
  ate_hazelnut            21
  eaten_hazelnut          21
  interrupted_spar_cold   21
  hungry_at_work_spar     20
  hungry_at_work_court    20
  interrupted_court_hungry20
  project_backer_added    19
  predator_kept_off_by_fire19
  site_abandoned          18
  prey_killed_by_wolf     17
  interrupted_teach_baby_crying17
  prototype_trial_passed  17
  meadow_poor_share_sum   16.31284221005475
  job_assigned            16
  animal_killed           16
  hunt_killed             16
  would_spoil_meat        15
  romp_alone              15
  conceived_plant_lore    14
  ask_refused             12
  asked_would_not_teach   12
  grass_cut               12
  crafted_thread          12
  abandoned_subject_gone  12
  discuss_nothing         12
  talked_nothing_came_of_it12
  conception              11
  order_refused           11
  band_planned_mud_hut    11
  observed_tracking       10
  teaching_failed         10
  breakthrough_discuss    10
  order_haul_refused      10
  birth                   10
  baby_picked_up          10
  observed_taming         9
  food_place_told         9
  belief_seen_yield_forage9
  ask_taught_nothing      8
  asked_learned_nothing   8
  conceived_cordage       8
  prey_killed_by_bear     8
  remains_found           8
  poisoned_meat           8
  taught_division_of_labour7
  harvest_flint           7
  sought_out_chief_praise 7
  marriage                6
  founding_households     6
  taught_tracking         6
  chief_chosen            6
  inherited_goods         6
  taught_herding          6
  animal_entered_by_edge  6
  hunt_missed             6
  prototype_failed        6
  spark_plant_lore_0      6
  job_refused             5
  interrupted_spar_thirsty5
  spark_cordage_1         5
  belief_seen_yield_pick  5
  building_completed      5
  band_planned_windbreak  5
  animal_fed              5
  band_planned_storage_pit5
  spark_plant_lore_2      5
  conceived_storytelling  5
  taught_taming           4
  abandoned_already_built 4
  order_build_obeyed      4
  abandoned_quarry_gone   4
  bring_food_baby_crying  4
  storytelling_extra_tale 4
  observed_cordage        4
  practised_plant_lore    4
  sought_out_chief_teach  4
  action_target_from_memory_gather3
  craft_interrupted       3
  work_ended_thirsty      3
  body_found              3
  completed_windbreak     3
  spark_plant_lore_1      3
  herd_entered_by_edge    3
  talked_away_from_family 3
  observed_herding        3
  spark_storytelling_0    3
  abandoned_target_gone   3
  interrupted_ask_baby_crying3
  interrupted_spar_baby_crying3
  hearth_taught           3
  proven_plant_lore       3
  discovered_plant_lore   3
  project_request_refused 2
  death_settled           2
  succession              2
  corpse_left             2
  unwitnessed             2
  spark_cordage_0         2
  observed_division_of_labour2
  completed_storage_pit   2
  corpse_first_found      2
  abandoned_goods_gone    2
  hunt_ended_cold         2
  spark_storytelling_1    2
  tree_felled             2
  bring_food_away_from_family2
  interrupted_give_hungry 2
  wound_days_untended     2
  taught_cordage          2
  interrupted_ask_away_from_family1
  water_exploration_offered_adult1
  work_ended_away_from_family1
  interrupted_ask_thirsty 1
  prey_killed_by_lynx     1
  abandoned_pile_item_gone1
  order_build_refused     1
  prototyped_cordage      1
  crafted_rope_thatch     1
  crafted_bundle          1
  talked_thirsty          1
  hungry_at_work_pick     1
  pushed_on_hunger_pick   1
  proposed_thirsty        1
  hunt_ended_hungry       1
  work_ended_hungry       1
  death_starvation        1
  orphan_carried          1
  widowed_by_seeing       1
  harvest_hide            1
  proven_cordage          1
  discovered_cordage      1
  animal_starved          1
  animal_starved_out      1
  spark_cordage_2         1
  animal_blow_boar        1
  hunter_turned_on_by_boar1
  belief_seen_yield_fish  1
  belief_seen_yield_hunt  1
  gossiped_away_from_family1
  taught_spinning         1
  reasoned_out_storytelling1
  taught_wool             1
  conceived_clothing      1
  spark_clothing_1        1
  courtship               1
  reasoned_out_plant_lore 1
  practised_storytelling  1
  conceived_basketry      1
  spark_basketry_1        1
  observed_plant_lore     1
  would_spoil_plum        0
  would_spoil_pear        0
  would_spoil_apple       0
  mood_security_sum       -667.3873635834534
  mood_comfort_sum        -5534.850822786828
  mood_purpose_sum        -28943.77173054387

ACTIONS (summed over samples)
  idle                    118849
  forage                  67911
  sleep                   43622
  shelter                 40151
  rest                    38936
  talk                    29614
  go_home                 27579
  drink                   16165
  pick                    15885
  romp                    14475
  give                    11191
  ponder                  10175
  spar                    10075
  gather                  8267
  nurse                   8017
  chop                    6711
  store                   6519
  ask                     5705
  take                    5439
  haul                    5057
  discuss                 4138
  hunt                    3723
  propose                 2793
  craft                   2200
  reflect                 2045
  build                   1711
  eat                     1151
  teach                   964
  pickup                  928
  tame                    694
  praise                  377
  cut_grass               330
  bring_food              283
  court                   257
  wander                  250
  prototype               189
  explore                 74

KNOWLEDGE
  era: Lower Palaeolithic  ·  10 things known to somebody  ·  0 can make fire

BANDS
  2 chiefs  ·  0 outcast  ·  0 exiled  ·  131 orders obeyed, 11 refused

BUILDINGS
  5 of 9 finished  ·  152 items in store

RELATIONSHIPS
  376 edges across 31 people  ·  376 warm  ·  0 hostile
  Sulsh band            theft tolerance 0.66   murder 1.00
  Velin band            theft tolerance 1.57   murder 1.12

TERRAIN
  water=5746  beach=1324  grass=4254  forest=3782  hills=1166  rock=112

TRAVEL
  34580 routes found  ·  25.6 mean / 844 worst expansions  ·  1729.0 searches per 1,000 ticks
  route_arrived=442  walk_blocked=0  abandoned_cannot_reach=0
  everything that walks: step_blocked=3031  ·  axis_null=0  ·  slides=1809
  people only: 0 stuck of 178356 walk ticks (0.0 per 1,000)  ·  denied: cooldown=36853 budget=0
  recoveries=0 (0 found a route)

CHECKS
  PASS  regions-stay-true       9 independently recomputed landmasses; 0 incorrectly labelled tiles and 0 incorrect region sizes
  PASS  hands-limit-loads       0 post-transfer states remained above the hands and fitted-container limit; 272 collection attempts hit a hand limit
  n/a   containers-carry-more   run the porters scenario to compare fitted containers with bare hands
  PASS  people-act-on-what-they-know15555/15555 forage, pick, drink, hunt and chop targets visible or remembered
  n/a   word-of-food-travels    measured in food-news, where the rumour supplies the only food
  PASS  stale-memories-cost     1729 trips reached a remembered resource that was exhausted
  PASS  the-map-grows           7.3% → 11.1% mean explored (must grow and remain below 99%)
  n/a   kin-are-defended        0 attacks on children with adult witnesses (need 10)
  n/a   the-young-run-to-their-own0 attacked children fled (need 10)
  FAIL  cravings-steer-the-diet 8.3% rich-protein meals while craving vs 47.3% while calm (need 1.3x)
  FAIL  nights-are-slept        45.0% of 4580 adult samples in full night sleeping or resting (need 55%)
  PASS  nights-are-spent-at-home87.6% of 4580 adult night samples within 15 tiles of an anchor (need 70%)
  PASS  moods-move-choices      6.8% talk in low-belonging tercile vs 4.5% in high (4614 samples each; low must be higher)
  PASS  children-keep-close     87.8% of 2801 child samples within radius + 3 of either living parent (need 75%; designated carer=84.3%; top actions: romp=721, go_home=640, sleep=431, idle=211, shelter=201)
  PASS  no-nan                  worst sample had 0 non-finite fields
  PASS  people-in-bounds        worst sample had 0 people outside a 128x128 world
  PASS  people-on-land          worst sample had 0 people standing in water or on rock
  PASS  population-persists     29 alive after 2 years (peaked at 29, 10 born); need 11 and at least one birth
  PASS  deaths-explained        settled=2 starvation=1
  PASS  nobody-stalls-under-orders0 people stalled under order for a full day; 0 gave up walking, 0 of those under order
  PASS  walkers-do-not-grind    0 of 178,356 walking ticks made no real progress (0.0 per 1,000; wanted under 5)
  PASS  paths-are-found         200 pairs sampled on the largest region, every one found — mean 554.4 / worst 5435 expansions; 0 gave up mid-play
  PASS  nobody-walled-in        29 checked; 0 cut off from water, 0 cut off from food in their own region
  PASS  people-drink            drink=5016
  PASS  drinking-is-paced       727 drinks finished over 2128 person-days (0.34 each per day; wanted some, and fewer than 4)
  PASS  food-work-continues     26 ticks of food-gathering continued through hunger that would otherwise have stopped it (1476 hunting)
  PASS  people-harvest          berries=903 meat=212 wood=0 flint=7
  PASS  people-eat              eat=1924
  PASS  ai-uses-many-actions    37 distinct actions observed: idle=118849 forage=67911 sleep=43622 shelter=40151 rest=38936 talk=29614 go_home=27579 drink=16165 pick=15885 romp=14475 give=11191 ponder=10175 spar=10075 gather=8267 nurse=8017 chop=6711 store=6519 ask=5705 take=5439 haul=5057 discuss=4138 hunt=3723 propose=2793 craft=2200 reflect=2045 build=1711 eat=1151 teach=964 pickup=928 tame=694 praise=377 cut_grass=330 bring_food=283 court=257 wander=250 prototype=189 explore=74
  PASS  needs-not-pinned        final avgHunger=45.0 avgThirst=17.6 avgCold=68.6 avgCompany=79.3
  PASS  health-holds-up         final avgHealth=85.3 (floor is 60)
  PASS  events-witnessed        deeds=252 witnessed=2101 unwitnessed=2
  PASS  people-talk             conversations=309
  FAIL  gossip-is-aimed         0 slanders and 0 praises over 309 conversations
  PASS  rumor-propagates        stories passed on=227
  n/a   opinions-diverge        measured after a witnessed assault in conflicts. 376 relationships across 31 people: 376 warm, 0 hostile
  PASS  materials-delivered     delivered=177 sites=9 finished=5
  PASS  building-starts-small   9 projects measured; 0 exceeded sponsor + backers + ordered workers
  PASS  projects-find-backers   5/5 completed AI-planned projects had a backer (need 70%)
  PASS  shelter-answers-cold    ticks spent sheltering=36137 final avgCold=68.6
  PASS  work-runs-in-stretches  node_empty=620 hands_full=632 tree_bare=117 away_from_family=1 thirsty=3 baby_crying=108 cold=187 hungry=1
  PASS  foraging-bites          most bushes stripped at once: 322; wild food went from 1379 to 1630
  PASS  generations-turn-over   over 2 years: 1 courtships, 6 marriages, 11 conceptions, 10 births, 2 successions
  PASS  forest-is-used          2 trees felled, 46 timber cut, 386 fruit picked
  PASS  fruit-comes-and-goes-with-the-seasonworst sample had 0 fruit hanging out of season; most windfall seen at once was 13243 across 4 seasons
  PASS  forest-persists         stand went from 1108 to 1070 (837 grown, 107 seedlings); 90 seeded, 126 died of age
  PASS  bands-have-chiefs       2 chiefs for 29 people; 6 changes of leadership
  PASS  bands-decide-to-build   21 sites marked out by bands themselves (player placed none)
  n/a   camps-move-when-the-land-failsmeasured in the lean survival scenario
  PASS  jobs-bias-work          holders spent 10.5% of their time on their own job's work; everyone else spent 3.0% of theirs on that same work
  n/a   rebellion-is-rare-but-happensnone fired in this run; a rare stochastic event, see band.test.ts for the deterministic assertion
  n/a   raids-are-organised     no chief in this world ever stood badly enough with a neighbour to weigh one
  PASS  knowledge-is-found      cordage=1 plant_lore=3
  PASS  knowledge-is-passed-on  27 taught deliberately, 29 picked up by watching; 10 lessons that did not take
  PASS  children-are-taught     27 of 27 lessons went to a child, 22 of those from a parent
  n/a   sparks-are-various      this world was handed 8 technologies; what is left to conceive is the scenario talking, not the web
  PASS  ideas-are-conceived     29 ideas conceived (0.55 per person-year; wanted some, and fewer than 3)
  PASS  ideas-become-tech       29 conceived, 1 built, 4 proven, 6 failed their trial
  PASS  the-tree-is-climbed     2 of 5 technologies conceived were past the root nodes: clothing basketry
  PASS  research-is-social      31 breakthroughs alone, 10 by arguing it out
  PASS  trials-accumulate       17 trials went well across 4 designs proven, 6 went badly
  FAIL  techs-are-refined       0 improvements to proven designs, 0 carried as far as they go
  n/a   records-are-cut         nobody in this world can write
  n/a   crafting-is-interruptibletoo few crafting attempts to tell (14 made, 3 interrupted)
  n/a   food-spoils             spoilage is switched off in this scenario
  n/a   stores-keep-food-better-than-packsspoilage is switched off in this scenario
  n/a   pictures-are-painted    nobody here knows how to burn earth red
  n/a   music-answers-lonelinessnobody here can make a flute
  n/a   beer-answers-loneliness nobody here knows how to brew
  n/a   the-temple-gathers      no band had a chief with redistribution and a granary
  n/a   the-ledger-remembers    no temple kept by a chief who keeps accounts
  n/a   taxes-reach-the-temple  no temple kept by a chief who knows how to tax
  n/a   the-law-is-the-same-for-allno chief who judges by the law heard a case of their own people
  n/a   soldiers-are-kept       no temple kept by a chief who knows a standing army
  n/a   kings-reign-for-life    nobody here knows kingship
  n/a   civilisation-is-derived no band holds the six things a civilisation is
  n/a   governments-declare-war-and-peaceno government declared anything in this run
  n/a   the-beaten-pay-tribute  no people submitted to another in this run
  n/a   serfs-are-owned         no governed people took an adult captive in this run
  n/a   feasts-gather-the-band  nobody here knows how to brew
  n/a   the-hurt-are-tended     nobody here knows a herb from a weed
  n/a   wounds-fester-untended  2 untended and 0 dressed wound-days; too few to compare (need 60 of each)
  PASS  raw-meat-sickens        44 illnesses after 466 raw meals; none after anything cooked
  PASS  the-wise-avoid-baneberries140 baneberry meals by people without plant lore (83 fell ill), 0 by people who had it
  FAIL  animals-are-tamed       5 meals offered to wild animals, 0 of them came round
  n/a   heads-direct-work       nobody here has the idea of a band with a shape
  n/a   kills-are-butchered-for-bonenobody alive knows what to do with a carcass
  n/a   crafts-happen-at-stations5 station designs exist and no band finished one in this run
  n/a   the-hearth-warms        nobody was cold within range of a finished hearth
  n/a   roast-wins              nobody alive knows cooking
  n/a   cooking-spreads         scenario did not found anyone knowing cooking
  n/a   pots-reach-a-granary    nobody alive knows how to fire clay
  PASS  discovery-is-situated   every one of 29 ideas came by a named route; 1 of them into the technologies cold suggests
  PASS  population-bounded      peak population 29
  PASS  spatial-hash-spreads    largest bucket holds 9 of 29 items across 11 cells
  PASS  animals-move            mean drift 14.1 tiles/day (floor is 2)
  PASS  animals-flee            792 bolts opened the distance, 179 did not
  PASS  hunts-succeed-and-fail  16 kills, 6 misses, 0 outrun
  PASS  people-eat-meat         212 meat taken; 1924 meals eaten
  PASS  fish-are-caught         357 fish taken; 1924 meals eaten
  n/a   bands-set-traps         nobody in this world knows how to set a trap
  n/a   fields-are-sown-and-reapednobody in this world knows how to farm
  n/a   soil-is-drawn-down      no harvest was taken off any ground in this run
  n/a   compost-answers-exhaustionnobody in this world knows how to compost
  n/a   traps-catch             no trap was finished in this run
  n/a   herds-breed-and-are-cullednobody in this world knows how to keep a pen
  n/a   wells-are-drawn-from    nobody in this world knows how to sink a well
  n/a   milk-is-drawn-and-drunk no milk was ever bred in this run
  n/a   wool-is-sheared-and-wovenno wool was ever bred in this run
  PASS  bands-dont-overbuild    band0=2 band1=3; 0 over the ceiling, 0 holding empty stores
  PASS  families-exist          6 households of more than one; 29 people with family
  PASS  sleep-restores          1070 sleeps begun, fatigue fell on 6784 ticks of them
  n/a   kin-outrank-strangers   not all three kinds of tie have 10+ pairs here: household=72.5 band=28.8 outsider=n/a outsider-unrelated=n/a · band-pairs=0 friendliest=0.0 hostile=0.0
  n/a   bands-take-sides        no two bands have touched each other in this run
  n/a   violence-concentrates   only 0 blows between peoples here; too few to say where they land
  n/a   peoples-drift-apart     0 incidents between peoples; too few to split the run around
  n/a   peace-within-bands      only 0 blows here; too few to say where they land
  n/a   children-are-not-struck only 0 blows here; too few to say
  n/a   the-struck-respond      only 0 second blows here; too few to say
  n/a   wrongs-reach-the-chief  only 0 debts run up; too few to say
  n/a   upbringing-follows-culturefewer than two peoples saw 15 wrongs by their children abroad, with regard for strangers 0.15 apart
  n/a   the-watched-intervene   only 0 property deeds were seen by their owners; too few to say
  n/a   captives-are-taken      only 0 blows between peoples; no quarrel long enough
  n/a   bodies-are-found        only 2 deaths here; too few to say
  n/a   murders-are-solved      only 0 killings here; too few to say
  PASS  world-has-land          grass=4254 forest=3782 water=5746
  n/a   perf-budget             452 steps/s with 29 people at the peak (floor 1,773); judged only when a scenario runs alone
  PASS  herds-follow-the-grass  5,998 grazer samples, 25% of them on poor grass, against 16% of the meadow and the wood being poor
  PASS  predators-hunt          26 grazers pulled down (17 by wolves, 8 by bears, 1 by lynxes); 0 people bitten
  PASS  fire-keeps-wolves-off   0 of 4777 hunter samples inside a circle of firelight, where chance alone would put 102.8 (19 turned back)
  n/a   a-hunted-out-land-stays-emptythis land was not hunted out
  PASS  slopes-slow             220,638 uphill steps cover 91.4% of the distance asked, 180,024 downhill 103.1%, 33,655 flat 100%
  n/a   hills-see-farther       0 sightings of strangers in this run; too few to say

==============================================================================
5/133 CHECKS FAILED: cravings-steer-the-diet, nights-are-slept, gossip-is-aimed, techs-are-refined, animals-are-tamed


WORLD HEALTH REPORT  -  scenario "feasts"  seed "cup"
==============================================================================
24000 steps in 59546ms  (403 steps/s)

POPULATION OVER TIME
  step    day   alive  hunger  thirst  tired   cold   lonely  health  food   bare  store  trees  grown  fruit  kids  wed  age   oob  
  0       5     24     0.0     0.0     0.0     0.0    0.0     100.0   1770   157   0      1007   899    0      6     14   21    0    
  2400    15    24     19.6    15.8    1.4     0.0    24.9    100.0   2062   148   106    922    781    540    6     16   21    0    
  4800    25    30     15.6    10.3    2.5     0.3    19.7    99.6    2221   173   120    922    782    1783   12    16   17    0    
  7200    35    29     16.9    12.3    0.9     53.1   27.6    99.8    1531   269   120    922    783    0      12    14   16    0    
  9600    45    30     22.9    14.4    2.2     82.0   75.4    90.5    1533   178   117    926    783    0      13    14   15    0    
  12000   55    28     17.9    12.3    5.1     42.6   41.5    92.4    2052   147   120    947    785    550    12    13   16    0    
  14400   65    30     15.1    13.3    4.4     0.3    23.1    97.5    2223   178   171    943    783    1782   14    12   15    0    
  16800   75    34     22.4    11.9    5.8     30.4   24.5    98.1    1499   273   234    940    782    0      18    12   13    0    
  19200   85    34     23.4    17.3    7.2     47.3   51.3    97.3    1516   184   199    947    785    0      18    12   14    0    
  21600   95    34     23.3    15.5    6.9     16.1   25.0    97.2    2018   152   238    970    786    531    17    12   14    0    
  24000   105   37     15.6    10.6    6.1     0.2    26.6    98.4    2217   174   308    970    786    1731   20    12   13    0    

EVENTS
  malnutrition_samples    727994
  path_expanded           478184
  place_memory_age_sum_band_0438643.75624613935
  place_memory_age_sum_band_1370882.31195733725
  step_slope_up           288863
  remembered_node_candidate267081
  step_slope_up_ratio     261487.15338317715
  step_slope_down_ratio   247941.33920307283
  step_slope_down         239890
  nursing_hunger_relief   236500
  nursing_thirst_relief   236500
  walk_tick               230562
  malnutrition_sum        162832.78544187063
  water_memory_candidate  99776
  food_accessible_at_think97110
  cold_damage_ticks       96314
  water_visible_candidate 92189
  walk_arrived            83139
  craving_protein_search  62301
  rest                    62148
  path_denied_cooldown    61952
  yield_obs_yield_forage_sum59427.72820550258
  craving_protein_reachable47167
  path_found              44774
  diet_nutrition_total    43119
  sleeping                39295
  place_memory_samples_band_138228
  step_slope_flat_ratio   36878.760089384385
  step_slope_flat         36830
  place_memory_samples_band_035533
  remembered_node_target  33776
  remembered_bush_out_of_season29006
  mood_belonging_sum      28254.55996937188
  sheltering              23281
  relocation_food_nodes   22000
  step_blocked            20909
  action_target_knowledge_checked19786
  action_target_knowledge_known19786
  yield_obs_yield_fish_sum15507.036559575483
  step_slide              15311
  sleeping_open           12233
  relocation_food_depleted11547
  action_target_knowledge_visible_forage11453
  elite_larder_preferred  10977
  craving_protein_absent  10765
  diet_nutrition_protein  10320
  poison_ticks            9593
  belief_seen_eat_berries 8574
  grazer_samples          8314
  shared_resource_depletion_seen7810
  fruit_thirst_relief     7723.741594635103
  drink                   6292
  hunter_samples          5930
  place_exploration_fraction_band_15297.552734375
  witnessed               4904
  action_target_knowledge_visible_chop4608
  place_exploration_fraction_band_04585.8935546875
  craving_protein_outside_reach4369
  work_ended_cold         4195
  romp_cold               4097
  food_blocked_by_reach_at_think4046
  food_reach_fallback_at_think4046
  craving_protein_masked_by_reachable_food3460
  craving_protein_override_selected3460
  talked_cold             3326
  yield_obs_yield_hunt_sum3232.849467494634
  mood_samples            3038
  macro_samples           3038
  grazer_samples_on_poor  3007
  hydrating_food_candidate2979
  eat                     2824
  abandoned_hands_full    2777
  macro_exertion_sum      2721.93392575944
  food_absent_in_search_at_think2709
  nursing_sessions        2365
  hungry_at_work_sleep    2203
  belief_seen_eat_fish    2111
  macro_carb_sum          2029.457810935004
  hungry_at_work_rest     1919
  ate_berries             1893
  eaten_berries           1893
  woke_hungry             1844
  eat_craving_protein     1805
  rest_ended_hungry       1656
  work_ended_hands_full   1598
  yield_obs_yield_forage_n1542
  belief_seen_eat_pear    1477
  cold_damage_sum         1468.4836762396271
  harvest_berries         1409
  sought_out_chief_talk   1398
  feast_considered        1327
  action_target_knowledge_visible_hunt1315
  hungry_at_work_nurse    1305
  action_target_knowledge_visible_pick1193
  water_exploration_no_frontier1111
  drink_finished          1066
  cry_interrupted         1063
  worked_alongside        1045
  hand_capacity_blocked   1044
  work_ended_node_empty   994
  action_target_knowledge_visible_drink984
  stale_memory_resource_empty976
  abandoned_remembered_wrong976
  hungry_at_work_hunt     827
  pushed_on_hunger_hunt   827
  eat_calm_protein        792
  animal_alarmed          789
  pushed_on_cold_propose  747
  route_arrived           741
  hungry_at_work_romp     720
  stored                  697
  belief_told             673
  would_spoil_berries     654
  bring_food_cold         644
  romp_hungry             639
  romp_together           618
  pushed_on_cold_build    585
  macro_protein_sum       531.7539891842293
  shared_a_roof           517
  water_place_told        485
  predator_kept_off_by_fire481
  macro_fat_sum           476.7881998807649
  hungry_at_work_talk     471
  yield_obs_yield_fish_n  469
  pushed_on_cold_ponder   447
  ate_fish                440
  eaten_fish              440
  risky_meals_fish        440
  belief_seen_eat_plum    431
  food_stored_own         424
  event_share_food        415
  gift_given              415
  harvest_fish            410
  belief_seen_eat_meat    400
  action_target_from_memory_forage395
  conversation            394
  talked_hungry           391
  eat_calm_protein_rich   328
  materials_delivered     294
  hungry_at_work_give     294
  pushed_on_hunger_give   294
  sought_out_chief_attend 287
  hungry_at_work_propose  287
  proposed_hungry         287
  belief_seen_sick        280
  pushed_on_cold_discuss  276
  belief_seen_eat_apple   269
  ate_pear                267
  eaten_pear              267
  romp_away_from_family   266
  would_spoil_fish        261
  withdrawn               249
  sought_out_chief_spar   244
  harvest_meat            244
  rest_ended_baby_crying  227
  talked_baby_crying      215
  picked_pear             214
  yield_obs_yield_pick_sum212.15029283471466
  settled_over_work       209
  work_ended_baby_crying  207
  remembered_empty_walk   200
  picked_up               194
  pickup_ordered          194
  npc_pickup              194
  dropped                 188
  rumor_spread            186
  abandoned_no_food       183
  eat_craving_protein_rich164
  sparred                 162
  interrupted_teach_cold  154
  haul_units_band_1       153
  hungry_at_work_investigate153
  action_target_knowledge_remembered_forage147
  interrupted_give_baby_crying145
  belief_seen_eat_hazelnut143
  haul_units_band_0       141
  feast_portions          140
  harvest_sticks          139
  reflected               139
  yield_obs_yield_pick_n  137
  spoilage_prevented      137
  tended_ticks            136
  raid_for_need_nowhere   135
  hearths                 133
  interrupted_give_cold   132
  conversation_greet      130
  tree_died_old           127
  feast_guests            127
  hunter_samples_expected_in_firelight125.30705561040027
  hurt_person_days        123
  woke_baby_crying        121
  meadow_poor_share_samples120
  conversation_chat       119
  wet_nursing_sessions    116
  carry_overflow_dropped  115
  interrupted_spar_cold   110
  yield_obs_yield_hunt_n  106
  sought_out_chief_discuss106
  bleeding_ticks          98
  tree_seeded             94
  water_exploration_offered94
  water_exploration_offered_child94
  action_target_knowledge_remembered_drink86
  ate_meat                80
  eaten_meat              80
  risky_meals_meat        80
  sought_out_chief_propose77
  ponder_nothing          75
  thought_nothing_came_of_it75
  breakthrough_ponder     74
  conversation_deep       73
  conversation_interests  72
  work_ended_tree_bare    70
  picked_plum             68
  wood_cut                66
  toast_listeners         64
  intruder_sighted        64
  ate_plum                62
  eaten_plum              62
  haul_trip_band_1        60
  proposed_baby_crying    57
  harvest_wild_grain      54
  would_spoil_plum        54
  would_spoil_meat        54
  haul_trip_band_0        53
  ate_apple               49
  eaten_apple             49
  romp_alone              48
  poisoned_fish           48
  harvest_flint           47
  poisoning_passed        47
  picked_apple            46
  harvest_reeds           45
  security_intruder_seen  41
  feast_attended          39
  woke_away_from_family   38
  starving_fed_remembered 36
  interrupted_discuss_baby_crying36
  food_place_told         35
  abandoned_subject_gone  33
  ate_hazelnut            31
  eaten_hazelnut          31
  interrupted_discuss_cold31
  starving_fed            31
  animal_born             30
  abandoned_no_fruit      29
  prey_killed_by_predator 29
  animal_predated         29
  ate_at_source           29
  action_target_from_memory_gather_for_site27
  site_placed             26
  picked_hazelnut         26
  project_backer_added    25
  poison_grade_mild       25
  interrupted_teach_baby_crying25
  animal_bit_person       25
  fled_from_animal        24
  child_watched           22
  meadow_poor_share_sum   21.679802331474903
  gossiped_cold           21
  animal_killed           19
  hunt_killed             19
  pushed_on_cold_gather   19
  poison_grade_moderate   18
  prey_killed_by_wolf     18
  discuss_nothing         18
  talked_nothing_came_of_it18
  harvest_clay            18
  baby_picked_up          17
  conception              17
  site_abandoned          17
  body_found              17
  courtship               16
  observed_plant_lore     16
  feast_called            16
  poison_grade_severe     16
  birth                   16
  sought_out_chief_give   16
  rest_ended_away_from_family15
  animal_bit_person_lynx  15
  animal_blow_lynx        15
  interrupted_spar_baby_crying14
  hunt_missed             14
  sought_out_chief_teach  14
  feasts_held             13
  event_feast             13
  hunt_ended_baby_crying  13
  breakthrough_discuss    13
  belief_seen_yield_forage13
  ask_refused             12
  asked_would_not_teach   12
  band_planned_mud_hut    12
  inherited_goods         12
  sought_out_chief_praise 12
  hungry_at_work_forage   11
  pushed_on_hunger_forage 11
  craft_interrupted       11
  bring_food_baby_crying  11
  event_teach             10
  conceived_cordage       10
  poisoned_meat           10
  animal_entered_by_edge  10
  animal_bit_person_wolf  10
  animal_blow_wolf        10
  animal_bit_person_at_night10
  taught_herbalism        10
  sought_out_chief_ask    9
  belief_seen_eat_toxic_berries9
  spark_cordage_1         9
  event_help              9
  action_target_from_memory_gather9
  make_peace_offered      9
  marriage                8
  teaching_failed         8
  relocation_scarcity_days8
  fled                    8
  wound_days_untended     8
  prototype_trial_passed  8
  investigation_rounds    8
  order_obeyed            8
  prototype_failed        8
  herb_used_on_poison     8
  founding_households     7
  crafted_beer            7
  project_request_refused 7
  building_completed      6
  child_taught            6
  prey_killed_by_bear     6
  toasted                 6
  conceived_herbalism     6
  spark_herbalism_0       6
  investigation_opened    6
  murder_unsolved         6
  remains_found           6
  investigation_asked     6
  order_haul_obeyed       6
  observed_herbalism      6
  chief_chosen            5
  prey_killed_by_lynx     5
  talked_away_from_family 5
  belief_seen_yield_fish  5
  event_praise            5
  praise_told             5
  gossiped_baby_crying    5
  conceived_firemaking    5
  abandoned_nothing_to_haul5
  poison_eased            5
  child_taught_by_parent  4
  ask_taught              4
  tree_felled             4
  abandoned_store_full    4
  herd_entered_by_edge    4
  spark_firemaking_0      4
  conceived_storytelling  4
  ask_taught_nothing      3
  asked_learned_nothing   3
  belief_seen_yield_pick  3
  band_planned_windbreak  3
  work_ended_thirsty      3
  belief_seen_yield_hunt  3
  death_settled           3
  corpse_left             3
  corpse_first_found      3
  conceived_division_of_labour3
  spark_storytelling_0    3
  wound_dressed           3
  hearth_taught           3
  abandoned_quarry_gone   3
  animal_left_by_edge     3
  poison_cured            3
  completed_storage_pit   2
  abandoned_already_built 2
  taught_plant_lore       2
  conceived_farming       2
  spark_farming_0         2
  completed_windbreak     2
  reasoned_out_herbalism  2
  romp_thirsty            2
  spark_division_of_labour_02
  completed_mud_hut       2
  hunter_samples_in_firelight2
  band_planned_granary    2
  abandoned_target_gone   2
  order_refused           2
  order_build_obeyed      2
  band_planned_quern      2
  tended_to_health        2
  observed_storytelling   2
  crafted_rope            2
  ate_toxic_berries       1
  eaten_toxic_berries     1
  ate_toxic_wise          1
  risky_meals_toxic_berries1
  poisoned_toxic_berries  1
  abandoned_partner_holding_baby1
  spark_cordage_2         1
  succession              1
  widowed_by_seeing       1
  spark_division_of_labour_11
  proven_herbalism        1
  discovered_herbalism    1
  spark_firemaking_4      1
  spark_wanting_firemaking_41
  death_starvation        1
  death_animal            1
  person_killed_by_wolf   1
  orphan_carried          1
  abandoned_project_no_longer_available1
  band_planned_storage_pit1
  widowed_by_word         1
  animal_blow_deer        1
  hunter_turned_on_by_deer1
  investigate_hungry      1
  order_haul_refused      1
  order_build_refused     1
  reasoned_out_storytelling1
  prototyped_cordage      1
  spark_storytelling_1    1
  conceived_tracking      1
  spark_tracking_0        1
  ate_beer                1
  eaten_beer              1
  work_ended_away_from_family1
  animal_blow_boar        1
  hunter_turned_on_by_boar1
  talked_thirsty          1
  herd_left_by_edge       1
  reasoned_out_division_of_labour1
  proven_storytelling     1
  discovered_storytelling 1
  taught_storytelling     1
  animal_starved          1
  animal_starved_out      1
  hungry_at_work_pick     1
  pushed_on_hunger_pick   1
  reasoned_out_tracking   1
  crafted_bundle          1
  would_spoil_toxic_berries0
  would_spoil_pear        0
  would_spoil_apple       0
  would_spoil_beer        0
  mood_comfort_sum        -2091.6530131623695
  mood_security_sum       -4586.422419154571
  mood_purpose_sum        -50573.85403746927

ACTIONS (summed over samples)
  idle                    155475
  forage                  76551
  rest                    70872
  sleep                   63662
  go_home                 58198
  romp                    54990
  talk                    33141
  drink                   27735
  ponder                  27070
  shelter                 27010
  gather                  21422
  give                    15330
  nurse                   13970
  pick                    12935
  spar                    12372
  chop                    7633
  store                   7273
  hunt                    6126
  discuss                 5038
  propose                 3914
  teach                   3166
  haul                    2949
  reflect                 2870
  build                   2502
  ask                     2250
  craft                   2137
  take                    1858
  pickup                  1728
  feast                   1699
  eat                     1401
  court                   1285
  attend                  1245
  praise                  721
  investigate             704
  flee                    648
  tend                    542
  bring_food              329
  toast                   260
  wander                  171
  prototype               155
  carry_baby              2
  explore                 2

KNOWLEDGE
  era: Lower Palaeolithic  ·  6 things known to somebody  ·  0 can make fire

BANDS
  2 chiefs  ·  0 outcast  ·  0 exiled  ·  8 orders obeyed, 2 refused

BUILDINGS
  6 of 9 finished  ·  308 items in store

RELATIONSHIPS
  566 edges across 40 people  ·  565 warm  ·  0 hostile
  Tora band             theft tolerance 0.40   murder 0.75
  Pyrun band            theft tolerance 0.65   murder 1.04

TERRAIN
  water=5458  beach=1863  grass=4412  forest=3480  hills=940  rock=231

TRAVEL
  44774 routes found  ·  10.7 mean / 267 worst expansions  ·  1865.6 searches per 1,000 ticks
  route_arrived=741  walk_blocked=0  abandoned_cannot_reach=0
  everything that walks: step_blocked=20909  ·  axis_null=0  ·  slides=15311
  people only: 0 stuck of 230562 walk ticks (0.0 per 1,000)  ·  denied: cooldown=61952 budget=0
  recoveries=0 (0 found a route)

CHECKS
  PASS  regions-stay-true       12 independently recomputed landmasses; 0 incorrectly labelled tiles and 0 incorrect region sizes
  PASS  hands-limit-loads       0 post-transfer states remained above the hands and fitted-container limit; 1044 collection attempts hit a hand limit
  n/a   containers-carry-more   run the porters scenario to compare fitted containers with bare hands
  PASS  people-act-on-what-they-know19786/19786 forage, pick, drink, hunt and chop targets visible or remembered
  n/a   word-of-food-travels    measured in food-news, where the rumour supplies the only food
  PASS  stale-memories-cost     976 trips reached a remembered resource that was exhausted
  PASS  the-map-grows           7.7% → 13.2% mean explored (must grow and remain below 99%)
  n/a   kin-are-defended        0 attacks on children with adult witnesses (need 10)
  n/a   the-young-run-to-their-own0 attacked children fled (need 10)
  FAIL  cravings-steer-the-diet 9.1% rich-protein meals while craving vs 41.4% while calm (need 1.3x)
  PASS  nights-are-slept        58.4% of 6386 adult samples in full night sleeping or resting (need 55%)
  PASS  nights-are-spent-at-home86.6% of 6386 adult night samples within 15 tiles of an anchor (need 70%)
  FAIL  moods-move-choices      4.9% talk in low-belonging tercile vs 6.9% in high (6729 samples each; low must be higher)
  PASS  children-keep-close     91.9% of 8955 child samples within radius + 3 of either living parent (need 75%; designated carer=88.6%; top actions: romp=2722, go_home=2232, sleep=1500, rest=463, drink=452)
  PASS  no-nan                  worst sample had 0 non-finite fields
  PASS  people-in-bounds        worst sample had 0 people outside a 128x128 world
  PASS  people-on-land          worst sample had 0 people standing in water or on rock
  PASS  population-persists     37 alive after 3 years (peaked at 37, 16 born); need 13 and at least one birth
  PASS  deaths-explained        settled=3 starvation=1 animal=1
  PASS  nobody-stalls-under-orders0 people stalled under order for a full day; 0 gave up walking, 0 of those under order
  PASS  walkers-do-not-grind    0 of 230,562 walking ticks made no real progress (0.0 per 1,000; wanted under 5)
  PASS  paths-are-found         200 pairs sampled on the largest region, every one found — mean 675.1 / worst 3743 expansions; 0 gave up mid-play
  PASS  nobody-walled-in        37 checked; 0 cut off from water, 0 cut off from food in their own region
  PASS  people-drink            drink=6292
  PASS  drinking-is-paced       1066 drinks finished over 3036 person-days (0.35 each per day; wanted some, and fewer than 4)
  PASS  food-work-continues     12 ticks of food-gathering continued through hunger that would otherwise have stopped it (827 hunting)
  PASS  people-harvest          berries=1409 meat=244 wood=0 flint=47
  PASS  people-eat              eat=2824
  PASS  ai-uses-many-actions    42 distinct actions observed: idle=155475 forage=76551 rest=70872 sleep=63662 go_home=58198 romp=54990 talk=33141 drink=27735 ponder=27070 shelter=27010 gather=21422 give=15330 nurse=13970 pick=12935 spar=12372 chop=7633 store=7273 hunt=6126 discuss=5038 propose=3914 teach=3166 haul=2949 reflect=2870 build=2502 ask=2250 craft=2137 take=1858 pickup=1728 feast=1699 eat=1401 court=1285 attend=1245 praise=721 investigate=704 flee=648 tend=542 bring_food=329 toast=260 wander=171 prototype=155 carry_baby=2 explore=2
  PASS  needs-not-pinned        final avgHunger=15.6 avgThirst=10.6 avgCold=0.2 avgCompany=26.6
  PASS  health-holds-up         final avgHealth=98.4 (floor is 60)
  PASS  events-witnessed        deeds=452 witnessed=4904 unwitnessed=0
  PASS  people-talk             conversations=394
  PASS  gossip-is-aimed         0 slanders and 5 praises over 394 conversations
  PASS  rumor-propagates        stories passed on=186
  n/a   opinions-diverge        measured after a witnessed assault in conflicts. 566 relationships across 40 people: 565 warm, 0 hostile
  PASS  materials-delivered     delivered=294 sites=9 finished=6
  PASS  building-starts-small   9 projects measured; 0 exceeded sponsor + backers + ordered workers
  PASS  projects-find-backers   6/6 completed AI-planned projects had a backer (need 70%)
  PASS  shelter-answers-cold    ticks spent sheltering=23281 final avgCold=0.2
  PASS  work-runs-in-stretches  node_empty=994 hands_full=1598 baby_crying=207 tree_bare=70 thirsty=3 cold=4195 away_from_family=1
  PASS  foraging-bites          most bushes stripped at once: 273; wild food went from 1770 to 2217
  PASS  generations-turn-over   over 2 years: 16 courtships, 8 marriages, 17 conceptions, 16 births, 1 successions
  PASS  forest-is-used          4 trees felled, 66 timber cut, 548 fruit picked
  PASS  fruit-comes-and-goes-with-the-seasonworst sample had 0 fruit hanging out of season; most windfall seen at once was 5966 across 4 seasons
  PASS  forest-persists         stand went from 1007 to 970 (786 grown, 93 seedlings); 94 seeded, 127 died of age
  PASS  bands-have-chiefs       2 chiefs for 37 people; 5 changes of leadership
  PASS  bands-decide-to-build   20 sites marked out by bands themselves (player placed none)
  n/a   camps-move-when-the-land-failsmeasured in the lean survival scenario
  n/a   jobs-bias-work          too few ticks with a job assigned to compare (0 held, 0 not)
  n/a   rebellion-is-rare-but-happensnone fired in this run; a rare stochastic event, see band.test.ts for the deterministic assertion
  n/a   raids-are-organised     no chief in this world ever stood badly enough with a neighbour to weigh one
  PASS  knowledge-is-found      herbalism=1 storytelling=1
  PASS  knowledge-is-passed-on  13 taught deliberately, 24 picked up by watching; 8 lessons that did not take
  PASS  children-are-taught     6 of 13 lessons went to a child, 4 of those from a parent
  PASS  ideas-are-conceived     31 ideas conceived (0.41 per person-year; wanted some, and fewer than 3)
  PASS  sparks-are-various      12 routes into 7 technologies: herbalism cordage farming firemaking division_of_labour storytelling tracking
  PASS  ideas-become-tech       31 conceived, 1 built, 2 proven, 8 failed their trial
  PASS  the-tree-is-climbed     2 of 7 technologies conceived were past the root nodes: herbalism farming
  PASS  research-is-social      74 breakthroughs alone, 13 by arguing it out
  PASS  trials-accumulate       8 trials went well across 2 designs proven, 8 went badly
  FAIL  techs-are-refined       0 improvements to proven designs, 0 carried as far as they go
  n/a   records-are-cut         nobody in this world can write
  n/a   crafting-is-interruptibletoo few crafting attempts to tell (10 made, 11 interrupted)
  n/a   food-spoils             spoilage is switched off in this scenario
  n/a   stores-keep-food-better-than-packsspoilage is switched off in this scenario
  n/a   pictures-are-painted    nobody here knows how to burn earth red
  n/a   music-answers-lonelinessnobody here can make a flute
  PASS  beer-answers-loneliness 6 toasts made, heard by somebody else 64 times
  n/a   the-temple-gathers      no band had a chief with redistribution and a granary
  n/a   the-ledger-remembers    no temple kept by a chief who keeps accounts
  n/a   taxes-reach-the-temple  no temple kept by a chief who knows how to tax
  n/a   the-law-is-the-same-for-allno chief who judges by the law heard a case of their own people
  n/a   soldiers-are-kept       no temple kept by a chief who knows a standing army
  n/a   kings-reign-for-life    nobody here knows kingship
  n/a   civilisation-is-derived no band holds the six things a civilisation is
  n/a   governments-declare-war-and-peaceno government declared anything in this run
  n/a   the-beaten-pay-tribute  no people submitted to another in this run
  n/a   serfs-are-owned         no governed people took an adult captive in this run
  PASS  feasts-gather-the-band  13 feasts held (16 called), 127 guests fed, 0 cups poured
  PASS  the-hurt-are-tended     136 ticks spent sitting with the hurt, 2 of them nursed back to full health
  n/a   wounds-fester-untended  8 untended and 0 dressed wound-days; too few to compare (need 60 of each)
  PASS  raw-meat-sickens        58 illnesses after 520 raw meals; none after anything cooked
  n/a   the-wise-avoid-baneberries0 baneberry meals by the unlettered; nobody was exposed enough to tell
  n/a   animals-are-tamed       nobody here would think of feeding one
  n/a   heads-direct-work       nobody here has the idea of a band with a shape
  n/a   kills-are-butchered-for-bonenobody alive knows what to do with a carcass
  n/a   crafts-happen-at-stations5 station designs exist and no band finished one in this run
  n/a   the-hearth-warms        nobody was cold within range of a finished hearth
  n/a   roast-wins              nobody alive knows cooking
  n/a   cooking-spreads         scenario did not found anyone knowing cooking
  FAIL  pots-reach-a-granary    2 granaries marked out, 0 pots made, 0 finished
  FAIL  discovery-is-situated   every one of 31 ideas came by a named route; 2 of them into the technologies cold suggests
  PASS  population-bounded      peak population 37
  PASS  spatial-hash-spreads    largest bucket holds 14 of 37 items across 7 cells
  PASS  animals-move            mean drift 14.5 tiles/day (floor is 2)
  PASS  animals-flee            2067 bolts opened the distance, 911 did not
  PASS  hunts-succeed-and-fail  19 kills, 14 misses, 0 outrun
  PASS  people-eat-meat         244 meat taken; 2824 meals eaten
  PASS  fish-are-caught         410 fish taken; 2824 meals eaten
  n/a   bands-set-traps         nobody in this world knows how to set a trap
  n/a   fields-are-sown-and-reapednobody in this world knows how to farm
  n/a   soil-is-drawn-down      no harvest was taken off any ground in this run
  n/a   compost-answers-exhaustionnobody in this world knows how to compost
  n/a   traps-catch             no trap was finished in this run
  n/a   herds-breed-and-are-cullednobody in this world knows how to keep a pen
  n/a   wells-are-drawn-from    nobody in this world knows how to sink a well
  n/a   milk-is-drawn-and-drunk no milk was ever bred in this run
  n/a   wool-is-sheared-and-wovenno wool was ever bred in this run
  PASS  bands-dont-overbuild    band1=3 band0=3; 0 over the ceiling, 0 holding empty stores
  PASS  families-exist          6 households of more than one; 37 people with family
  n/a   sleep-restores          nobody had a roof to sleep under in this run
  n/a   kin-outrank-strangers   not all three kinds of tie have 10+ pairs here: household=70.6 band=46.0 outsider=n/a outsider-unrelated=n/a · band-pairs=1 friendliest=0.0 hostile=-8.1
  FAIL  bands-take-sides        1 pairs, friendliest=0.0 hostile=-8.1 (spread 8.1)
  n/a   violence-concentrates   only 0 blows between peoples here; too few to say where they land
  n/a   peoples-drift-apart     0 incidents between peoples; too few to split the run around
  n/a   peace-within-bands      only 0 blows here; too few to say where they land
  n/a   children-are-not-struck only 0 blows here; too few to say
  n/a   the-struck-respond      only 0 second blows here; too few to say
  n/a   wrongs-reach-the-chief  only 0 debts run up; too few to say
  n/a   upbringing-follows-culturefewer than two peoples saw 15 wrongs by their children abroad, with regard for strangers 0.15 apart
  n/a   the-watched-intervene   only 0 property deeds were seen by their owners; too few to say
  n/a   captives-are-taken      only 0 blows between peoples; no quarrel long enough
  n/a   bodies-are-found        only 3 deaths here; too few to say
  n/a   murders-are-solved      only 0 killings here; too few to say
  PASS  world-has-land          grass=4412 forest=3480 water=5458
  n/a   perf-budget             403 steps/s with 37 people at the peak (floor 1,445); judged only when a scenario runs alone
  PASS  herds-follow-the-grass  8,314 grazer samples, 36% of them on poor grass, against 18% of the meadow and the wood being poor
  PASS  predators-hunt          29 grazers pulled down (18 by wolves, 6 by bears, 5 by lynxes); 25 people bitten
  PASS  fire-keeps-wolves-off   2 of 5930 hunter samples inside a circle of firelight, where chance alone would put 125.3 (481 turned back)
  n/a   a-hunted-out-land-stays-emptythis land was not hunted out
  PASS  slopes-slow             288,863 uphill steps cover 90.5% of the distance asked, 239,890 downhill 103.4%, 36,830 flat 100%
  FAIL  hills-see-farther       0 of 64 sightings were from further off than the bare radius of 12 tiles

==============================================================================
7/133 CHECKS FAILED: cravings-steer-the-diet, moods-move-choices, techs-are-refined, pots-reach-a-granary, discovery-is-situated, bands-take-sides, hills-see-farther


WORLD HEALTH REPORT  -  scenario "stewards"  seed "furrow"
==============================================================================
24000 steps in 64126ms  (374 steps/s)

POPULATION OVER TIME
  step    day   alive  hunger  thirst  tired   cold   lonely  health  food   bare  store  trees  grown  fruit  kids  wed  age   oob  
  0       5     25     0.0     0.0     0.0     0.0    0.0     100.0   1597   180   0      961    829    0      8     14   21    0    
  2400    15    25     19.9    23.0    3.1     0.0    23.3    100.0   2028   153   100    864    717    621    8     14   21    0    
  4800    25    28     17.7    17.0    4.7     0.3    23.2    100.0   2429   169   240    863    716    1593   11    14   19    0    
  7200    35    31     17.6    13.3    3.4     53.7   26.2    99.0    1619   264   240    861    715    0      14    14   18    0    
  9600    45    32     18.9    13.1    3.6     77.1   78.1    89.8    1467   200   192    869    715    0      15    14   17    0    
  12000   55    32     20.8    14.3    4.2     34.8   46.3    92.5    1978   154   219    886    715    607    16    14   16    0    
  14400   65    35     19.8    16.8    3.4     8.8    23.5    98.1    2410   165   279    883    718    1553   19    14   15    0    
  16800   75    36     22.1    11.2    3.3     32.2   16.0    98.8    1627   267   280    881    718    0      20    14   15    0    
  19200   85    38     34.9    13.6    9.9     52.3   58.3    96.9    1424   202   280    886    718    0      22    14   14    0    
  21600   95    39     32.3    17.5    18.3    11.8   42.9    98.0    1966   152   280    908    719    576    23    14   14    0    
  24000   105   40     29.7    17.9    12.4    0.8    26.6    97.0    2409   163   378    906    720    1528   24    14   14    0    

EVENTS
  malnutrition_samples    777857
  path_expanded           677450
  place_memory_age_sum_band_0456294.3029788934
  place_memory_age_sum_band_1422828.64664740703
  remembered_node_candidate374790
  step_slope_up           343950
  step_slope_up_ratio     311371.17244842876
  step_slope_down_ratio   295525.5007703425
  step_slope_down         285863
  walk_tick               283477
  nursing_hunger_relief   237800
  nursing_thirst_relief   237800
  malnutrition_sum        160423.13358325648
  water_memory_candidate  120614
  food_accessible_at_think113810
  water_visible_candidate 107540
  walk_arrived            86177
  path_denied_cooldown    75917
  cold_damage_ticks       74908
  craving_protein_search  70878
  path_found              54340
  rest                    53738
  place_memory_samples_band_044681
  yield_obs_yield_forage_sum44585.649688120335
  remembered_node_target  43767
  step_slope_flat_ratio   43278.365733431616
  step_slope_flat         43220
  diet_nutrition_total    43177
  craving_protein_reachable43162
  place_memory_samples_band_139427
  sleeping                37918
  remembered_bush_out_of_season32726
  sheltering              25853
  action_target_knowledge_checked23505
  action_target_knowledge_known23504
  craving_protein_absent  21917
  mood_belonging_sum      21571.4331744821
  sleeping_open           19053
  relocation_food_nodes   15900
  action_target_knowledge_visible_forage14923
  step_blocked            13503
  yield_obs_yield_fish_sum12833.35524696562
  step_slide              10191
  elite_larder_preferred  9601
  grazer_samples          9482
  diet_nutrition_protein  8814
  relocation_food_depleted8503
  hungry_at_work_sleep    8468
  shared_resource_depletion_seen8433
  fruit_thirst_relief     8179.8568275148245
  belief_seen_eat_berries 8138
  hungry_at_work_rest     8115
  rest_ended_hungry       7515
  woke_hungry             7468
  food_absent_in_search_at_think6951
  food_blocked_by_reach_at_think6937
  food_reach_fallback_at_think6937
  drink                   6867
  place_exploration_fraction_band_06166.408203125
  hunter_samples          6064
  witnessed               5876
  craving_protein_outside_reach5799
  place_exploration_fraction_band_14889.3857421875
  talked_cold             4570
  craving_protein_masked_by_reachable_food4488
  craving_protein_override_selected4488
  action_target_knowledge_visible_pick4007
  poison_ticks            3924
  mood_comfort_sum        3613.7086914686943
  grazer_samples_on_poor  3433
  mood_samples            3268
  macro_samples           3268
  hydrating_food_candidate3075
  macro_exertion_sum      2941.55946517708
  eat                     2822
  stale_memory_resource_empty2712
  abandoned_remembered_wrong2712
  water_exploration_no_frontier2637
  abandoned_hands_full    2621
  pushed_on_cold_ponder   2521
  nursing_sessions        2378
  belief_seen_eat_fish    2263
  interrupted_teach_cold  2255
  hungry_at_work_nurse    2244
  action_target_from_memory_forage2216
  yield_obs_yield_hunt_sum2215.488475609955
  belief_seen_eat_pear    2141
  macro_carb_sum          2135.4369503800235
  hungry_at_work_hunt     1981
  pushed_on_hunger_hunt   1981
  sought_out_chief_talk   1973
  romp_cold               1933
  worked_alongside        1800
  eat_craving_protein     1784
  yield_obs_yield_forage_n1674
  ate_berries             1631
  eaten_berries           1631
  action_target_knowledge_visible_chop1623
  animal_alarmed          1395
  cold_damage_sum         1346.988031204128
  work_ended_hands_full   1331
  drink_finished          1268
  harvest_berries         1259
  hungry_at_work_talk     1175
  remembered_empty_walk   1172
  belief_seen_eat_plum    1160
  action_target_knowledge_visible_drink1152
  talked_hungry           1095
  work_ended_node_empty   1066
  water_exploration_offered1039
  water_exploration_offered_child1039
  cry_interrupted         1026
  action_target_knowledge_visible_hunt1023
  hungry_at_work_romp     998
  route_arrived           895
  romp_hungry             867
  eat_calm_protein        797
  stored                  793
  belief_told             739
  belief_seen_eat_hazelnut729
  action_target_knowledge_remembered_forage655
  tended_ticks            624
  water_place_told        591
  work_ended_cold         571
  macro_fat_sum           567.735096109546
  macro_protein_sum       564.8279535104322
  belief_seen_eat_apple   525
  hungry_at_work_give     517
  pushed_on_hunger_give   517
  yield_obs_yield_fish_n  503
  pushed_on_cold_propose  487
  hand_capacity_blocked   485
  shared_a_roof           480
  conversation            460
  food_stored_own         449
  ate_fish                418
  eaten_fish              418
  risky_meals_fish        418
  withdrawn               415
  event_share_food        410
  gift_given              410
  romp_together           388
  harvest_fish            380
  would_spoil_berries     346
  ate_pear                343
  eaten_pear              343
  work_ended_tree_bare    342
  picked_pear             337
  belief_seen_sick        332
  bring_food_cold         319
  abandoned_no_food       307
  materials_delivered     275
  yield_obs_yield_pick_sum274.16839538419924
  abandoned_no_fruit      264
  rumor_spread            262
  eat_calm_protein_rich   256
  rest_ended_baby_crying  251
  work_ended_baby_crying  250
  belief_seen_eat_meat    249
  explore_ended_cold      244
  interrupted_give_cold   240
  romp_away_from_family   227
  settled_over_work       206
  interrupted_ask_cold    200
  haul_units_band_1       197
  picked_up               197
  pickup_ordered          197
  npc_pickup              197
  talked_baby_crying      189
  would_spoil_fish        185
  ate_plum                176
  eaten_plum              176
  hungry_at_work_propose  175
  picked_plum             172
  hurt_person_days        164
  eat_craving_protein_rich159
  sparred                 157
  woke_away_from_family   152
  hunter_samples_expected_in_firelight150.10002009459868
  conversation_chat       150
  conversation_greet      147
  proposed_hungry         143
  harvest_wild_grain      141
  dropped                 137
  hungry_at_work_bring_food137
  raid_for_need_nowhere   136
  hearths                 132
  reflected               130
  tree_died_old           125
  pushed_on_cold_build    124
  meadow_poor_share_samples120
  sought_out_chief_spar   120
  ate_hazelnut            120
  eaten_hazelnut          120
  harvest_meat            118
  action_target_knowledge_remembered_drink116
  woke_baby_crying        112
  ate_at_source           111
  conversation_interests  106
  interrupted_give_baby_crying105
  picked_hazelnut         103
  yield_obs_yield_hunt_n  98
  ate_apple               91
  eaten_apple             91
  harvest_sticks          89
  interrupted_discuss_cold88
  haul_trip_band_1        84
  bleeding_ticks          84
  sought_out_chief_discuss80
  starving_fed_remembered 80
  picked_apple            79
  haul_units_band_0       78
  yield_obs_yield_pick_n  76
  tree_seeded             74
  carry_overflow_dropped  72
  interrupted_spar_cold   70
  wood_cut                67
  event_help              66
  spoilage_prevented      65
  starving_fed            65
  order_obeyed            62
  order_haul_obeyed       62
  conversation_deep       57
  sought_out_chief_ask    56
  interrupted_discuss_baby_crying53
  abandoned_nothing_to_haul49
  poisoning_passed        49
  harvest_flint           48
  poisoned_fish           48
  breakthrough_ponder     48
  ponder_nothing          45
  thought_nothing_came_of_it45
  interrupted_teach_baby_crying45
  animal_born             44
  child_watched           43
  prey_killed_by_predator 43
  animal_predated         43
  ate_meat                43
  eaten_meat              43
  risky_meals_meat        43
  harvest_reeds           37
  sought_out_chief_propose35
  hungry_at_work_teach    34
  hunt_ended_baby_crying  34
  site_placed             32
  interrupted_teach_hungry32
  prey_killed_by_wolf     30
  haul_trip_band_0        29
  project_backer_added    28
  event_teach             27
  would_spoil_plum        27
  poison_grade_mild       27
  meadow_poor_share_sum   26.36073403720463
  sought_out_chief_teach  25
  bring_food_away_from_family25
  food_place_told         24
  site_abandoned          22
  child_taught            21
  rest_ended_away_from_family21
  project_request_refused 20
  hungry_at_work_forage   20
  poison_grade_moderate   19
  talked_away_from_family 19
  taught_herbalism        19
  hungry_at_work_ask      19
  interrupted_ask_hungry  19
  conception              18
  hungry_at_work_spar     18
  job_assigned            17
  observed_plant_lore     17
  ask_refused             16
  asked_would_not_teach   16
  child_taught_by_parent  16
  ask_taught              16
  order_refused           16
  order_haul_refused      16
  observed_division_of_labour16
  pushed_on_hunger_forage 16
  birth                   16
  baby_picked_up          16
  band_planned_mud_hut    15
  would_spoil_meat        14
  teaching_failed         14
  sought_out_chief_give   13
  hungry_at_work_pick     12
  pushed_on_hunger_pick   12
  wound_days_untended     12
  proposed_baby_crying    12
  job_refused             11
  observed_herbalism      11
  predator_kept_off_by_fire11
  prey_killed_by_bear     10
  animal_killed           10
  hunt_killed             10
  breakthrough_discuss    10
  animal_bit_person       10
  animal_bit_person_bear  10
  animal_blow_bear        10
  fled_from_animal        10
  harvest_clay            10
  interrupted_ask_away_from_family9
  conceived_cordage       9
  spark_cordage_1         9
  belief_seen_yield_forage9
  prototype_trial_passed  9
  herb_used_on_poison     9
  chief_chosen            8
  relocation_scarcity_days8
  courtship               8
  band_planned_storage_pit8
  belief_seen_yield_fish  8
  pushed_on_cold_gather   8
  marriage                7
  founding_households     7
  ask_taught_nothing      7
  asked_learned_nothing   7
  building_completed      7
  poison_grade_severe     7
  animal_entered_by_edge  7
  body_found              7
  action_target_from_memory_gather_for_site7
  poison_eased            7
  taught_plant_lore       6
  conceived_herbalism     6
  spark_herbalism_0       6
  wound_dressed           6
  action_target_knowledge_remembered_hunt5
  conceived_firemaking    5
  conceived_tracking      5
  spark_tracking_0        5
  poisoned_meat           5
  tended_to_health        5
  interrupted_spar_baby_crying5
  romp_alone              5
  observed_tracking       5
  hungry_at_work_tend     5
  taught_division_of_labour4
  work_ended_away_from_family4
  tree_felled             4
  discuss_nothing         4
  talked_nothing_came_of_it4
  action_target_from_memory_gather4
  hearth_taught           4
  interrupted_spar_hungry 3
  completed_storage_pit   3
  band_planned_windbreak  3
  prey_killed_by_lynx     3
  completed_windbreak     3
  work_ended_thirsty      3
  bring_food_baby_crying  3
  conceived_storytelling  3
  spark_storytelling_0    3
  abandoned_already_built 2
  abandoned_store_full    2
  reasoned_out_herbalism  2
  herd_entered_by_edge    2
  animal_bit_person_at_night2
  proven_herbalism        2
  discovered_herbalism    2
  spark_firemaking_0      2
  fled                    2
  work_ended_hungry       2
  romp_thirsty            2
  poison_cured            2
  abandoned_project_no_longer_available2
  taught_tracking         2
  interrupted_ask_thirsty 1
  abandoned_tree_gone     1
  spark_firemaking_3      1
  action_target_knowledge_unknown1
  action_target_knowledge_unknown_hunt1
  woke_rested             1
  death_settled           1
  succession              1
  corpse_left             1
  corpse_first_found      1
  talked_thirsty          1
  interrupted_give_away_from_family1
  reasoned_out_tracking   1
  belief_seen_yield_pick  1
  abandoned_fruit_fallen  1
  unwitnessed             1
  completed_mud_hut       1
  abandoned_goods_gone    1
  interrupted_ask_baby_crying1
  prototype_failed        1
  abandoned_target_gone   1
  proven_tracking         1
  discovered_tracking     1
  spark_firemaking_2      1
  hunt_ended_hungry       1
  hunt_missed             1
  animal_blow_boar        1
  hunter_turned_on_by_boar1
  bring_food_hungry       1
  proposed_thirsty        1
  spark_firemaking_4      1
  spark_wanting_firemaking_41
  animal_starved          1
  animal_starved_out      1
  refined_herbalism       1
  wet_nursing_sessions    1
  refined_tracking        1
  wound_days_tended       1
  would_spoil_pear        0
  would_spoil_apple       0
  mood_security_sum       -3112.665364921724
  mood_purpose_sum        -37500.846283734405

ACTIONS (summed over samples)
  idle                    171231
  forage                  97234
  sleep                   70361
  rest                    63815
  go_home                 60571
  talk                    43232
  romp                    42657
  pick                    33568
  shelter                 31378
  drink                   30997
  ponder                  20995
  give                    15646
  nurse                   13684
  gather                  12635
  spar                    12328
  store                   10439
  chop                    7916
  teach                   7070
  ask                     6273
  hunt                    4225
  discuss                 4155
  haul                    3599
  propose                 3546
  tend                    3092
  reflect                 2662
  build                   2644
  take                    2330
  pickup                  1564
  eat                     1554
  bring_food              1411
  court                   677
  wander                  506
  explore                 210
  flee                    123
  praise                  7

KNOWLEDGE
  era: Lower Palaeolithic  ·  7 things known to somebody  ·  0 can make fire

BANDS
  2 chiefs  ·  0 outcast  ·  0 exiled  ·  62 orders obeyed, 16 refused

BUILDINGS
  7 of 10 finished  ·  378 items in store

RELATIONSHIPS
  623 edges across 41 people  ·  623 warm  ·  0 hostile
  Garya band            theft tolerance 1.60   murder 0.99
  Ithra band            theft tolerance 0.47   murder 1.00

TERRAIN
  water=5366  beach=1713  grass=4795  forest=3161  hills=1190  rock=159

TRAVEL
  54340 routes found  ·  12.5 mean / 340 worst expansions  ·  2264.2 searches per 1,000 ticks
  route_arrived=895  walk_blocked=0  abandoned_cannot_reach=0
  everything that walks: step_blocked=13503  ·  axis_null=0  ·  slides=10191
  people only: 0 stuck of 283477 walk ticks (0.0 per 1,000)  ·  denied: cooldown=75917 budget=0
  recoveries=0 (0 found a route)

CHECKS
  PASS  regions-stay-true       13 independently recomputed landmasses; 0 incorrectly labelled tiles and 0 incorrect region sizes
  PASS  hands-limit-loads       0 post-transfer states remained above the hands and fitted-container limit; 485 collection attempts hit a hand limit
  n/a   containers-carry-more   run the porters scenario to compare fitted containers with bare hands
  FAIL  people-act-on-what-they-know23504/23505 forage, pick, drink, hunt and chop targets visible or remembered
  n/a   word-of-food-travels    measured in food-news, where the rumour supplies the only food
  PASS  stale-memories-cost     2712 trips reached a remembered resource that was exhausted
  PASS  the-map-grows           7.9% → 12.8% mean explored (must grow and remain below 99%)
  n/a   kin-are-defended        0 attacks on children with adult witnesses (need 10)
  n/a   the-young-run-to-their-own0 attacked children fled (need 10)
  FAIL  cravings-steer-the-diet 8.9% rich-protein meals while craving vs 32.1% while calm (need 1.3x)
  PASS  nights-are-slept        55.7% of 6262 adult samples in full night sleeping or resting (need 55%)
  PASS  nights-are-spent-at-home90.4% of 6262 adult night samples within 15 tiles of an anchor (need 70%)
  FAIL  moods-move-choices      5.4% talk in low-belonging tercile vs 6.0% in high (6567 samples each; low must be higher)
  PASS  children-keep-close     90.9% of 9919 child samples within radius + 3 of either living parent (need 75%; designated carer=86.6%; top actions: go_home=2201, romp=2113, sleep=1525, forage=703, talk=617)
  PASS  no-nan                  worst sample had 0 non-finite fields
  PASS  people-in-bounds        worst sample had 0 people outside a 128x128 world
  PASS  people-on-land          worst sample had 0 people standing in water or on rock
  PASS  population-persists     40 alive after 3 years (peaked at 40, 16 born); need 14 and at least one birth
  PASS  deaths-explained        settled=1
  PASS  nobody-stalls-under-orders0 people stalled under order for a full day; 0 gave up walking, 0 of those under order
  PASS  walkers-do-not-grind    0 of 283,477 walking ticks made no real progress (0.0 per 1,000; wanted under 5)
  PASS  paths-are-found         200 pairs sampled on the largest region, every one found — mean 620.7 / worst 3881 expansions; 0 gave up mid-play
  PASS  nobody-walled-in        40 checked; 0 cut off from water, 0 cut off from food in their own region
  PASS  people-drink            drink=6867
  PASS  drinking-is-paced       1268 drinks finished over 3282 person-days (0.39 each per day; wanted some, and fewer than 4)
  PASS  food-work-continues     28 ticks of food-gathering continued through hunger that would otherwise have stopped it (1981 hunting)
  PASS  people-harvest          berries=1259 meat=118 wood=0 flint=48
  PASS  people-eat              eat=2822
  PASS  ai-uses-many-actions    35 distinct actions observed: idle=171231 forage=97234 sleep=70361 rest=63815 go_home=60571 talk=43232 romp=42657 pick=33568 shelter=31378 drink=30997 ponder=20995 give=15646 nurse=13684 gather=12635 spar=12328 store=10439 chop=7916 teach=7070 ask=6273 hunt=4225 discuss=4155 haul=3599 propose=3546 tend=3092 reflect=2662 build=2644 take=2330 pickup=1564 eat=1554 bring_food=1411 court=677 wander=506 explore=210 flee=123 praise=7
  PASS  needs-not-pinned        final avgHunger=29.7 avgThirst=17.9 avgCold=0.8 avgCompany=26.6
  PASS  health-holds-up         final avgHealth=97.0 (floor is 60)
  PASS  events-witnessed        deeds=503 witnessed=5876 unwitnessed=1
  PASS  people-talk             conversations=460
  FAIL  gossip-is-aimed         0 slanders and 0 praises over 460 conversations
  PASS  rumor-propagates        stories passed on=262
  n/a   opinions-diverge        measured after a witnessed assault in conflicts. 623 relationships across 41 people: 623 warm, 0 hostile
  PASS  materials-delivered     delivered=275 sites=10 finished=7
  PASS  building-starts-small   10 projects measured; 0 exceeded sponsor + backers + ordered workers
  PASS  projects-find-backers   6/7 completed AI-planned projects had a backer (need 70%)
  PASS  shelter-answers-cold    ticks spent sheltering=25853 final avgCold=0.8
  PASS  work-runs-in-stretches  node_empty=1066 hands_full=1331 tree_bare=342 away_from_family=4 baby_crying=250 thirsty=3 cold=571 hungry=2
  PASS  foraging-bites          most bushes stripped at once: 267; wild food went from 1597 to 2409
  PASS  generations-turn-over   over 2 years: 8 courtships, 7 marriages, 18 conceptions, 16 births, 1 successions
  PASS  forest-is-used          4 trees felled, 67 timber cut, 888 fruit picked
  PASS  fruit-comes-and-goes-with-the-seasonworst sample had 0 fruit hanging out of season; most windfall seen at once was 4959 across 4 seasons
  PASS  forest-persists         stand went from 961 to 906 (720 grown, 84 seedlings); 74 seeded, 125 died of age
  PASS  bands-have-chiefs       2 chiefs for 40 people; 8 changes of leadership
  PASS  bands-decide-to-build   26 sites marked out by bands themselves (player placed none)
  n/a   camps-move-when-the-land-failsmeasured in the lean survival scenario
  PASS  jobs-bias-work          holders spent 10.5% of their time on their own job's work; everyone else spent 2.8% of theirs on that same work
  n/a   rebellion-is-rare-but-happensnone fired in this run; a rare stochastic event, see band.test.ts for the deterministic assertion
  n/a   raids-are-organised     no chief in this world ever stood badly enough with a neighbour to weigh one
  PASS  knowledge-is-found      herbalism=2 tracking=1
  PASS  knowledge-is-passed-on  31 taught deliberately, 49 picked up by watching; 14 lessons that did not take
  PASS  children-are-taught     21 of 31 lessons went to a child, 16 of those from a parent
  PASS  ideas-are-conceived     28 ideas conceived (0.34 per person-year; wanted some, and fewer than 3)
  PASS  sparks-are-various      9 routes into 5 technologies: herbalism cordage firemaking tracking storytelling
  PASS  ideas-become-tech       28 conceived, 0 built, 3 proven, 1 failed their trial
  PASS  the-tree-is-climbed     1 of 5 technologies conceived were past the root nodes: herbalism
  PASS  research-is-social      48 breakthroughs alone, 10 by arguing it out
  PASS  trials-accumulate       9 trials went well across 3 designs proven, 1 went badly
  PASS  techs-are-refined       2 improvements to proven designs, 0 carried as far as they go
  n/a   records-are-cut         nobody in this world can write
  n/a   crafting-is-interruptibletoo few crafting attempts to tell (0 made, 0 interrupted)
  n/a   food-spoils             spoilage is switched off in this scenario
  n/a   stores-keep-food-better-than-packsspoilage is switched off in this scenario
  n/a   pictures-are-painted    nobody here knows how to burn earth red
  n/a   music-answers-lonelinessnobody here can make a flute
  n/a   beer-answers-loneliness nobody here knows how to brew
  n/a   the-temple-gathers      no band had a chief with redistribution and a granary
  n/a   the-ledger-remembers    no temple kept by a chief who keeps accounts
  n/a   taxes-reach-the-temple  no temple kept by a chief who knows how to tax
  n/a   the-law-is-the-same-for-allno chief who judges by the law heard a case of their own people
  n/a   soldiers-are-kept       no temple kept by a chief who knows a standing army
  n/a   kings-reign-for-life    nobody here knows kingship
  n/a   civilisation-is-derived no band holds the six things a civilisation is
  n/a   governments-declare-war-and-peaceno government declared anything in this run
  n/a   the-beaten-pay-tribute  no people submitted to another in this run
  n/a   serfs-are-owned         no governed people took an adult captive in this run
  n/a   feasts-gather-the-band  nobody here knows how to brew
  PASS  the-hurt-are-tended     624 ticks spent sitting with the hurt, 5 of them nursed back to full health
  n/a   wounds-fester-untended  12 untended and 1 dressed wound-days; too few to compare (need 60 of each)
  PASS  raw-meat-sickens        53 illnesses after 461 raw meals; none after anything cooked
  n/a   the-wise-avoid-baneberries0 baneberry meals by the unlettered; nobody was exposed enough to tell
  n/a   animals-are-tamed       nobody here would think of feeding one
  n/a   heads-direct-work       nobody here has the idea of a band with a shape
  n/a   kills-are-butchered-for-bonenobody alive knows what to do with a carcass
  n/a   crafts-happen-at-stations5 station designs exist and no band finished one in this run
  n/a   the-hearth-warms        nobody was cold within range of a finished hearth
  n/a   roast-wins              nobody alive knows cooking
  n/a   cooking-spreads         scenario did not found anyone knowing cooking
  n/a   pots-reach-a-granary    nobody alive knows how to fire clay
  FAIL  discovery-is-situated   every one of 28 ideas came by a named route; 4 of them into the technologies cold suggests
  PASS  population-bounded      peak population 40
  PASS  spatial-hash-spreads    largest bucket holds 12 of 40 items across 9 cells
  PASS  animals-move            mean drift 15.5 tiles/day (floor is 2)
  PASS  animals-flee            2055 bolts opened the distance, 703 did not
  PASS  hunts-succeed-and-fail  10 kills, 1 misses, 0 outrun
  PASS  people-eat-meat         118 meat taken; 2822 meals eaten
  PASS  fish-are-caught         380 fish taken; 2822 meals eaten
  n/a   bands-set-traps         nobody in this world knows how to set a trap
  n/a   fields-are-sown-and-reapednobody in this world knows how to farm
  n/a   soil-is-drawn-down      no harvest was taken off any ground in this run
  n/a   compost-answers-exhaustionnobody in this world knows how to compost
  n/a   traps-catch             no trap was finished in this run
  n/a   herds-breed-and-are-cullednobody in this world knows how to keep a pen
  n/a   wells-are-drawn-from    nobody in this world knows how to sink a well
  n/a   milk-is-drawn-and-drunk no milk was ever bred in this run
  n/a   wool-is-sheared-and-wovenno wool was ever bred in this run
  PASS  bands-dont-overbuild    band0=5 band1=2; 0 over the ceiling, 0 holding empty stores
  PASS  families-exist          7 households of more than one; 39 people with family
  PASS  sleep-restores          1636 sleeps begun, fatigue fell on 12782 ticks of them
  n/a   kin-outrank-strangers   not all three kinds of tie have 10+ pairs here: household=68.6 band=34.1 outsider=n/a outsider-unrelated=n/a · band-pairs=0 friendliest=0.0 hostile=0.0
  n/a   bands-take-sides        no two bands have touched each other in this run
  n/a   violence-concentrates   only 0 blows between peoples here; too few to say where they land
  n/a   peoples-drift-apart     0 incidents between peoples; too few to split the run around
  n/a   peace-within-bands      only 0 blows here; too few to say where they land
  n/a   children-are-not-struck only 0 blows here; too few to say
  n/a   the-struck-respond      only 0 second blows here; too few to say
  n/a   wrongs-reach-the-chief  only 0 debts run up; too few to say
  n/a   upbringing-follows-culturefewer than two peoples saw 15 wrongs by their children abroad, with regard for strangers 0.15 apart
  n/a   the-watched-intervene   only 0 property deeds were seen by their owners; too few to say
  n/a   captives-are-taken      only 0 blows between peoples; no quarrel long enough
  n/a   bodies-are-found        only 1 deaths here; too few to say
  n/a   murders-are-solved      only 0 killings here; too few to say
  PASS  world-has-land          grass=4795 forest=3161 water=5366
  n/a   perf-budget             374 steps/s with 40 people at the peak (floor 1,351); judged only when a scenario runs alone
  PASS  herds-follow-the-grass  9,482 grazer samples, 36% of them on poor grass, against 22% of the meadow and the wood being poor
  PASS  predators-hunt          43 grazers pulled down (30 by wolves, 10 by bears, 3 by lynxes); 10 people bitten
  PASS  fire-keeps-wolves-off   0 of 6064 hunter samples inside a circle of firelight, where chance alone would put 150.1 (11 turned back)
  n/a   a-hunted-out-land-stays-emptythis land was not hunted out
  PASS  slopes-slow             343,950 uphill steps cover 90.5% of the distance asked, 285,863 downhill 103.4%, 43,220 flat 100%
  n/a   hills-see-farther       0 sightings of strangers in this run; too few to say

==============================================================================
5/133 CHECKS FAILED: people-act-on-what-they-know, cravings-steer-the-diet, moods-move-choices, gossip-is-aimed, discovery-is-situated


WORLD HEALTH REPORT  -  scenario "labour"  seed "foreman"
==============================================================================
12000 steps in 29496ms  (407 steps/s)

POPULATION OVER TIME
  step    day   alive  hunger  thirst  tired   cold   lonely  health  food   bare  store  trees  grown  fruit  kids  wed  age   oob  
  0       5     29     0.0     0.0     0.0     0.0    0.0     100.0   1662   172   0      1136   1008   0      9     18   19    0    
  1200    10    29     20.8    13.8    2.1     0.0    23.2    100.0   1178   258   0      1027   874    114    9     18   19    0    
  2400    15    29     23.8    17.4    1.7     0.0    21.6    100.0   2148   138   10     1027   878    675    9     18   19    0    
  3600    20    35     36.8    15.7    9.0     0.0    38.8    99.0    1521   233   12     1026   877    982    15    18   16    0    
  4800    25    36     44.9    15.1    24.5    0.3    47.4    94.7    2594   148   21     1024   875    1969   16    18   16    0    
  6000    30    36     39.9    12.6    28.0    17.6   37.6    95.9    1605   261   22     1023   876    0      17    16   15    0    
  7200    35    36     43.8    18.0    27.5    64.4   51.2    94.2    1585   268   24     1023   876    0      17    16   15    0    
  8400    40    32     60.5    20.6    32.5    100.0  75.0    78.2    920    316   22     1023   876    0      17    8    14    0    
  9600    45    25     62.7    28.9    25.7    100.0  83.0    55.3    1501   180   24     1033   877    0      17    0    10    0    
  10800   50    14     63.8    36.8    24.8    92.1   95.4    49.7    953    256   24     1050   879    114    9     0    11    0    
  12000   55    10     43.0    20.6    30.1    69.1   100.0   69.9    2171   137   29     1050   879    708    5     0    15    0    

EVENTS
  path_expanded           462268
  malnutrition_samples    310642
  step_slope_up           169485
  step_slope_up_ratio     153396.76140048163
  walk_tick               148780
  step_slope_down_ratio   139321.5656852004
  remembered_node_candidate135600
  step_slope_down         134694
  place_memory_age_sum_band_1110870.7799339402
  cold_damage_ticks       98529
  intruder_sighted        83714
  malnutrition_sum        76179.59788692498
  water_memory_candidate  70582
  food_accessible_at_think70041
  nursing_hunger_relief   69800
  nursing_thirst_relief   69800
  water_visible_candidate 66836
  place_memory_age_sum_band_066520.97489668737
  craving_protein_search  52879
  craving_protein_reachable45550
  path_denied_cooldown    33271
  walk_arrived            31069
  path_found              29092
  fled_from_dread_considered24681
  step_slope_flat_ratio   22929.746521447607
  step_slope_flat         22899
  rest                    22612
  place_memory_samples_band_122177
  witnessed               19335
  place_memory_samples_band_019294
  sleeping_open           16535
  make_peace_offered      15044
  diet_nutrition_total    14877
  hungry_at_work_sleep    13975
  hungry_at_work_rest     13833
  woke_hungry             13416
  rest_ended_hungry       13385
  remembered_node_target  13363
  yield_obs_yield_forage_sum11155.843366767009
  relocation_food_nodes   8252
  security_intruder_seen  8217
  action_target_knowledge_checked7855
  action_target_knowledge_known7855
  security_as_witness     7511
  craving_protein_outside_reach5011
  craving_protein_masked_by_reachable_food4738
  craving_protein_override_selected4738
  action_target_knowledge_visible_forage4639
  relocation_food_depleted4411
  grazer_samples          4270
  step_blocked            4116
  shared_resource_depletion_seen3629
  mood_belonging_sum      3527.8632439492253
  fruit_thirst_relief     3452.733119313157
  drink                   3410
  belief_seen_eat_berries 3007
  hunter_samples          3000
  intruder_sighted_beyond_base2464
  poison_ticks            2447
  place_exploration_fraction_band_12433.3984375
  step_slide              2329
  craving_protein_absent  2318
  action_target_knowledge_visible_pick2301
  hungry_at_work_nurse    2258
  yield_obs_yield_fish_sum2022.9059637927987
  cold_damage_sum         2001.5364352073375
  place_exploration_fraction_band_01947.763671875
  hydrating_food_candidate1730
  diet_nutrition_protein  1620
  mood_comfort_sum        1487.7125566484135
  mood_samples            1426
  macro_samples           1426
  macro_exertion_sum      1412.2854580352866
  elite_larder_preferred  1387
  romp_cold               1230
  grazer_samples_on_poor  1219
  macro_carb_sum          1027.589672748776
  hungry_at_work_romp     1023
  hungry_at_work_warn     1021
  eat                     1012
  defend_territory_chosen 996
  bring_food_cold         957
  romp_hungry             910
  hungry_at_work_give     899
  pushed_on_hunger_give   898
  belief_seen_eat_pear    891
  warned_hungry           885
  worked_alongside        795
  eat_craving_protein     741
  nursing_sessions        698
  belief_seen_eat_fish    638
  yield_obs_yield_forage_n595
  ate_berries             582
  eaten_berries           582
  food_absent_in_search_at_think575
  food_blocked_by_reach_at_think571
  food_reach_fallback_at_think571
  security_as_victim      560
  dread_as_victim         560
  household_feud_started  559
  event_threaten          552
  warned_off              550
  drink_finished          526
  cry_interrupted         520
  harvest_berries         500
  action_target_knowledge_visible_drink490
  hungry_at_work_hunt     474
  pushed_on_hunger_hunt   474
  belief_seen_eat_plum    454
  stale_memory_resource_empty426
  abandoned_remembered_wrong426
  belief_seen_eat_apple   408
  hungry_at_work_bring_food394
  animal_alarmed          342
  route_arrived           336
  pushed_on_cold_propose  333
  hungry_at_work_propose  331
  proposed_hungry         331
  hungry_at_work_talk     274
  hurt_person_days        270
  amends_offered          266
  water_exploration_no_frontier254
  belief_told             251
  yield_obs_yield_fish_n  246
  work_ended_node_empty   240
  rest_ended_baby_crying  232
  woke_baby_crying        217
  macro_protein_sum       199.23084048121015
  macro_fat_sum           199.1794867700167
  action_target_from_memory_forage199
  talked_hungry           199
  eat_calm_protein        198
  event_share_food        197
  gift_given              197
  body_found              183
  action_target_knowledge_visible_chop173
  water_place_told        168
  ate_pear                164
  eaten_pear              164
  picked_pear             164
  sought_out_chief_propose151
  romp_together           149
  abandoned_no_fruit      143
  tree_died_old           140
  abandoned_no_food       138
  water_exploration_offered136
  water_exploration_offered_child136
  ate_at_source           133
  work_ended_tree_bare    130
  peace_offered           120
  conversation            114
  action_target_knowledge_visible_hunt112
  talked_cold             107
  starving_fed            103
  action_target_knowledge_remembered_forage102
  work_ended_hands_full   101
  settled_over_work       98
  hungry_at_work_patrol   91
  ate_fish                90
  eaten_fish              90
  risky_meals_fish        90
  harvest_fish            89
  sought_out_chief_talk   89
  sparred                 88
  belief_seen_sick        83
  ate_apple               83
  eaten_apple             83
  picked_apple            83
  stored                  77
  starving_fed_remembered 77
  work_ended_cold         77
  would_spoil_berries     76
  relocation_scarcity_days76
  explore_ended_cold      76
  rumor_spread            73
  picked_plum             70
  ate_plum                69
  eaten_plum              69
  security_by_hearsay     68
  wet_nursing_sessions    61
  meadow_poor_share_samples60
  woke_thirsty            57
  belief_seen_eat_toxic_berries55
  tree_seeded             54
  eat_calm_protein_rich   51
  food_stored_own         48
  withdrawn               48
  faction_days            47
  hungry_at_work_pick     46
  pushed_on_hunger_pick   46
  set_upon_flee           44
  hand_capacity_blocked   43
  conversation_interests  43
  sought_out_chief_feed   42
  harvest_sticks          41
  relocation_votes_yes    41
  relocation_votes_total  41
  hungry_at_work_forage   40
  pushed_on_hunger_forage 40
  attack_route_territory  39
  action_target_knowledge_remembered_drink38
  yield_obs_yield_hunt_n  37
  romp_away_from_family   33
  conversation_chat       33
  eat_craving_protein_rich32
  rest_ended_thirsty      32
  warned_cold             32
  belief_seen_eat_hazelnut31
  would_spoil_fish        29
  work_ended_baby_crying  29
  food_place_told         27
  death_settled           27
  corpse_left             27
  conversation_deep       25
  corpse_first_found      24
  materials_delivered     22
  reflected               22
  animal_born             21
  abandoned_hands_full    21
  site_placed             20
  job_assigned            20
  sought_out_chief_spar   20
  prey_killed_by_predator 19
  animal_predated         19
  guard_warned_off        19
  dropped                 19
  warned_baby_crying      18
  death_starvation        17
  belief_seen_yield_forage16
  site_abandoned          16
  remembered_empty_walk   16
  child_watched           15
  carry_overflow_dropped  14
  harvest_reeds           13
  ate_toxic_berries       13
  eaten_toxic_berries     13
  ate_toxic_unwise        13
  risky_meals_toxic_berries13
  band_planned_windbreak  13
  conversation_greet      13
  remains_found           13
  haul_units_band_0       12
  raid_nothing_in_reach   12
  prey_killed_by_wolf     12
  conceived_plant_lore    12
  inherited_goods         12
  yield_obs_yield_pick_n  11
  animal_entered_by_edge  11
  patrol_rounds           11
  picked_hazelnut         11
  ate_hazelnut            11
  eaten_hazelnut          11
  meadow_poor_share_sum   10.471452082542095
  child_taught            10
  child_taught_by_parent  10
  event_teach             10
  haul_units_band_1       10
  sought_out_chief_ask    10
  belief_seen_yield_fish  10
  interrupted_give_baby_crying10
  attack_route_revenge    10
  death_exposure          10
  marriage                9
  founding_households     9
  baby_picked_up          9
  ask_taught              9
  poisoning_passed        9
  succession              9
  yield_obs_yield_pick_sum8.588957055214724
  conception              8
  project_request_refused 8
  harvest_flint           8
  observed_division_of_labour8
  poisoned_toxic_berries  8
  spark_plant_lore_0      8
  birth                   8
  widowed_by_seeing       8
  job_refused             7
  poisoned_fish           7
  poison_grade_mild       7
  observed_chiefdom       7
  romp_alone              7
  blow_landed             7
  event_assault           7
  project_backer_added    6
  chief_chosen            6
  raid_for_need_nowhere   6
  poison_grade_severe     6
  proposed_baby_crying    6
  relocation_proposed     6
  relocation_approved     6
  camps_moved             6
  taught_division_of_labour5
  haul_trip_band_0        5
  taught_chiefdom         5
  prey_killed_by_bear     5
  herd_entered_by_edge    5
  ask_refused             4
  asked_would_not_teach   4
  talked_baby_crying      4
  hunt_ended_baby_crying  4
  orphan_carried          4
  picked_up               4
  pickup_ordered          4
  npc_pickup              4
  interrupted_teach_baby_crying3
  haul_trip_band_1        3
  raid_proposed           3
  raid_approved           3
  raid_never_raised       3
  spark_plant_lore_1      3
  household_extinct       3
  teaching_failed         2
  ask_taught_nothing      2
  asked_learned_nothing   2
  poison_grade_moderate   2
  work_ended_thirsty      2
  prey_killed_by_lynx     2
  building_completed      2
  completed_storage_pit   2
  blow_repeat             2
  harm_child_threaten     2
  threaten_refused        2
  debt_incurred_threaten  2
  threatened_refused_demand2
  interrupted_ask_away_from_family1
  belief_seen_yield_pick  1
  spark_plant_lore_2      1
  abandoned_nothing_to_tell1
  patrol_baby_crying      1
  abandoned_partner_unwilling1
  hunt_ended_hungry       1
  work_ended_hungry       1
  talked_away_from_family 1
  conceived_tracking      1
  spark_tracking_0        1
  set_upon_under_attack   1
  wound_days_untended     1
  talked_thirsty          1
  conceived_firemaking    1
  spark_firemaking_0      1
  interrupted_give_hungry 1
  event_theft             1
  property_used_unseen    1
  abandoned_target_gone   1
  band_planned_mud_hut    1
  hunter_samples_expected_in_firelight0
  would_spoil_plum        0
  would_spoil_toxic_berries0
  would_spoil_pear        0
  spoilage_prevented      0
  yield_obs_yield_hunt_sum0
  would_spoil_apple       0
  mood_purpose_sum        -7236.088315197835
  mood_security_sum       -94274.36321176702

ACTIONS (summed over samples)
  idle                    93619
  go_home                 51854
  forage                  34524
  rest                    22612
  flee                    20790
  pick                    19166
  sleep                   16535
  drink                   15659
  warn                    14129
  romp                    13626
  talk                    8705
  give                    6896
  spar                    5839
  nurse                   4970
  gather                  2935
  take                    1921
  ask                     1706
  store                   1641
  propose                 1549
  patrol                  1492
  build                   867
  chop                    850
  make_peace              743
  hunt                    525
  eat                     474
  reflect                 443
  attack                  396
  pickup                  298
  bring_food              277
  haul                    228
  teach                   203
  sabotage                145
  threaten                56
  praise                  29
  steal                   15
  wander                  4
  carry_baby              3

KNOWLEDGE
  era: Lower Palaeolithic  ·  4 things known to somebody  ·  0 can make fire

BANDS
  2 chiefs  ·  0 outcast  ·  0 exiled  ·  0 orders obeyed, 0 refused

BUILDINGS
  2 of 4 finished  ·  29 items in store

RELATIONSHIPS
  1206 edges across 37 people  ·  413 warm  ·  731 hostile
  Narar band            theft tolerance 1.24   murder 1.01
  Ithur band            theft tolerance 0.69   murder 1.03

TERRAIN
  water=5936  beach=1093  grass=4010  forest=3889  hills=1139  rock=317

TRAVEL
  29092 routes found  ·  15.9 mean / 247 worst expansions  ·  2424.3 searches per 1,000 ticks
  route_arrived=336  walk_blocked=0  abandoned_cannot_reach=0
  everything that walks: step_blocked=4116  ·  axis_null=0  ·  slides=2329
  people only: 0 stuck of 148780 walk ticks (0.0 per 1,000)  ·  denied: cooldown=33271 budget=0
  recoveries=0 (0 found a route)

CHECKS
  PASS  regions-stay-true       9 independently recomputed landmasses; 0 incorrectly labelled tiles and 0 incorrect region sizes
  PASS  hands-limit-loads       0 post-transfer states remained above the hands and fitted-container limit; 43 collection attempts hit a hand limit
  n/a   containers-carry-more   run the porters scenario to compare fitted containers with bare hands
  PASS  people-act-on-what-they-know7855/7855 forage, pick, drink, hunt and chop targets visible or remembered
  n/a   word-of-food-travels    measured in food-news, where the rumour supplies the only food
  PASS  stale-memories-cost     426 trips reached a remembered resource that was exhausted
  PASS  the-map-grows           7.9% → 14.5% mean explored (must grow and remain below 99%)
  n/a   kin-are-defended        0 attacks on children with adult witnesses (need 10)
  n/a   the-young-run-to-their-own0 attacked children fled (need 10)
  FAIL  cravings-steer-the-diet 4.3% rich-protein meals while craving vs 25.8% while calm (need 1.3x)
  FAIL  nights-are-slept        32.3% of 3046 adult samples in full night sleeping or resting (need 55%)
  PASS  nights-are-spent-at-home96.6% of 3046 adult night samples within 15 tiles of an anchor (need 70%)
  PASS  moods-move-choices      2.3% talk in low-belonging tercile vs 2.2% in high (3167 samples each; low must be higher)
  PASS  children-keep-close     93.4% of 3648 child samples within radius + 3 of either living parent (need 75%; designated carer=92.1%; top actions: go_home=1130, romp=672, rest=304, forage=284, sleep=268)
  PASS  no-nan                  worst sample had 0 non-finite fields
  PASS  people-in-bounds        worst sample had 0 people outside a 128x128 world
  PASS  people-on-land          worst sample had 0 people standing in water or on rock
  FAIL  people-survive          10/29 alive at step 12000 (need 20 over 50 days)
  PASS  deaths-explained        starvation=17 settled=27 exposure=10
  PASS  nobody-stalls-under-orders0 people stalled under order for a full day; 0 gave up walking, 0 of those under order
  PASS  walkers-do-not-grind    0 of 148,780 walking ticks made no real progress (0.0 per 1,000; wanted under 5)
  PASS  paths-are-found         200 pairs sampled on the largest region, every one found — mean 579.2 / worst 2548 expansions; 0 gave up mid-play
  PASS  nobody-walled-in        10 checked; 0 cut off from water, 0 cut off from food in their own region
  PASS  people-drink            drink=3410
  PASS  drinking-is-paced       526 drinks finished over 1414 person-days (0.37 each per day; wanted some, and fewer than 4)
  PASS  food-work-continues     86 ticks of food-gathering continued through hunger that would otherwise have stopped it (474 hunting)
  PASS  people-harvest          berries=500 meat=0 wood=0 flint=8
  PASS  people-eat              eat=1012
  PASS  ai-uses-many-actions    37 distinct actions observed: idle=93619 go_home=51854 forage=34524 rest=22612 flee=20790 pick=19166 sleep=16535 drink=15659 warn=14129 romp=13626 talk=8705 give=6896 spar=5839 nurse=4970 gather=2935 take=1921 ask=1706 store=1641 propose=1549 patrol=1492 build=867 chop=850 make_peace=743 hunt=525 eat=474 reflect=443 attack=396 pickup=298 bring_food=277 haul=228 teach=203 sabotage=145 threaten=56 praise=29 steal=15 wander=4 carry_baby=3
  FAIL  needs-not-pinned        final avgHunger=43.0 avgThirst=20.6 avgCold=69.1 avgCompany=100.0
  PASS  health-holds-up         final avgHealth=69.9 (floor is 60)
  PASS  events-witnessed        deeds=767 witnessed=19335 unwitnessed=0
  PASS  people-talk             conversations=114
  FAIL  gossip-is-aimed         0 slanders and 0 praises over 114 conversations
  PASS  rumor-propagates        stories passed on=73
  n/a   opinions-diverge        measured after a witnessed assault in conflicts. 1206 relationships across 37 people: 413 warm, 731 hostile
  PASS  materials-delivered     delivered=22 sites=4 finished=2
  PASS  building-starts-small   4 projects measured; 0 exceeded sponsor + backers + ordered workers
  PASS  projects-find-backers   2/2 completed AI-planned projects had a backer (need 70%)
  FAIL  shelter-answers-cold    ticks spent sheltering=0 final avgCold=69.1
  PASS  work-runs-in-stretches  node_empty=240 hands_full=101 baby_crying=29 thirsty=2 tree_bare=130 hungry=1 cold=77
  PASS  foraging-bites          most bushes stripped at once: 316; wild food went from 1662 to 2171
  n/a   generations-turn-over   run covers only 50 days; too short to say
  PASS  forest-is-used          0 trees felled, 0 timber cut, 332 fruit picked
  PASS  fruit-comes-and-goes-with-the-seasonworst sample had 0 fruit hanging out of season; most windfall seen at once was 13929 across 4 seasons
  PASS  forest-persists         stand went from 1136 to 1050 (879 grown, 76 seedlings); 54 seeded, 140 died of age
  PASS  bands-have-chiefs       2 chiefs for 10 people; 6 changes of leadership
  PASS  bands-decide-to-build   14 sites marked out by bands themselves (player placed none)
  n/a   camps-move-when-the-land-failsmeasured in the lean survival scenario
  PASS  jobs-bias-work          holders spent 8.9% of their time on their own job's work; everyone else spent 3.1% of theirs on that same work
  n/a   rebellion-is-rare-but-happensrun covers only 50 days; too short for rebellion to be expected or ruled out
  n/a   raids-are-organised     weighed 3 times and never once raised a party; no fighting party could be assembled in this world
  n/a   knowledge-is-found      run covers under a year; too short to work anything out
  PASS  knowledge-is-passed-on  10 taught deliberately, 15 picked up by watching; 2 lessons that did not take
  PASS  children-are-taught     10 of 10 lessons went to a child, 10 of those from a parent
  PASS  ideas-are-conceived     14 ideas conceived (0.40 per person-year; wanted some, and fewer than 3)
  PASS  sparks-are-various      5 routes into 3 technologies: plant_lore tracking firemaking
  n/a   ideas-become-tech       run covers under a year; 14 conceived, too soon to prove any
  n/a   the-tree-is-climbed     run covers under a year; too soon to get past the root technologies
  n/a   research-is-social      nobody made a breakthrough at all in this run
  n/a   trials-accumulate       nothing was proven, so nothing was tried more than once
  n/a   techs-are-refined       nothing was proven, so nothing could be improved
  n/a   records-are-cut         nobody in this world can write
  n/a   crafting-is-interruptibletoo few crafting attempts to tell (0 made, 0 interrupted)
  n/a   food-spoils             spoilage is switched off in this scenario
  n/a   stores-keep-food-better-than-packsspoilage is switched off in this scenario
  n/a   pictures-are-painted    nobody here knows how to burn earth red
  n/a   music-answers-lonelinessnobody here can make a flute
  n/a   beer-answers-loneliness nobody here knows how to brew
  n/a   the-temple-gathers      no band had a chief with redistribution and a granary
  n/a   the-ledger-remembers    no temple kept by a chief who keeps accounts
  n/a   taxes-reach-the-temple  no temple kept by a chief who knows how to tax
  n/a   the-law-is-the-same-for-allno chief who judges by the law heard a case of their own people
  n/a   soldiers-are-kept       no temple kept by a chief who knows a standing army
  n/a   kings-reign-for-life    nobody here knows kingship
  n/a   civilisation-is-derived no band holds the six things a civilisation is
  n/a   governments-declare-war-and-peaceno government declared anything in this run
  n/a   the-beaten-pay-tribute  no people submitted to another in this run
  n/a   serfs-are-owned         no governed people took an adult captive in this run
  n/a   feasts-gather-the-band  nobody here knows how to brew
  n/a   the-hurt-are-tended     nobody here knows a herb from a weed
  n/a   wounds-fester-untended  1 untended and 0 dressed wound-days; too few to compare (need 60 of each)
  PASS  raw-meat-sickens        7 illnesses after 90 raw meals; none after anything cooked
  PASS  the-wise-avoid-baneberries13 baneberry meals by people without plant lore (8 fell ill), 0 by people who had it
  n/a   animals-are-tamed       nobody here would think of feeding one
  n/a   heads-direct-work       too few orders on rank to tell (0 obeyed, 0 refused)
  n/a   kills-are-butchered-for-bonenobody alive knows what to do with a carcass
  n/a   crafts-happen-at-stations5 station designs exist and no band finished one in this run
  n/a   the-hearth-warms        nobody was cold within range of a finished hearth
  n/a   roast-wins              nobody alive knows cooking
  n/a   cooking-spreads         scenario did not found anyone knowing cooking
  n/a   pots-reach-a-granary    nobody alive knows how to fire clay
  PASS  discovery-is-situated   every one of 14 ideas came by a named route; 1 of them into the technologies cold suggests
  PASS  population-bounded      peak population 36
  PASS  spatial-hash-spreads    largest bucket holds 3 of 10 items across 5 cells
  PASS  animals-move            mean drift 11.7 tiles/day (floor is 2)
  PASS  animals-flee            289 bolts opened the distance, 72 did not
  n/a   hunts-succeed-and-fail  too few strikes to tell (0 kills, 0 misses)
  n/a   people-eat-meat         no meat entered the world in this run
  PASS  fish-are-caught         89 fish taken; 1012 meals eaten
  n/a   bands-set-traps         nobody in this world knows how to set a trap
  n/a   fields-are-sown-and-reapednobody in this world knows how to farm
  n/a   soil-is-drawn-down      no harvest was taken off any ground in this run
  n/a   compost-answers-exhaustionnobody in this world knows how to compost
  n/a   traps-catch             no trap was finished in this run
  n/a   herds-breed-and-are-cullednobody in this world knows how to keep a pen
  n/a   wells-are-drawn-from    nobody in this world knows how to sink a well
  n/a   milk-is-drawn-and-drunk no milk was ever bred in this run
  n/a   wool-is-sheared-and-wovenno wool was ever bred in this run
  PASS  bands-dont-overbuild    band0=1 band1=1; 0 over the ceiling, 0 holding empty stores
  PASS  families-exist          4 households of more than one; 9 people with family
  PASS  sleep-restores          452 sleeps begun, fatigue fell on 4989 ticks of them
  n/a   kin-outrank-strangers   not all three kinds of tie have 10+ pairs here: household=n/a band=38.4 outsider=-52.6 outsider-unrelated=-52.6 · band-pairs=1 friendliest=0.0 hostile=-100.0
  n/a   bands-take-sides        run covers only 50 days; too short for standing to have spread (1 pairs, spread so far 100.0)
  n/a   violence-concentrates   only 7 blows between peoples here; too few to say where they land
  FAIL  peoples-drift-apart     peoples stood 12.6 tiles apart before half the 559 incidents, 10.5 after
  n/a   peace-within-bands      only 7 blows here; too few to say where they land
  n/a   children-are-not-struck only 7 blows here; too few to say
  n/a   the-struck-respond      only 2 second blows here; too few to say
  n/a   wrongs-reach-the-chief  only 2 debts run up; too few to say
  n/a   upbringing-follows-culturefewer than two peoples saw 15 wrongs by their children abroad, with regard for strangers 0.15 apart
  n/a   the-watched-intervene   only 0 property deeds were seen by their owners; too few to say
  n/a   captives-are-taken      only 7 blows between peoples; no quarrel long enough
  PASS  bodies-are-found        24 of 27 bodies found by somebody (183 findings of somebody known, 13 of remains past knowing)
  n/a   murders-are-solved      only 0 killings here; too few to say
  PASS  world-has-land          grass=4010 forest=3889 water=5936
  n/a   perf-budget             407 steps/s with 36 people at the peak (floor 1,479); judged only when a scenario runs alone
  PASS  herds-follow-the-grass  4,270 grazer samples, 29% of them on poor grass, against 17% of the meadow and the wood being poor
  PASS  predators-hunt          19 grazers pulled down (12 by wolves, 5 by bears, 2 by lynxes); 0 people bitten
  n/a   fire-keeps-wolves-off   3000 hunter samples with 0.0 expected inside a circle of firelight; too few to say
  n/a   a-hunted-out-land-stays-emptythis land was not hunted out
  PASS  slopes-slow             169,485 uphill steps cover 90.5% of the distance asked, 134,694 downhill 103.4%, 22,899 flat 100%
  PASS  hills-see-farther       2464 of 83,714 sightings were from further off than the bare radius of 12 tiles

==============================================================================
7/133 CHECKS FAILED: cravings-steer-the-diet, nights-are-slept, people-survive, needs-not-pinned, gossip-is-aimed, shelter-answers-cold, peoples-drift-apart


WORLD HEALTH REPORT  -  scenario "polity"  seed "ziggurat"
==============================================================================
24000 steps in 70313ms  (341 steps/s)

POPULATION OVER TIME
  step    day   alive  hunger  thirst  tired   cold   lonely  health  food   bare  store  trees  grown  fruit  kids  wed  age   oob  
  0       5     29     0.0     0.0     0.0     0.0    0.0     100.0   1467   196   0      929    821    0      11    18   18    0    
  2400    15    29     16.9    15.0    3.4     0.0    25.4    100.0   1933   153   119    844    718    619    11    18   18    0    
  4800    25    36     19.3    11.8    6.8     0.0    21.8    99.7    2217   165   257    843    719    1433   18    18   15    0    
  7200    35    38     19.3    15.2    4.4     2.3    21.3    99.5    1428   284   363    842    720    0      20    18   14    0    
  9600    45    38     25.1    14.9    4.8     1.6    33.7    98.7    1219   225   257    846    720    0      20    18   14    0    
  12000   55    40     22.8    15.3    5.5     0.4    28.0    99.0    1924   152   220    872    720    627    22    18   14    0    
  14400   65    44     25.2    16.8    6.1     0.0    27.0    95.8    2245   172   341    871    721    1421   26    18   13    0    
  16800   75    45     22.7    11.9    7.9     1.5    19.6    96.8    1449   280   370    870    722    0      27    18   13    0    
  19200   85    47     31.8    15.4    16.3    0.0    29.5    98.2    1185   237   353    880    722    0      29    18   12    0    
  21600   95    50     28.6    14.8    15.3    0.0    32.4    96.7    1870   156   375    902    723    613    32    18   12    0    
  24000   105   52     19.5    11.9    5.7     0.0    25.7    98.9    2210   172   438    901    723    1368   34    18   12    0    

EVENTS
  malnutrition_samples    962347
  path_expanded           650437
  place_memory_age_sum_band_1484681.64771943784
  walk_tick               332115
  step_slope_up           327377
  nursing_hunger_relief   314900
  nursing_thirst_relief   314900
  place_memory_age_sum_band_0314429.32632251026
  step_slope_up_ratio     296298.5275979243
  step_slope_down_ratio   269747.1395132228
  step_slope_down         260745
  malnutrition_sum        183148.41086557074
  remembered_node_candidate180689
  water_memory_candidate  127599
  food_accessible_at_think125255
  water_visible_candidate 124606
  walk_arrived            123205
  path_denied_cooldown    91702
  path_found              64223
  yield_obs_yield_forage_sum56423.11710618963
  sleeping                55762
  craving_protein_search  54286
  diet_nutrition_total    53139
  place_memory_samples_band_045882
  place_memory_samples_band_144136
  rest                    43846
  step_slope_flat_ratio   42731.745775467134
  step_slope_flat         42674
  craving_protein_reachable39937
  yield_obs_yield_fish_sum35839.46036447842
  mood_belonging_sum      32007.196913412045
  action_target_knowledge_checked28688
  action_target_knowledge_known28671
  remembered_node_target  23445
  action_target_knowledge_visible_forage20626
  elite_larder_preferred  20187
  diet_nutrition_protein  18558
  shared_resource_depletion_seen17563
  relocation_food_nodes   14100
  sleeping_open           12898
  belief_seen_eat_berries 12043
  hungry_at_work_sleep    11862
  poison_ticks            11237
  witnessed               10979
  woke_hungry             10590
  craving_protein_absent  9009
  drink                   8874
  hungry_at_work_rest     8693
  fruit_thirst_relief     8451.600421014398
  rest_ended_hungry       8294
  relocation_food_depleted7792
  belief_seen_eat_fish    7655
  grazer_samples          6965
  remembered_bush_out_of_season6185
  hunter_samples          5774
  abandoned_hands_full    5489
  craving_protein_outside_reach5340
  place_exploration_fraction_band_15191.947265625
  food_blocked_by_reach_at_think4805
  food_reach_fallback_at_think4805
  place_exploration_fraction_band_04550.7548828125
  hydrating_food_candidate4473
  mood_samples            4068
  macro_samples           4068
  craving_protein_masked_by_reachable_food4061
  craving_protein_override_selected4061
  mood_security_sum       4017.558783616208
  macro_exertion_sum      3774.1336273647144
  eat                     3417
  stale_memory_resource_empty3316
  abandoned_remembered_wrong3316
  action_target_knowledge_visible_pick3166
  nursing_sessions        3149
  hungry_at_work_nurse    3048
  hungry_at_work_romp     2996
  worked_alongside        2900
  step_blocked            2840
  romp_hungry             2615
  food_absent_in_search_at_think2562
  macro_carb_sum          2356.111845661545
  grazer_samples_on_poor  2136
  yield_obs_yield_forage_n1955
  action_target_knowledge_visible_chop1891
  ate_berries             1864
  eaten_berries           1864
  cry_interrupted         1739
  eat_calm_protein        1658
  work_ended_node_empty   1646
  yield_obs_yield_fish_n  1558
  water_exploration_no_frontier1555
  action_target_from_memory_forage1548
  hungry_at_work_teach    1527
  belief_seen_eat_pear    1489
  eat_craving_protein     1408
  stored                  1399
  harvest_berries         1358
  drink_finished          1351
  action_target_knowledge_visible_drink1319
  action_target_knowledge_visible_hunt1260
  yield_obs_yield_hunt_sum1233.47841223695
  interrupted_teach_thirsty1163
  step_slide              1122
  feast_considered        1089
  sought_out_chief_talk   1024
  ate_fish                976
  eaten_fish              976
  risky_meals_fish        976
  food_stored_own         948
  food_stored_temple      945
  contribution_recorded   945
  macro_protein_sum       944.4406106158136
  ate_cooking_fish        938
  sought_out_chief_attend 908
  mood_comfort_sum        887.9668534991889
  route_arrived           875
  harvest_fish            873
  romp_together           868
  belief_seen_eat_apple   860
  belief_told             826
  remembered_empty_walk   782
  belief_seen_eat_hazelnut776
  macro_fat_sum           767.4475437226178
  withdrawn               763
  shared_a_roof           749
  eat_calm_protein_rich   729
  work_ended_hands_full   718
  belief_seen_sick        699
  belief_seen_eat_plum    687
  hungry_at_work_hunt     681
  pushed_on_hunger_hunt   681
  animal_alarmed          627
  water_place_told        605
  hand_capacity_blocked   603
  interrupted_teach_hungry571
  would_spoil_berries     567
  conversation            528
  hungry_at_work_talk     525
  event_share_food        523
  gift_given              523
  hungry_at_work_give     510
  pushed_on_hunger_give   507
  would_spoil_fish        475
  tended_ticks            435
  yield_obs_yield_pick_sum415.35874911265006
  interrupted_teach_baby_crying412
  settled_over_work       384
  sheltering              375
  action_target_knowledge_remembered_forage360
  work_ended_baby_crying  338
  belief_seen_eat_meat    335
  toast_listeners         332
  romp_away_from_family   326
  abandoned_no_food       326
  talked_hungry           321
  rest_ended_baby_crying  303
  hungry_at_work_craft    302
  spoilage_prevented      301
  woke_baby_crying        297
  materials_delivered     291
  hunter_samples_expected_in_firelight285.7902081630017
  harvest_sticks          247
  work_ended_tree_bare    233
  picked_up               226
  pickup_ordered          226
  npc_pickup              226
  hungry_at_work_ask      225
  ate_pear                221
  eaten_pear              221
  soldier_fed_from_temple 212
  child_taught            206
  feast_portions          204
  feast_guests            204
  haul_units_band_0       203
  temple_days             200
  king_days               198
  event_teach             197
  picked_pear             197
  conversation_greet      197
  sought_out_chief_spar   195
  eat_craving_protein_rich195
  sought_out_chief_ask    187
  child_taught_by_parent  186
  abandoned_no_fruit      186
  raid_for_need_nowhere   172
  conversation_chat       170
  talked_baby_crying      168
  hearths                 164
  ask_taught              161
  woke_away_from_family   159
  rumor_spread            156
  hungry_at_work_tend     153
  talked_cold             146
  harvest_wild_grain      145
  sparred                 143
  king_reigns_days        140
  hungry_at_work_propose  139
  proposed_hungry         138
  dropped                 131
  ate_plum                128
  eaten_plum              128
  levy_nothing_owed       126
  craft_interrupted       123
  meadow_poor_share_samples120
  ate_apple               120
  eaten_apple             120
  starving_fed_remembered 119
  harvest_meat            117
  interrupted_give_baby_crying115
  reflected               113
  tree_died_old           111
  starving_fed            110
  picked_plum             109
  yield_obs_yield_pick_n  108
  conversation_interests  103
  child_watched           99
  carry_overflow_dropped  96
  job_soldier_days        95
  picked_apple            91
  haul_units_band_1       88
  tree_seeded             87
  hurt_person_days        86
  action_target_from_memory_gather85
  poisoned_fish           84
  poisoning_passed        84
  ate_at_source           81
  interrupted_ask_away_from_family80
  order_obeyed            80
  action_target_from_memory_gather_for_site79
  ask_refused             77
  asked_would_not_teach   77
  interrupted_discuss_baby_crying76
  order_haul_obeyed       74
  feast_attended          70
  picked_hazelnut         69
  ate_hazelnut            69
  eaten_hazelnut          69
  breakthrough_ponder     63
  harvest_reeds           62
  abandoned_lack_materials62
  interrupted_ask_cold    62
  ponder_nothing          62
  thought_nothing_came_of_it62
  work_ended_hungry       61
  teaching_failed         60
  conversation_deep       58
  belief_seen_eat_toxic_berries58
  haul_trip_band_0        55
  hungry_at_work_bring_food54
  crafted_rope            52
  order_refused           52
  order_haul_refused      51
  wood_cut                51
  yield_obs_yield_hunt_n  48
  abandoned_nowhere_to_write46
  order_refused_by_rank   46
  abandoned_nothing_to_haul45
  poison_grade_mild       44
  prey_killed_by_predator 44
  animal_predated         44
  water_exploration_offered44
  water_exploration_offered_child44
  territory_cell_claimed  43
  food_place_told         41
  interrupted_ask_hungry  40
  predator_kept_off_by_fire38
  action_target_knowledge_remembered_drink37
  ask_taught_nothing      35
  asked_learned_nothing   35
  prey_killed_by_wolf     34
  rest_ended_away_from_family34
  animal_born             34
  hungry_at_work_inscribe 33
  poison_grade_moderate   33
  ate_meat                33
  ate_cooking_meat        33
  eaten_meat              33
  risky_meals_meat        33
  site_placed             32
  order_obeyed_by_rank    30
  crafted_beer            28
  conception              27
  harvest_flint           26
  inscribed_stone         26
  haul_trip_band_1        26
  toasted                 26
  observed_firemaking     25
  taught_cooking          24
  site_abandoned          24
  birth                   24
  baby_picked_up          24
  project_backer_added    23
  proposed_baby_crying    23
  meadow_poor_share_sum   20.221226927252992
  hungry_at_work_forage   20
  relocation_scarcity_days20
  raid_nothing_in_reach   19
  war_days                19
  work_ended_away_from_family19
  pushed_on_hunger_forage 18
  band_planned_mud_hut    18
  sought_out_chief_teach  18
  project_request_refused 17
  observed_cordage        17
  discuss_nothing         17
  talked_nothing_came_of_it17
  sought_out_chief_discuss17
  action_target_knowledge_unknown17
  action_target_knowledge_unknown_hunt17
  job_assigned            16
  feast_called            16
  feasts_held             16
  temple_feasts           16
  event_feast             16
  hungry_at_work_pick     16
  pushed_on_hunger_pick   16
  taught_division_of_labour15
  crafted_bundle          15
  belief_seen_yield_forage14
  poison_grade_severe     13
  event_help              13
  taught_pottery          12
  belief_seen_yield_fish  12
  observed_hafting        12
  action_target_knowledge_remembered_hunt12
  taught_chiefdom         11
  taught_redistribution   11
  animal_bit_person       11
  fled_from_animal        11
  sought_out_chief_praise 11
  taught_plant_lore       10
  taught_marking          10
  animal_bit_person_lynx  10
  animal_blow_lynx        10
  taught_grinding         10
  taught_writing          10
  taught_kingship         10
  body_found              10
  marriage                9
  founding_households     9
  romp_alone              9
  prey_killed_by_bear     9
  observed_stoneworking   9
  sought_out_chief_give   9
  hearth_taught           9
  breakthrough_discuss    9
  hunt_lost               9
  abandoned_quarry_escaped9
  taught_taxation         9
  hunt_ended_baby_crying  9
  taught_cordage          8
  talked_away_from_family 8
  taught_hafting          8
  band_planned_windbreak  8
  fled                    8
  taught_clay_tablet      8
  taught_accounting       8
  would_spoil_meat        8
  work_ended_thirsty      7
  crafted_handaxe         7
  taught_stoneworking     7
  event_praise            7
  praise_told             7
  conceived_basketry      7
  taught_farming          7
  taught_brewing          7
  hunt_missed             7
  animal_killed           7
  hunt_killed             7
  levy_ordered            7
  taught_law_code         7
  taught_standing_army    7
  sought_out_chief_propose7
  hungry_at_work_spar     7
  belief_seen_yield_pick  6
  conceived_tracking      6
  spark_tracking_0        6
  animal_entered_by_edge  6
  conceived_herbalism     6
  spark_herbalism_0       6
  order_render_obeyed     6
  levy_obeyed             6
  tax_collected           6
  harvest_clay            6
  observed_tracking       6
  building_completed      5
  observed_plant_lore     5
  conceived_storytelling  5
  tool_equipped_forage    5
  poisoned_meat           5
  prototype_trial_passed  5
  observed_cooking        5
  taught_firemaking       4
  completed_windbreak     4
  observed_farming        4
  ate_toxic_berries       4
  eaten_toxic_berries     4
  risky_meals_toxic_berries4
  tree_felled             4
  observed_brewing        4
  animal_left_by_edge     4
  abandoned_goods_gone    4
  picked_acorn            4
  bring_food_baby_crying  4
  tool_equipped_hunt      4
  belief_seen_eat_beer    4
  abandoned_already_built 3
  animal_bit_person_at_night3
  spark_storytelling_0    3
  observed_marking        3
  spark_basketry_0        3
  conceived_spinning      3
  spark_spinning_0        3
  spark_basketry_1        3
  interrupted_spar_baby_crying3
  observed_law_code       3
  interrupted_ask_thirsty 3
  taught_tracking         3
  observed_standing_army  3
  refined_tracking        3
  chief_chosen            2
  job_refused             2
  abandoned_partner_holding_baby2
  ate_toxic_unwise        2
  herd_entered_by_edge    2
  observed_clay_tablet    2
  abandoned_quarry_gone   2
  reasoned_out_tracking   2
  observed_accounting     2
  prototype_failed        2
  spark_storytelling_2    2
  conceived_ochre         2
  spark_ochre_0           2
  ate_beer                2
  eaten_beer              2
  ate_toxic_wise          2
  harvest_hide            2
  path_denied_budget      2
  hungry_at_work_toast    2
  reasoned_out_herbalism  2
  war_declared            1
  era_advanced            1
  recorded_firemaking     1
  completed_storage_pit   1
  prey_killed_by_lynx     1
  abandoned_project_no_longer_available1
  recorded_cooking        1
  recorded_cordage        1
  observed_chiefdom       1
  peace_made              1
  recorded_hafting        1
  crafted_rope_thatch     1
  recorded_stoneworking   1
  recorded_marking        1
  recorded_plant_lore     1
  recorded_grinding       1
  tool_equipped_chop      1
  observed_grinding       1
  animal_bit_person_bear  1
  animal_blow_bear        1
  poisoned_toxic_berries  1
  conceived_composting    1
  spark_composting_2      1
  recorded_farming        1
  observed_writing        1
  abandoned_tree_gone     1
  herd_left_by_edge       1
  recorded_pottery        1
  recorded_brewing        1
  recorded_division_of_labour1
  order_render_refused    1
  levy_refused            1
  interrupted_give_hungry 1
  wound_days_untended     1
  recorded_chiefdom       1
  proven_tracking         1
  discovered_tracking     1
  abandoned_nothing_to_give1
  spark_basketry_2        1
  animal_starved          1
  animal_starved_out      1
  read_firemaking         1
  recovered_firemaking    1
  abandoned_nothing_new_on_it1
  death_starvation        1
  death_settled           1
  corpse_left             1
  corpse_first_found      1
  path_no_route           1
  wet_nursing_sessions    1
  observed_taxation       1
  abandoned_target_gone   1
  belief_seen_yield_hunt  1
  talked_thirsty          1
  proposed_thirsty        1
  conceived_spear         1
  spark_spear_1           1
  mastered_tracking       1
  bring_food_away_from_family1
  would_spoil_plum        0
  would_spoil_pear        0
  would_spoil_beer        0
  would_spoil_apple       0
  would_spoil_toxic_berries0
  mood_purpose_sum        -33865.618813825065

ACTIONS (summed over samples)
  idle                    221248
  forage                  136990
  sleep                   96376
  romp                    70973
  rest                    59449
  go_home                 58863
  ask                     40964
  talk                    35207
  drink                   28526
  pick                    27845
  ponder                  25861
  nurse                   19297
  craft                   19141
  give                    18209
  inscribe                17065
  teach                   14849
  store                   11234
  gather                  11075
  spar                    10873
  chop                    9218
  take                    6731
  discuss                 6636
  attend                  4214
  haul                    3898
  propose                 3595
  hunt                    2692
  reflect                 2277
  feast                   1897
  eat                     1843
  read                    1790
  pickup                  1383
  build                   1225
  bring_food              1121
  wander                  985
  toast                   802
  tend                    733
  shelter                 467
  flee                    441
  praise                  332
  render                  242
  explore                 10

KNOWLEDGE
  era: Middle Palaeolithic  ·  22 things known to somebody  ·  18 can make fire
  1 advances, 0 relapses

BANDS
  2 chiefs  ·  0 outcast  ·  0 exiled  ·  80 orders obeyed, 52 refused

BUILDINGS
  7 of 10 finished  ·  438 items in store

RELATIONSHIPS
  1018 edges across 53 people  ·  1018 warm  ·  0 hostile
  Fenok band            theft tolerance 1.02   murder 0.71
  Aron band             theft tolerance 1.27   murder 0.80

TERRAIN
  water=5866  beach=1349  grass=4355  forest=3013  hills=1502  rock=299

TRAVEL
  64223 routes found  ·  10.1 mean / 316 worst expansions  ·  2676.0 searches per 1,000 ticks
  route_arrived=875  walk_blocked=0  abandoned_cannot_reach=0
  everything that walks: step_blocked=2840  ·  axis_null=0  ·  slides=1122
  people only: 0 stuck of 332115 walk ticks (0.0 per 1,000)  ·  denied: cooldown=91702 budget=2
  recoveries=0 (0 found a route)

CHECKS
  PASS  regions-stay-true       10 independently recomputed landmasses; 0 incorrectly labelled tiles and 0 incorrect region sizes
  PASS  hands-limit-loads       0 post-transfer states remained above the hands and fitted-container limit; 603 collection attempts hit a hand limit
  n/a   containers-carry-more   run the porters scenario to compare fitted containers with bare hands
  FAIL  people-act-on-what-they-know28671/28688 forage, pick, drink, hunt and chop targets visible or remembered
  n/a   word-of-food-travels    measured in food-news, where the rumour supplies the only food
  PASS  stale-memories-cost     3316 trips reached a remembered resource that was exhausted
  PASS  the-map-grows           7.1% → 9.4% mean explored (must grow and remain below 99%)
  n/a   kin-are-defended        0 attacks on children with adult witnesses (need 10)
  n/a   the-young-run-to-their-own0 attacked children fled (need 10)
  FAIL  cravings-steer-the-diet 13.8% rich-protein meals while craving vs 44.0% while calm (need 1.3x)
  FAIL  nights-are-slept        51.4% of 6858 adult samples in full night sleeping or resting (need 55%)
  PASS  nights-are-spent-at-home89.4% of 6858 adult night samples within 15 tiles of an anchor (need 70%)
  FAIL  moods-move-choices      4.2% talk in low-belonging tercile vs 4.3% in high (7200 samples each; low must be higher)
  PASS  children-keep-close     95.3% of 14954 child samples within radius + 3 of either living parent (need 75%; designated carer=92.6%; top actions: romp=3506, sleep=2576, go_home=2379, ask=1429, forage=1210)
  PASS  no-nan                  worst sample had 0 non-finite fields
  PASS  people-in-bounds        worst sample had 0 people outside a 128x128 world
  PASS  people-on-land          worst sample had 0 people standing in water or on rock
  PASS  population-persists     52 alive after 3 years (peaked at 52, 24 born); need 19 and at least one birth
  PASS  deaths-explained        starvation=1 settled=1
  PASS  nobody-stalls-under-orders0 people stalled under order for a full day; 0 gave up walking, 0 of those under order
  PASS  walkers-do-not-grind    0 of 332,115 walking ticks made no real progress (0.0 per 1,000; wanted under 5)
  PASS  paths-are-found         200 pairs sampled on the largest region, every one found — mean 634.7 / worst 3559 expansions; 0 gave up mid-play
  PASS  nobody-walled-in        52 checked; 0 cut off from water, 0 cut off from food in their own region
  PASS  people-drink            drink=8874
  PASS  drinking-is-paced       1351 drinks finished over 4073 person-days (0.33 each per day; wanted some, and fewer than 4)
  PASS  food-work-continues     34 ticks of food-gathering continued through hunger that would otherwise have stopped it (681 hunting)
  PASS  people-harvest          berries=1358 meat=117 wood=0 flint=26
  PASS  people-eat              eat=3417
  PASS  ai-uses-many-actions    41 distinct actions observed: idle=221248 forage=136990 sleep=96376 romp=70973 rest=59449 go_home=58863 ask=40964 talk=35207 drink=28526 pick=27845 ponder=25861 nurse=19297 craft=19141 give=18209 inscribe=17065 teach=14849 store=11234 gather=11075 spar=10873 chop=9218 take=6731 discuss=6636 attend=4214 haul=3898 propose=3595 hunt=2692 reflect=2277 feast=1897 eat=1843 read=1790 pickup=1383 build=1225 bring_food=1121 wander=985 toast=802 tend=733 shelter=467 flee=441 praise=332 render=242 explore=10
  PASS  needs-not-pinned        final avgHunger=19.5 avgThirst=11.9 avgCold=0.0 avgCompany=25.7
  PASS  health-holds-up         final avgHealth=98.9 (floor is 60)
  PASS  events-witnessed        deeds=756 witnessed=10979 unwitnessed=0
  PASS  people-talk             conversations=528
  PASS  gossip-is-aimed         0 slanders and 7 praises over 528 conversations
  PASS  rumor-propagates        stories passed on=156
  n/a   opinions-diverge        measured after a witnessed assault in conflicts. 1018 relationships across 53 people: 1018 warm, 0 hostile
  PASS  materials-delivered     delivered=291 sites=10 finished=7
  PASS  building-starts-small   9 projects measured; 0 exceeded sponsor + backers + ordered workers
  PASS  projects-find-backers   5/7 completed AI-planned projects had a backer (need 70%)
  n/a   shelter-answers-cold    never got cold (peak avgCold 2.3)
  PASS  work-runs-in-stretches  node_empty=1646 hands_full=718 away_from_family=19 tree_bare=233 thirsty=7 baby_crying=338 hungry=61
  PASS  foraging-bites          most bushes stripped at once: 284; wild food went from 1467 to 2210
  PASS  generations-turn-over   over 2 years: 0 courtships, 9 marriages, 27 conceptions, 24 births, 0 successions
  PASS  forest-is-used          4 trees felled, 51 timber cut, 696 fruit picked
  PASS  fruit-comes-and-goes-with-the-seasonworst sample had 0 fruit hanging out of season; most windfall seen at once was 5358 across 4 seasons
  PASS  forest-persists         stand went from 929 to 901 (723 grown, 98 seedlings); 87 seeded, 111 died of age
  PASS  bands-have-chiefs       2 chiefs for 52 people; 2 changes of leadership
  PASS  bands-decide-to-build   26 sites marked out by bands themselves (player placed none)
  n/a   camps-move-when-the-land-failsmeasured in the lean survival scenario
  PASS  jobs-bias-work          holders spent 10.7% of their time on their own job's work; everyone else spent 2.8% of theirs on that same work
  n/a   rebellion-is-rare-but-happensnone fired in this run; a rare stochastic event, see band.test.ts for the deterministic assertion
  n/a   raids-are-organised     no chief in this world ever stood badly enough with a neighbour to weigh one
  PASS  knowledge-is-found      tracking=1
  PASS  knowledge-is-passed-on  206 taught deliberately, 104 picked up by watching; 60 lessons that did not take
  PASS  children-are-taught     206 of 206 lessons went to a child, 186 of those from a parent
  n/a   sparks-are-various      this world was handed 21 technologies; what is left to conceive is the scenario talking, not the web
  PASS  ideas-are-conceived     31 ideas conceived (0.30 per person-year; wanted some, and fewer than 3)
  PASS  ideas-become-tech       31 conceived, 0 built, 1 proven, 2 failed their trial
  PASS  the-tree-is-climbed     6 of 8 technologies conceived were past the root nodes: basketry spinning herbalism composting ochre spear
  PASS  research-is-social      63 breakthroughs alone, 9 by arguing it out
  PASS  trials-accumulate       5 trials went well across 1 designs proven, 2 went badly
  PASS  techs-are-refined       3 improvements to proven designs, 1 carried as far as they go
  PASS  records-are-cut         26 things cut into stone or clay; 13 technologies are written down somewhere, 1 read back off a record
  PASS  crafting-is-interruptible103 things made, 123 attempts broken off for a need
  n/a   food-spoils             spoilage is switched off in this scenario
  n/a   stores-keep-food-better-than-packsspoilage is switched off in this scenario
  n/a   pictures-are-painted    nobody here knows how to burn earth red
  n/a   music-answers-lonelinessnobody here can make a flute
  PASS  beer-answers-loneliness 26 toasts made, heard by somebody else 332 times
  PASS  the-temple-gathers      99.7% of 948 food stored went to a temple (need 80%); 16 feasts given from one, over 200 temple-days
  PASS  the-ledger-remembers    945 of 945 units given to a temple written down; 0 debts written, 0 debt-days kept past the year
  PASS  taxes-reach-the-temple  7 levies ordered (6 obeyed, 1 refused, 126 owing nothing), 6 units carried in; rebellion: 0 refusals, 0 left
  n/a   the-law-is-the-same-for-allno chief who judges by the law heard a case of their own people
  PASS  soldiers-are-kept       95 soldier-days, 212 meals sought at the temple
  PASS  kings-reign-for-life    140 band-days ruled past the ordinary term, 0 crowns inherited, 2 chiefs chosen in all
  PASS  civilisation-is-derived 2 of 2 bands are a civilisation (Fenok band, Aron band); 0 misnamed
  PASS  governments-declare-war-and-peace1 wars declared, 1 peaces made (0 refused), 19 band-days at war, 0 peaces broken
  n/a   the-beaten-pay-tribute  no people submitted to another in this run
  n/a   serfs-are-owned         no governed people took an adult captive in this run
  PASS  feasts-gather-the-band  16 feasts held (16 called), 204 guests fed, 0 cups poured
  n/a   the-hurt-are-tended     nobody here knows a herb from a weed
  n/a   wounds-fester-untended  1 untended and 0 dressed wound-days; too few to compare (need 60 of each)
  PASS  raw-meat-sickens        89 illnesses after 1009 raw meals; none after anything cooked
  n/a   the-wise-avoid-baneberries2 baneberry meals by the unlettered; nobody was exposed enough to tell
  n/a   animals-are-tamed       nobody here would think of feeding one
  PASS  heads-direct-work       30 orders landed on rank alone, 46 refused
  n/a   kills-are-butchered-for-bonenobody alive knows what to do with a carcass
  n/a   crafts-happen-at-stations5 station designs exist and no band finished one in this run
  n/a   the-hearth-warms        nobody was cold within range of a finished hearth
  FAIL  roast-wins              0 roasted of 971 meat and fish meals eaten by cooks
  FAIL  cooking-spreads         28 founded with cooking; 18 surviving adult holders
  n/a   pots-reach-a-granary    pottery is known and 0 pots made, but no band needed a granary yet
  PASS  discovery-is-situated   every one of 31 ideas came by a named route; 0 of them into the technologies cold suggests
  PASS  population-bounded      peak population 52
  PASS  spatial-hash-spreads    largest bucket holds 22 of 50 items across 10 cells
  PASS  animals-move            mean drift 17.6 tiles/day (floor is 2)
  PASS  animals-flee            914 bolts opened the distance, 306 did not
  PASS  hunts-succeed-and-fail  7 kills, 7 misses, 9 outrun
  PASS  people-eat-meat         117 meat taken; 3417 meals eaten
  PASS  fish-are-caught         873 fish taken; 3417 meals eaten
  n/a   bands-set-traps         nobody in this world knows how to set a trap
  n/a   fields-are-sown-and-reapednobody in this world knows how to farm
  n/a   soil-is-drawn-down      no harvest was taken off any ground in this run
  n/a   compost-answers-exhaustionnobody in this world knows how to compost
  n/a   traps-catch             no trap was finished in this run
  n/a   herds-breed-and-are-cullednobody in this world knows how to keep a pen
  n/a   wells-are-drawn-from    nobody in this world knows how to sink a well
  n/a   milk-is-drawn-and-drunk no milk was ever bred in this run
  n/a   wool-is-sheared-and-wovenno wool was ever bred in this run
  PASS  bands-dont-overbuild    band1=4 band0=3; 0 over the ceiling, 0 holding empty stores
  PASS  families-exist          9 households of more than one; 52 people with family
  PASS  sleep-restores          2302 sleeps begun, fatigue fell on 20221 ticks of them
  n/a   kin-outrank-strangers   not all three kinds of tie have 10+ pairs here: household=69.7 band=40.0 outsider=n/a outsider-unrelated=n/a · band-pairs=1 friendliest=0.0 hostile=-45.0
  PASS  bands-take-sides        1 pairs, friendliest=0.0 hostile=-45.0 (spread 45.0)
  n/a   violence-concentrates   only 0 blows between peoples here; too few to say where they land
  n/a   peoples-drift-apart     0 incidents between peoples; too few to split the run around
  n/a   peace-within-bands      only 0 blows here; too few to say where they land
  n/a   children-are-not-struck only 0 blows here; too few to say
  n/a   the-struck-respond      only 0 second blows here; too few to say
  n/a   wrongs-reach-the-chief  only 0 debts run up; too few to say
  n/a   upbringing-follows-culturefewer than two peoples saw 15 wrongs by their children abroad, with regard for strangers 0.15 apart
  n/a   the-watched-intervene   only 0 property deeds were seen by their owners; too few to say
  n/a   captives-are-taken      only 0 blows between peoples; no quarrel long enough
  n/a   bodies-are-found        only 1 deaths here; too few to say
  n/a   murders-are-solved      only 0 killings here; too few to say
  PASS  world-has-land          grass=4355 forest=3013 water=5866
  n/a   perf-budget             341 steps/s with 52 people at the peak (floor 1,073); judged only when a scenario runs alone
  PASS  herds-follow-the-grass  6,965 grazer samples, 31% of them on poor grass, against 17% of the meadow and the wood being poor
  PASS  predators-hunt          44 grazers pulled down (34 by wolves, 9 by bears, 1 by lynxes); 11 people bitten
  PASS  fire-keeps-wolves-off   0 of 5774 hunter samples inside a circle of firelight, where chance alone would put 285.8 (38 turned back)
  n/a   a-hunted-out-land-stays-emptythis land was not hunted out
  PASS  slopes-slow             327,377 uphill steps cover 90.5% of the distance asked, 260,745 downhill 103.5%, 42,674 flat 100%
  n/a   hills-see-farther       0 sightings of strangers in this run; too few to say

==============================================================================
6/133 CHECKS FAILED: people-act-on-what-they-know, cravings-steer-the-diet, nights-are-slept, moods-move-choices, roast-wins, cooking-spreads


WORLD HEALTH REPORT  -  scenario "conquest"  seed "akkad"
==============================================================================
24000 steps in 52905ms  (454 steps/s)

POPULATION OVER TIME
  step    day   alive  hunger  thirst  tired   cold   lonely  health  food   bare  store  trees  grown  fruit  kids  wed  age   oob  
  0       5     22     0.0     0.0     0.0     0.0    0.0     100.0   1416   196   0      899    801    0      8     12   19    0    
  2400    15    22     21.9    21.0    12.4    0.0    28.8    99.8    1919   152   64     830    702    571    8     12   19    0    
  4800    25    24     17.4    19.5    2.4     0.0    24.3    99.8    2653   152   172    828    702    1553   10    12   18    0    
  7200    35    28     26.4    15.1    11.7    2.5    27.1    99.7    1559   279   265    826    703    0      14    12   15    0    
  9600    45    28     23.9    15.0    15.4    0.7    36.1    92.6    1308   222   258    832    705    0      14    12   16    0    
  12000   55    28     24.7    18.2    12.1    0.0    31.9    95.3    1882   156   229    847    706    598    14    12   15    0    
  14400   65    30     20.2    13.6    3.5     0.0    18.4    99.0    2698   148   255    845    704    1544   16    12   14    0    
  16800   75    32     26.3    17.1    7.5     2.7    22.4    99.2    1565   276   288    843    702    0      18    12   14    0    
  19200   85    32     25.7    13.1    15.4    3.4    26.9    98.1    1299   218   237    860    706    0      18    12   14    0    
  21600   95    34     23.8    19.1    10.9    0.5    25.9    98.7    1874   153   248    875    703    588    20    12   13    0    
  24000   105   36     28.1    16.0    11.0    0.0    27.9    97.9    2645   153   269    875    703    1497   22    12   13    0    

EVENTS
  path_expanded           937189
  malnutrition_samples    671265
  place_memory_age_sum_band_1388783.3473729607
  place_memory_age_sum_band_0299530.75483181846
  step_slope_up           292321
  remembered_node_candidate276817
  walk_tick               273786
  step_slope_up_ratio     263337.04914628
  step_slope_down_ratio   241391.88101889606
  step_slope_down         233012
  nursing_hunger_relief   199100
  nursing_thirst_relief   199100
  malnutrition_sum        142814.20543991946
  water_memory_candidate  85338
  food_accessible_at_think83186
  walk_arrived            70368
  path_denied_cooldown    65544
  craving_protein_search  61717
  water_visible_candidate 49799
  yield_obs_yield_forage_sum47505.925936964166
  path_found              47002
  rest                    40410
  remembered_node_target  38808
  diet_nutrition_total    37149
  step_slope_flat_ratio   36141.54452293788
  step_slope_flat         36095
  place_memory_samples_band_035967
  craving_protein_reachable33377
  place_memory_samples_band_128336
  relocation_food_nodes   25700
  remembered_bush_out_of_season22131
  sleeping                21734
  action_target_knowledge_checked16286
  action_target_knowledge_known16286
  mood_belonging_sum      16209.272650012736
  craving_protein_outside_reach16024
  sleeping_open           15711
  relocation_food_depleted15449
  craving_protein_masked_by_reachable_food14427
  craving_protein_override_selected14427
  craving_protein_absent  12316
  action_target_knowledge_visible_forage10085
  elite_larder_preferred  10045
  shared_resource_depletion_seen7991
  hungry_at_work_rest     7617
  fruit_thirst_relief     7587.310736077303
  belief_seen_eat_berries 7433
  rest_ended_hungry       7056
  grazer_samples          6667
  hunter_samples          6265
  poison_ticks            6256
  place_exploration_fraction_band_16157.796875
  drink                   5929
  yield_obs_yield_fish_sum5779.817115823169
  diet_nutrition_protein  5586
  witnessed               5361
  hungry_at_work_sleep    4877
  food_blocked_by_reach_at_think4647
  food_reach_fallback_at_think4647
  woke_hungry             4515
  place_exploration_fraction_band_04506.8486328125
  intruder_sighted        4202
  step_blocked            4138
  abandoned_hands_full    3213
  hydrating_food_candidate3199
  mood_samples            2832
  macro_samples           2832
  food_absent_in_search_at_think2796
  macro_exertion_sum      2659.4727932031624
  eat                     2443
  soldier_fed_from_temple 2409
  yield_obs_yield_hunt_sum2368.773139644136
  stale_memory_resource_empty2205
  abandoned_remembered_wrong2205
  action_target_from_memory_forage2161
  step_slide              2131
  hungry_at_work_nurse    2127
  hungry_at_work_hunt     2109
  pushed_on_hunger_hunt   2109
  nursing_sessions        1991
  macro_carb_sum          1939.8378584564896
  grazer_samples_on_poor  1900
  eat_craving_protein     1833
  action_target_knowledge_visible_pick1823
  ate_berries             1658
  eaten_berries           1658
  security_intruder_seen  1646
  action_target_knowledge_visible_chop1449
  action_target_knowledge_visible_hunt1436
  belief_seen_eat_fish    1253
  yield_obs_yield_forage_n1244
  harvest_berries         1180
  belief_seen_eat_pear    1048
  water_exploration_no_frontier1021
  cry_interrupted         1021
  worked_alongside        1006
  sought_out_chief_talk   958
  work_ended_node_empty   918
  remembered_empty_walk   893
  hungry_at_work_romp     880
  drink_finished          821
  animal_alarmed          795
  belief_told             761
  make_peace_offered      761
  route_arrived           752
  feast_considered        748
  stored                  744
  romp_hungry             711
  action_target_knowledge_remembered_forage666
  would_spoil_berries     663
  sought_out_chief_attend 657
  belief_seen_eat_plum    577
  work_ended_hands_full   556
  water_exploration_offered519
  water_exploration_offered_child519
  water_place_told        487
  food_stored_own         486
  hungry_at_work_talk     486
  hungry_at_work_patrol   486
  food_stored_temple      479
  contribution_recorded   479
  macro_fat_sum           473.7332567779804
  action_target_knowledge_visible_drink469
  yield_obs_yield_pick_sum455.2318027847148
  sheltering              453
  belief_seen_eat_hazelnut451
  hand_capacity_blocked   428
  harvest_meat            426
  eat_calm_protein        424
  macro_protein_sum       418.4288847655287
  capture_offered         387
  withdrawn               386
  intruder_sighted_beyond_base379
  conversation            370
  action_target_knowledge_remembered_drink358
  caught_warn_offered     341
  event_share_food        309
  gift_given              309
  hungry_at_work_give     306
  romp_together           302
  pushed_on_hunger_give   293
  shared_a_roof           287
  yield_obs_yield_fish_n  284
  toast_listeners         275
  belief_seen_eat_apple   259
  settled_over_work       243
  work_ended_baby_crying  236
  rest_ended_baby_crying  221
  spoilage_prevented      214
  talked_hungry           210
  ate_pear                208
  eaten_pear              208
  abandoned_no_food       197
  ate_fish                192
  eaten_fish              192
  risky_meals_fish        192
  romp_cold               192
  sought_out_chief_ask    190
  ate_cooking_fish        188
  picked_pear             179
  harvest_wild_grain      177
  harvest_fish            177
  hungry_at_work_explore  176
  pushed_on_hunger_explore176
  belief_seen_eat_meat    173
  dropped                 167
  sought_out_chief_spar   166
  mood_comfort_sum        165.82708119385782
  belief_seen_sick        162
  harvest_sticks          160
  feast_portions          157
  feast_guests            157
  hunter_samples_expected_in_firelight155.79492376962463
  rumor_spread            154
  materials_delivered     151
  security_by_hearsay     147
  woke_baby_crying        137
  talked_baby_crying      130
  patrol_rounds           129
  work_ended_tree_bare    128
  eat_craving_protein_rich128
  romp_away_from_family   126
  sparred                 123
  ate_plum                123
  eaten_plum              123
  interrupted_teach_baby_crying123
  meadow_poor_share_samples120
  carry_overflow_dropped  116
  yield_obs_yield_hunt_n  114
  hungry_at_work_teach    112
  ate_hazelnut            111
  eaten_hazelnut          111
  tree_died_old           110
  eat_calm_protein_rich   110
  hungry_at_work_propose  107
  picked_plum             106
  conversation_greet      105
  haul_units_band_1       103
  would_spoil_fish        102
  temple_days             100
  conversation_chat       100
  picked_hazelnut         100
  king_days               99
  conversation_deep       97
  yield_obs_yield_pick_n  96
  hungry_at_work_ask      96
  correct_offered         96
  event_teach             95
  job_soldier_days        95
  child_taught            94
  mischief_abroad_seen_b1 92
  tree_seeded             90
  tributary_days          89
  order_obeyed            87
  starving_fed_remembered 85
  picked_up               84
  pickup_ordered          84
  npc_pickup              84
  security_as_witness     82
  raid_for_need_nowhere   80
  hungry_at_work_craft    80
  feast_attended          78
  interrupted_discuss_baby_crying78
  child_taught_by_parent  76
  craft_interrupted       76
  hearths                 74
  ask_taught              73
  starving_fed            72
  order_haul_obeyed       71
  ate_meat                71
  ate_cooking_meat        71
  eaten_meat              71
  risky_meals_meat        71
  hungry_at_work_inscribe 71
  king_reigns_days        70
  reflected               69
  event_trespass          69
  territory_trespass      69
  action_target_from_memory_gather_for_site68
  conversation_interests  68
  sought_out_chief_discuss67
  belief_seen_eat_toxic_berries66
  interrupted_teach_hungry66
  tribute_delivered       63
  interrupted_give_baby_crying62
  ate_at_source           61
  child_watched           59
  ate_apple               59
  eaten_apple             59
  abandoned_nothing_to_haul57
  would_spoil_plum        56
  levy_nothing_owed       54
  hurt_person_days        54
  relocation_scarcity_days51
  wood_cut                50
  caught_outsider         49
  haul_units_band_0       48
  picked_apple            47
  prey_killed_by_predator 46
  animal_predated         46
  sought_out_chief_feed   46
  explore_ended_hungry    46
  tree_death_deferred     46
  food_place_told         43
  ask_refused             42
  asked_would_not_teach   42
  teaching_failed         42
  abandoned_no_fruit      41
  proposed_hungry         38
  crafted_rope            36
  breakthrough_ponder     36
  animal_born             36
  interrupted_ask_hungry  34
  ponder_nothing          33
  thought_nothing_came_of_it33
  household_feud_started  32
  animal_killed           32
  hunt_killed             32
  site_placed             31
  crafted_beer            31
  security_as_victim      30
  dread_as_victim         30
  prey_killed_by_wolf     29
  event_threaten          29
  warned_off              29
  would_spoil_meat        29
  ask_taught_nothing      28
  asked_learned_nothing   28
  territory_cell_claimed  28
  belief_seen_eat_beer    28
  hunt_ended_baby_crying  28
  haul_trip_band_1        27
  woke_away_from_family   26
  poisoning_passed        26
  sought_out_chief_give   25
  toasted                 24
  sought_out_chief_propose24
  site_abandoned          24
  harvest_reeds           23
  intervened              23
  hungry_at_work_bring_food23
  band_planned_mud_hut    22
  project_backer_added    20
  hungry_at_work_pick     20
  pushed_on_hunger_pick   20
  property_deed_seen_by_owner20
  animal_entered_by_edge  20
  meadow_poor_share_sum   19.25760899369345
  project_request_refused 19
  haul_trip_band_0        19
  body_found              19
  poisoned_fish           18
  tribute_ordered         18
  taught_cooking          17
  talked_thirsty          17
  tribute_sent            17
  work_ended_away_from_family17
  hunt_missed             17
  observed_firemaking     16
  conception              16
  hungry_at_work_forage   16
  pushed_on_hunger_forage 16
  interrupted_ask_away_from_family16
  birth                   16
  baby_picked_up          16
  order_render_obeyed     16
  proposed_baby_crying    16
  interrupted_teach_thirsty16
  ate_toxic_berries       15
  eaten_toxic_berries     15
  ate_toxic_unwise        15
  risky_meals_toxic_berries15
  sought_out_chief_teach  15
  work_ended_hungry       15
  mischief_abroad_minded_b115
  grass_cut               14
  feast_called            14
  feasts_held             14
  temple_feasts           14
  event_feast             14
  abandoned_subject_gone  13
  raid_proposed           12
  raid_approved           12
  raid_never_raised       12
  romp_thirsty            12
  poison_grade_moderate   12
  talked_cold             12
  raid_nothing_in_reach   11
  crafted_bundle          11
  observed_cordage        11
  poison_grade_severe     11
  remains_found           11
  war_days                10
  work_ended_thirsty      10
  prey_killed_by_bear     9
  order_refused           9
  poison_grade_mild       9
  discuss_nothing         9
  talked_nothing_came_of_it9
  harvest_hide            9
  hungry_at_work_warn     9
  corrected_abroad        9
  corrected               9
  job_assigned            8
  order_haul_refused      8
  poisoned_toxic_berries  8
  prey_killed_by_lynx     8
  harvest_flint           8
  marriage                7
  founding_households     7
  taught_plant_lore       7
  belief_seen_yield_forage7
  observed_hafting        7
  prototype_trial_passed  7
  warned_baby_crying      7
  defend_territory_chosen 7
  taught_division_of_labour6
  ate_beer                6
  eaten_beer              6
  herd_entered_by_edge    6
  poisoned_meat           6
  taught_fishing          6
  fled_from_dread_considered6
  observed_division_of_labour6
  chief_chosen            5
  taught_firemaking       5
  taught_hafting          5
  taught_stoneworking     5
  event_praise            5
  praise_told             5
  guard_warned_off        5
  observed_plant_lore     5
  talked_away_from_family 5
  breakthrough_discuss    5
  levy_ordered            5
  levy_obeyed             5
  tax_collected           5
  observed_stoneworking   5
  observed_fishing        5
  conceived_netting       5
  hungry_at_work_correct  5
  abandoned_lack_materials5
  death_settled           4
  corpse_left             4
  taught_cordage          4
  corpse_first_found      4
  interrupted_ask_thirsty 4
  belief_seen_yield_pick  4
  tree_felled             4
  observed_cooking        4
  hearth_taught           4
  set_upon_flee           4
  conceived_tracking      3
  spark_tracking_0        3
  taught_spear            3
  band_planned_windbreak  3
  taught_marking          3
  building_completed      3
  gossiped_baby_crying    3
  taught_chiefdom         3
  taught_pottery          3
  conceived_basketry      3
  taught_redistribution   3
  taught_grinding         3
  observed_farming        3
  peace_offered           3
  event_slander           3
  slander_told            3
  taught_brewing          3
  taught_writing          3
  conceived_bone_working  3
  spark_bone_working_1    3
  rest_ended_away_from_family3
  taught_clay_tablet      3
  crafted_handaxe         3
  taught_accounting       3
  taught_taxation         3
  taught_standing_army    3
  taught_law_code         3
  interrupted_spar_baby_crying3
  bring_food_baby_crying  3
  conceived_herbalism     3
  spark_herbalism_1       3
  spark_netting_0         3
  belief_seen_yield_fish  3
  taught_tracking         3
  correct_hungry          3
  succession              2
  job_refused             2
  abandoned_already_built 2
  conceived_ochre         2
  crafted_rope_thatch     2
  completed_windbreak     2
  spark_basketry_1        2
  conceived_storytelling  2
  death_starvation        2
  wound_days_untended     2
  tool_equipped_hunt      2
  tool_equipped_forage    2
  taught_kingship         2
  reasoned_out_tracking   2
  event_trade             2
  trade_made              2
  warned_hungry           2
  spark_netting_2         2
  unwitnessed             2
  observed_tracking       2
  inscribed_stone         2
  predator_kept_off_by_fire2
  war_declared            1
  era_advanced            1
  abandoned_site_gone     1
  tribute_submitted       1
  completed_storage_pit   1
  spark_ochre_1           1
  conceived_fishing       1
  spark_fishing_2         1
  spark_wanting_fishing_2 1
  spark_basketry_0        1
  reasoned_out_fishing    1
  prototype_failed        1
  proven_fishing          1
  discovered_fishing      1
  interrupted_ask_baby_crying1
  observed_grinding       1
  harm_own_band_slander   1
  spark_storytelling_0    1
  animal_blow_boar        1
  hunter_turned_on_by_boar1
  interrupted_spar_thirsty1
  crafted_spear           1
  interrupted_give_hungry 1
  household_extinct       1
  order_render_refused    1
  tribute_refused         1
  animal_blow_deer        1
  hunter_turned_on_by_deer1
  abandoned_quarry_gone   1
  attack_route_revenge    1
  blow_landed             1
  event_assault           1
  conceived_spinning      1
  spark_spinning_2        1
  observed_kingship       1
  spark_ochre_2           1
  abandoned_goods_gone    1
  observed_marking        1
  proven_tracking         1
  discovered_tracking     1
  spark_storytelling_1    1
  harm_child_threaten     1
  refined_tracking        1
  conceived_division_of_labour1
  spark_division_of_labour_31
  abandoned_nothing_to_toast1
  recorded_cordage        1
  attack_route_territory  1
  proposed_thirsty        1
  animal_bit_person       1
  animal_bit_person_bear  1
  animal_blow_bear        1
  fled_from_animal        1
  correct_baby_crying     1
  fled                    1
  would_spoil_beer        0
  would_spoil_pear        0
  would_spoil_toxic_berries0
  would_spoil_apple       0
  mood_security_sum       -22097.95846528807
  mood_purpose_sum        -23294.854944615156

ACTIONS (summed over samples)
  idle                    144308
  go_home                 80359
  forage                  65874
  sleep                   48245
  rest                    47426
  drink                   41952
  talk                    32260
  romp                    29760
  ask                     22072
  pick                    19768
  craft                   15965
  ponder                  13906
  patrol                  13832
  give                    13041
  nurse                   11252
  spar                    10330
  teach                   9131
  chop                    7066
  haul                    6524
  gather                  6238
  hunt                    5872
  discuss                 5140
  store                   5108
  take                    3229
  propose                 3056
  attend                  2959
  warn                    1905
  render                  1661
  feast                   1511
  reflect                 1489
  eat                     1332
  inscribe                1315
  build                   1190
  bring_food              953
  pickup                  896
  shelter                 730
  toast                   721
  praise                  305
  cut_grass               290
  correct                 212
  wander                  175
  explore                 130
  slander                 93
  trade                   92
  sabotage                85
  flee                    73
  make_peace              42
  attack                  29

KNOWLEDGE
  era: Middle Palaeolithic  ·  24 things known to somebody  ·  14 can make fire
  1 advances, 0 relapses

BANDS
  2 chiefs  ·  0 outcast  ·  0 exiled  ·  87 orders obeyed, 9 refused

BUILDINGS
  4 of 8 finished  ·  269 items in store

RELATIONSHIPS
  1026 edges across 40 people  ·  555 warm  ·  336 hostile
  Rhaon band            theft tolerance 0.50   murder 0.84
  Ithun band            theft tolerance 0.42   murder 1.17

TERRAIN
  water=6125  beach=1356  grass=4286  forest=3008  hills=1463  rock=146

TRAVEL
  47002 routes found  ·  19.9 mean / 824 worst expansions  ·  1958.4 searches per 1,000 ticks
  route_arrived=752  walk_blocked=0  abandoned_cannot_reach=0
  everything that walks: step_blocked=4138  ·  axis_null=0  ·  slides=2131
  people only: 0 stuck of 273786 walk ticks (0.0 per 1,000)  ·  denied: cooldown=65544 budget=0
  recoveries=0 (0 found a route)

CHECKS
  PASS  regions-stay-true       6 independently recomputed landmasses; 0 incorrectly labelled tiles and 0 incorrect region sizes
  PASS  hands-limit-loads       0 post-transfer states remained above the hands and fitted-container limit; 428 collection attempts hit a hand limit
  n/a   containers-carry-more   run the porters scenario to compare fitted containers with bare hands
  PASS  people-act-on-what-they-know16286/16286 forage, pick, drink, hunt and chop targets visible or remembered
  n/a   word-of-food-travels    measured in food-news, where the rumour supplies the only food
  PASS  stale-memories-cost     2205 trips reached a remembered resource that was exhausted
  PASS  the-map-grows           7.8% → 14.1% mean explored (must grow and remain below 99%)
  n/a   kin-are-defended        0 attacks on children with adult witnesses (need 10)
  n/a   the-young-run-to-their-own0 attacked children fled (need 10)
  FAIL  cravings-steer-the-diet 7.0% rich-protein meals while craving vs 25.9% while calm (need 1.3x)
  FAIL  nights-are-slept        44.8% of 5334 adult samples in full night sleeping or resting (need 55%)
  PASS  nights-are-spent-at-home82.9% of 5334 adult night samples within 15 tiles of an anchor (need 70%)
  PASS  moods-move-choices      4.6% talk in low-belonging tercile vs 4.4% in high (5600 samples each; low must be higher)
  PASS  children-keep-close     84.4% of 8564 child samples within radius + 3 of either living parent (need 75%; designated carer=84.4%; top actions: go_home=2114, romp=1467, sleep=950, ask=697, drink=673)
  PASS  no-nan                  worst sample had 0 non-finite fields
  PASS  people-in-bounds        worst sample had 0 people outside a 128x128 world
  PASS  people-on-land          worst sample had 0 people standing in water or on rock
  PASS  population-persists     36 alive after 3 years (peaked at 36, 16 born); need 13 and at least one birth
  PASS  deaths-explained        settled=4 starvation=2
  PASS  nobody-stalls-under-orders0 people stalled under order for a full day; 0 gave up walking, 0 of those under order
  PASS  walkers-do-not-grind    0 of 273,786 walking ticks made no real progress (0.0 per 1,000; wanted under 5)
  PASS  paths-are-found         200 pairs sampled on the largest region, every one found — mean 577.3 / worst 2701 expansions; 0 gave up mid-play
  PASS  nobody-walled-in        36 checked; 0 cut off from water, 0 cut off from food in their own region
  PASS  people-drink            drink=5929
  PASS  drinking-is-paced       821 drinks finished over 2873 person-days (0.29 each per day; wanted some, and fewer than 4)
  PASS  food-work-continues     36 ticks of food-gathering continued through hunger that would otherwise have stopped it (2109 hunting)
  PASS  people-harvest          berries=1180 meat=426 wood=0 flint=8
  PASS  people-eat              eat=2443
  PASS  ai-uses-many-actions    48 distinct actions observed: idle=144308 go_home=80359 forage=65874 sleep=48245 rest=47426 drink=41952 talk=32260 romp=29760 ask=22072 pick=19768 craft=15965 ponder=13906 patrol=13832 give=13041 nurse=11252 spar=10330 teach=9131 chop=7066 haul=6524 gather=6238 hunt=5872 discuss=5140 store=5108 take=3229 propose=3056 attend=2959 warn=1905 render=1661 feast=1511 reflect=1489 eat=1332 inscribe=1315 build=1190 bring_food=953 pickup=896 shelter=730 toast=721 praise=305 cut_grass=290 correct=212 wander=175 explore=130 slander=93 trade=92 sabotage=85 flee=73 make_peace=42 attack=29
  PASS  needs-not-pinned        final avgHunger=28.1 avgThirst=16.0 avgCold=0.0 avgCompany=27.9
  PASS  health-holds-up         final avgHealth=97.9 (floor is 60)
  PASS  events-witnessed        deeds=527 witnessed=5361 unwitnessed=2
  PASS  people-talk             conversations=370
  PASS  gossip-is-aimed         3 slanders and 5 praises over 370 conversations
  PASS  rumor-propagates        stories passed on=154
  n/a   opinions-diverge        measured after a witnessed assault in conflicts. 1026 relationships across 40 people: 555 warm, 336 hostile
  PASS  materials-delivered     delivered=151 sites=8 finished=4
  PASS  building-starts-small   7 projects measured; 0 exceeded sponsor + backers + ordered workers
  PASS  projects-find-backers   3/4 completed AI-planned projects had a backer (need 70%)
  n/a   shelter-answers-cold    never got cold (peak avgCold 3.4)
  PASS  work-runs-in-stretches  node_empty=918 hands_full=556 thirsty=10 tree_bare=128 baby_crying=236 away_from_family=17 hungry=15
  PASS  foraging-bites          most bushes stripped at once: 279; wild food went from 1416 to 2645
  PASS  generations-turn-over   over 2 years: 0 courtships, 7 marriages, 16 conceptions, 16 births, 2 successions
  PASS  forest-is-used          4 trees felled, 50 timber cut, 516 fruit picked
  PASS  fruit-comes-and-goes-with-the-seasonworst sample had 0 fruit hanging out of season; most windfall seen at once was 4978 across 4 seasons
  PASS  forest-persists         stand went from 899 to 875 (703 grown, 96 seedlings); 90 seeded, 110 died of age
  PASS  bands-have-chiefs       2 chiefs for 36 people; 5 changes of leadership
  PASS  bands-decide-to-build   25 sites marked out by bands themselves (player placed none)
  n/a   camps-move-when-the-land-failsmeasured in the lean survival scenario
  PASS  jobs-bias-work          holders spent 15.8% of their time on their own job's work; everyone else spent 3.1% of theirs on that same work
  n/a   rebellion-is-rare-but-happensnone fired in this run; a rare stochastic event, see band.test.ts for the deterministic assertion
  n/a   raids-are-organised     weighed 12 times and never once raised a party; no fighting party could be assembled in this world
  PASS  knowledge-is-found      fishing=1 tracking=1
  PASS  knowledge-is-passed-on  99 taught deliberately, 67 picked up by watching; 42 lessons that did not take
  PASS  children-are-taught     94 of 99 lessons went to a child, 76 of those from a parent
  n/a   sparks-are-various      this world was handed 22 technologies; what is left to conceive is the scenario talking, not the web
  PASS  ideas-are-conceived     24 ideas conceived (0.33 per person-year; wanted some, and fewer than 3)
  PASS  ideas-become-tech       24 conceived, 0 built, 2 proven, 1 failed their trial
  PASS  the-tree-is-climbed     7 of 10 technologies conceived were past the root nodes: ochre fishing basketry bone_working spinning herbalism netting
  PASS  research-is-social      36 breakthroughs alone, 5 by arguing it out
  PASS  trials-accumulate       7 trials went well across 2 designs proven, 1 went badly
  PASS  techs-are-refined       1 improvements to proven designs, 0 carried as far as they go
  PASS  records-are-cut         2 things cut into stone or clay; 1 technologies are written down somewhere, 0 read back off a record
  PASS  crafting-is-interruptible84 things made, 76 attempts broken off for a need
  n/a   food-spoils             spoilage is switched off in this scenario
  n/a   stores-keep-food-better-than-packsspoilage is switched off in this scenario
  n/a   pictures-are-painted    nobody here knows how to burn earth red
  n/a   music-answers-lonelinessnobody here can make a flute
  PASS  beer-answers-loneliness 24 toasts made, heard by somebody else 275 times
  PASS  the-temple-gathers      98.6% of 486 food stored went to a temple (need 80%); 14 feasts given from one, over 100 temple-days
  PASS  the-ledger-remembers    479 of 479 units given to a temple written down; 0 debts written, 0 debt-days kept past the year
  PASS  taxes-reach-the-temple  5 levies ordered (5 obeyed, 0 refused, 54 owing nothing), 5 units carried in; rebellion: 0 refusals, 0 left
  n/a   the-law-is-the-same-for-allno chief who judges by the law heard a case of their own people
  PASS  soldiers-are-kept       95 soldier-days, 2409 meals sought at the temple
  PASS  kings-reign-for-life    70 band-days ruled past the ordinary term, 0 crowns inherited, 5 chiefs chosen in all
  PASS  civilisation-is-derived 1 of 2 bands are a civilisation (Rhaon band); 0 misnamed
  PASS  governments-declare-war-and-peace1 wars declared, 0 peaces made (0 refused), 10 band-days at war, 0 peaces broken
  PASS  the-beaten-pay-tribute  1 submissions, 18 tributes ordered (1 refused), 63 units delivered, 89 band-days as a tributary, 0 thrown off
  n/a   serfs-are-owned         no governed people took an adult captive in this run
  PASS  feasts-gather-the-band  14 feasts held (14 called), 157 guests fed, 0 cups poured
  n/a   the-hurt-are-tended     nobody here knows a herb from a weed
  n/a   wounds-fester-untended  2 untended and 0 dressed wound-days; too few to compare (need 60 of each)
  PASS  raw-meat-sickens        24 illnesses after 263 raw meals; none after anything cooked
  PASS  the-wise-avoid-baneberries15 baneberry meals by people without plant lore (8 fell ill), 0 by people who had it
  n/a   animals-are-tamed       nobody here would think of feeding one
  n/a   heads-direct-work       too few orders on rank to tell (0 obeyed, 0 refused)
  n/a   kills-are-butchered-for-bonenobody alive knows what to do with a carcass
  n/a   crafts-happen-at-stations5 station designs exist and no band finished one in this run
  n/a   the-hearth-warms        nobody was cold within range of a finished hearth
  FAIL  roast-wins              0 roasted of 259 meat and fish meals eaten by cooks
  FAIL  cooking-spreads         24 founded with cooking; 14 surviving adult holders
  n/a   pots-reach-a-granary    pottery is known and 0 pots made, but no band needed a granary yet
  FAIL  discovery-is-situated   every one of 24 ideas came by a named route; 0 of them into the technologies cold suggests
  PASS  population-bounded      peak population 36
  PASS  spatial-hash-spreads    largest bucket holds 8 of 36 items across 9 cells
  PASS  animals-move            mean drift 18.2 tiles/day (floor is 2)
  PASS  animals-flee            971 bolts opened the distance, 317 did not
  PASS  hunts-succeed-and-fail  32 kills, 17 misses, 0 outrun
  PASS  people-eat-meat         426 meat taken; 2443 meals eaten
  PASS  fish-are-caught         177 fish taken; 2443 meals eaten
  n/a   bands-set-traps         nobody in this world knows how to set a trap
  n/a   fields-are-sown-and-reapednobody in this world knows how to farm
  n/a   soil-is-drawn-down      no harvest was taken off any ground in this run
  n/a   compost-answers-exhaustionnobody in this world knows how to compost
  n/a   traps-catch             no trap was finished in this run
  n/a   herds-breed-and-are-cullednobody in this world knows how to keep a pen
  n/a   wells-are-drawn-from    nobody in this world knows how to sink a well
  n/a   milk-is-drawn-and-drunk no milk was ever bred in this run
  n/a   wool-is-sheared-and-wovenno wool was ever bred in this run
  PASS  bands-dont-overbuild    band0=4; 0 over the ceiling, 0 holding empty stores
  PASS  families-exist          6 households of more than one; 34 people with family
  PASS  sleep-restores          1309 sleeps begun, fatigue fell on 12311 ticks of them
  PASS  kin-outrank-strangers   household=66.7 band=38.7 outsider=-14.6 outsider-unrelated=-14.6 · band-pairs=1 friendliest=0.0 hostile=-99.8
  PASS  bands-take-sides        1 pairs, friendliest=0.0 hostile=-99.8 (spread 99.8)
  n/a   violence-concentrates   only 1 blows between peoples here; too few to say where they land
  PASS  peoples-drift-apart     peoples stood 30.6 tiles apart before half the 30 incidents, 32.1 after
  n/a   peace-within-bands      only 1 blows here; too few to say where they land
  n/a   children-are-not-struck only 1 blows here; too few to say
  n/a   the-struck-respond      only 0 second blows here; too few to say
  n/a   wrongs-reach-the-chief  only 0 debts run up; too few to say
  n/a   upbringing-follows-culturefewer than two peoples saw 15 wrongs by their children abroad, with regard for strangers 0.15 apart
  PASS  the-watched-intervene   23 interventions against 20 property deeds seen by an owner (floor 5%): 29 warnings in all, 0 holds won, 0 calls for help
  n/a   captives-are-taken      only 1 blows between peoples; no quarrel long enough
  n/a   bodies-are-found        only 4 deaths here; too few to say
  n/a   murders-are-solved      only 0 killings here; too few to say
  PASS  world-has-land          grass=4286 forest=3008 water=6125
  n/a   perf-budget             454 steps/s with 36 people at the peak (floor 1,479); judged only when a scenario runs alone
  PASS  herds-follow-the-grass  6,667 grazer samples, 28% of them on poor grass, against 16% of the meadow and the wood being poor
  PASS  predators-hunt          46 grazers pulled down (29 by wolves, 9 by bears, 8 by lynxes); 1 people bitten
  PASS  fire-keeps-wolves-off   0 of 6265 hunter samples inside a circle of firelight, where chance alone would put 155.8 (2 turned back)
  n/a   a-hunted-out-land-stays-emptythis land was not hunted out
  PASS  slopes-slow             292,321 uphill steps cover 90.1% of the distance asked, 233,012 downhill 103.6%, 36,095 flat 100%
  PASS  hills-see-farther       379 of 4,202 sightings were from further off than the bare radius of 12 tiles

==============================================================================
5/133 CHECKS FAILED: cravings-steer-the-diet, nights-are-slept, roast-wins, cooking-spreads, discovery-is-situated


WORLD HEALTH REPORT  -  scenario "culture"  seed "ochre"
==============================================================================
9000 steps in 12559ms  (717 steps/s)

POPULATION OVER TIME
  step    day   alive  hunger  thirst  tired   cold   lonely  health  food   bare  store  trees  grown  fruit  kids  wed  age   oob  
  0       5     20     0.0     0.0     0.0     0.0    0.0     100.0   1752   164   0      1020   918    0      6     14   19    0    
  900     8     20     15.0    14.7    6.3     0.0    27.1    100.0   2226   167   0      932    815    0      6     14   19    0    
  1800    12    20     15.5    19.2    4.7     0.0    22.7    100.0   1538   149   60     942    815    297    6     14   19    0    
  2700    16    22     20.5    19.3    6.7     0.0    24.9    100.0   2214   148   157    941    816    666    8     14   18    0    
  3600    20    22     16.7    15.1    6.6     0.0    33.2    98.7    1365   245   178    941    816    886    8     14   18    0    
  4500    23    25     14.9    11.8    6.4     0.0    22.8    99.6    2125   170   187    941    816    1590   11    14   16    0    
  5400    27    26     11.9    8.5     4.0     0.3    23.6    99.5    2343   166   240    941    816    2236   12    14   15    0    
  6300    31    27     12.8    9.5     2.1     2.3    18.0    99.5    1450   276   240    941    817    0      13    14   15    0    
  7200    35    27     16.7    14.0    4.5     4.6    18.7    99.5    1388   281   240    939    815    0      13    14   15    0    
  8100    38    27     21.3    15.0    6.7     7.1    16.6    99.6    1330   286   238    939    816    0      13    14   15    0    
  9000    42    27     14.6    15.8    4.5     4.2    14.7    99.5    1110   188   236    939    817    0      13    14   15    0    

EVENTS
  malnutrition_samples    214920
  path_expanded           179408
  remembered_node_candidate96242
  step_slope_up           95090
  step_slope_up_ratio     86153.70519053772
  step_slope_down_ratio   81235.00156188896
  step_slope_down         78530
  walk_tick               70294
  nursing_hunger_relief   69300
  nursing_thirst_relief   69300
  place_memory_age_sum_band_044667.85320377531
  place_memory_age_sum_band_142044.54826624085
  malnutrition_sum        39381.62065442607
  walk_arrived            30076
  water_memory_candidate  24004
  food_accessible_at_think23828
  yield_obs_yield_forage_sum20302.151925989845
  rest                    19119
  path_denied_cooldown    18515
  water_visible_candidate 18345
  step_slope_flat_ratio   13393.394611452659
  step_slope_flat         13376
  craving_protein_search  12876
  path_found              12626
  diet_nutrition_total    12542
  place_memory_samples_band_010246
  remembered_node_target  10157
  craving_protein_reachable10006
  place_memory_samples_band_19519
  sleeping_open           6854
  sleeping                6517
  relocation_food_nodes   6438
  action_target_knowledge_checked5750
  action_target_knowledge_known5750
  yield_obs_yield_fish_sum5583.663093872554
  mood_belonging_sum      4240.03901527918
  relocation_food_depleted3532
  diet_nutrition_protein  3300
  action_target_knowledge_visible_forage3270
  grazer_samples          2710
  elite_larder_preferred  2515
  hunter_samples          2250
  belief_seen_eat_berries 2159
  fruit_thirst_relief     2038.9935329698378
  shared_resource_depletion_seen1870
  drink                   1852
  poison_ticks            1546
  craving_protein_absent  1435
  craving_protein_outside_reach1435
  abandoned_hands_full    1324
  action_target_knowledge_visible_chop1309
  place_exploration_fraction_band_01292.568359375
  craving_protein_masked_by_reachable_food1218
  craving_protein_override_selected1218
  cold_damage_ticks       1112
  place_exploration_fraction_band_11000.3232421875
  work_ended_hands_full   983
  mood_samples            882
  macro_samples           882
  food_blocked_by_reach_at_think821
  food_reach_fallback_at_think821
  macro_exertion_sum      818.7676865253555
  eat                     810
  step_blocked            717
  hydrating_food_candidate704
  nursing_sessions        693
  yield_obs_yield_hunt_sum643.2843973356815
  belief_seen_eat_fish    639
  sheltering              616
  grazer_samples_on_poor  605
  witnessed               593
  macro_carb_sum          529.2225637894074
  ate_berries             525
  eaten_berries           525
  harvest_berries         516
  yield_obs_yield_forage_n511
  food_absent_in_search_at_think482
  stale_memory_resource_empty461
  abandoned_remembered_wrong461
  eat_craving_protein     442
  action_target_from_memory_forage427
  would_spoil_berries     362
  action_target_knowledge_visible_hunt348
  cry_interrupted         346
  worked_alongside        341
  belief_told             324
  action_target_knowledge_visible_pick322
  stored                  315
  work_ended_node_empty   310
  eat_calm_protein        298
  drink_finished          280
  step_slide              273
  route_arrived           246
  belief_seen_eat_apple   245
  food_stored_own         236
  water_place_told        223
  action_target_knowledge_remembered_forage218
  remembered_empty_walk   217
  yield_obs_yield_fish_n  206
  action_target_knowledge_visible_drink205
  remembered_bush_out_of_season196
  yield_obs_yield_pick_sum189.407017365971
  animal_alarmed          180
  macro_protein_sum       179.8715666561069
  harvest_fish            174
  macro_fat_sum           172.9058695544861
  ate_fish                160
  eaten_fish              160
  risky_meals_fish        160
  rumor_spread            160
  romp_together           146
  spoilage_prevented      146
  conversation            139
  belief_seen_eat_hazelnut139
  hand_capacity_blocked   137
  hungry_at_work_sleep    114
  eat_calm_protein_rich   113
  belief_seen_eat_pear    113
  settled_over_work       109
  tree_died_old           105
  materials_delivered     102
  would_spoil_fish        98
  dropped                 94
  sought_out_chief_talk   87
  work_ended_baby_crying  86
  yield_obs_yield_pick_n  84
  talked_baby_crying      82
  sparred                 80
  hungry_at_work_nurse    79
  withdrawn               79
  action_target_knowledge_remembered_drink78
  rest_ended_baby_crying  78
  raid_for_need_nowhere   72
  harvest_meat            70
  belief_seen_sick        70
  shared_a_roof           69
  hungry_at_work_give     63
  pushed_on_hunger_give   63
  haul_units_band_0       62
  water_exploration_no_frontier61
  event_share_food        56
  gift_given              56
  eat_craving_protein_rich56
  belief_seen_eat_meat    55
  interrupted_discuss_baby_crying51
  abandoned_no_food       49
  hungry_at_work_talk     46
  meadow_poor_share_samples45
  woke_hungry             44
  picked_apple            44
  conversation_deep       43
  conversation_interests  42
  tended_ticks            42
  haul_units_band_1       40
  wood_cut                40
  order_obeyed            39
  order_haul_obeyed       39
  ate_apple               38
  eaten_apple             38
  reflected               35
  harvest_sticks          34
  conversation_chat       34
  hunter_samples_expected_in_firelight33.22027143764818
  abandoned_nothing_to_haul33
  picked_hazelnut         33
  picked_pear             32
  yield_obs_yield_hunt_n  31
  ate_pear                31
  eaten_pear              31
  hungry_at_work_romp     30
  ate_hazelnut            30
  eaten_hazelnut          30
  carry_overflow_dropped  29
  picked_up               29
  pickup_ordered          29
  npc_pickup              29
  order_refused           28
  order_haul_refused      28
  tree_seeded             26
  work_ended_tree_bare    26
  romp_away_from_family   23
  hearths                 23
  harvest_reeds           22
  hungry_at_work_hunt     22
  pushed_on_hunger_hunt   22
  woke_baby_crying        21
  conversation_greet      20
  child_taught            19
  child_taught_by_parent  19
  ask_taught              19
  event_teach             19
  child_watched           19
  ponder_nothing          19
  thought_nothing_came_of_it19
  animal_fed              19
  hungry_at_work_rest     19
  haul_trip_band_0        18
  belief_seen_eat_plum    18
  romp_hungry             18
  poisoned_fish           17
  site_placed             16
  breakthrough_ponder     16
  talked_hungry           16
  action_target_from_memory_gather_for_site15
  project_backer_added    14
  sought_out_chief_propose14
  ate_meat                14
  eaten_meat              14
  risky_meals_meat        14
  poisoning_passed        14
  picked_plum             14
  poison_grade_mild       13
  interrupted_give_baby_crying13
  prey_killed_by_predator 12
  animal_predated         12
  sought_out_chief_spar   12
  teaching_failed         11
  haul_trip_band_1        11
  sought_out_chief_ask    11
  would_spoil_apple       11
  romp_cold               11
  interrupted_teach_baby_crying10
  ask_taught_nothing      10
  asked_learned_nothing   10
  abandoned_no_fruit      10
  sought_out_chief_discuss10
  conception              9
  food_place_told         9
  ate_plum                9
  eaten_plum              9
  cold_damage_sum         8.013497608385336
  baby_picked_up          8
  ask_refused             8
  asked_would_not_teach   8
  prey_killed_by_wolf     8
  hunt_missed             8
  site_abandoned          8
  marriage                7
  founding_households     7
  observed_firemaking     7
  talked_away_from_family 7
  animal_entered_by_edge  7
  birth                   7
  water_exploration_offered7
  water_exploration_offered_child7
  grass_cut               6
  hunt_ended_baby_crying  6
  event_help              6
  poison_grade_moderate   6
  observed_tracking       6
  animal_killed           5
  hunt_killed             5
  conceived_cordage       5
  spark_cordage_1         5
  building_completed      5
  herb_used_on_poison     5
  belief_seen_eat_toxic_berries5
  discuss_nothing         5
  talked_nothing_came_of_it5
  rest_ended_hungry       5
  breakthrough_discuss    5
  sought_out_chief_praise 5
  meadow_poor_share_sum   4.854401805869075
  chief_chosen            4
  taught_taming           4
  relocation_scarcity_days4
  band_planned_windbreak  4
  taught_tracking         3
  taught_firemaking       3
  poison_cured            3
  tended_to_health        3
  interrupted_spar_thirsty3
  would_spoil_meat        3
  taught_plant_lore       3
  ate_toxic_berries       3
  eaten_toxic_berries     3
  ate_toxic_unwise        3
  risky_meals_toxic_berries3
  poisoned_toxic_berries  3
  rest_ended_away_from_family3
  taught_herbalism        3
  band_planned_mud_hut    3
  taught_ochre            3
  completed_windbreak     3
  conceived_cooking       3
  spark_cooking_1         3
  conceived_herding       3
  observed_plant_lore     3
  band_planned_storage_pit3
  proposed_baby_crying    3
  completed_storage_pit   2
  abandoned_already_built 2
  tree_felled             2
  prey_killed_by_bear     2
  abandoned_quarry_gone   2
  poison_eased            2
  prey_killed_by_lynx     2
  herd_entered_by_edge    2
  interrupted_spar_baby_crying2
  abandoned_store_full    2
  sought_out_chief_give   2
  poison_grade_severe     2
  observed_ochre          2
  starving_fed            2
  starving_fed_remembered 2
  project_request_refused 2
  belief_seen_yield_fish  2
  spark_herding_0         2
  animal_born             2
  era_advanced            1
  hungry_at_work_forage   1
  pushed_on_hunger_forage 1
  interrupted_ask_away_from_family1
  interrupted_ask_thirsty 1
  work_ended_thirsty      1
  abandoned_tree_gone     1
  woke_away_from_family   1
  poisoned_meat           1
  belief_seen_yield_forage1
  spark_herding_2         1
  animal_blow_boar        1
  hunter_turned_on_by_boar1
  wound_days_untended     1
  hurt_person_days        1
  wound_dressed           1
  ate_at_source           1
  animal_blow_deer        1
  hunter_turned_on_by_deer1
  observed_herbalism      1
  conceived_division_of_labour1
  spark_division_of_labour_01
  gossiped_away_from_family1
  action_target_from_memory_gather1
  event_praise            1
  praise_told             1
  animal_tamed            1
  would_spoil_pear        0
  would_spoil_plum        0
  mood_comfort_sum        -486.68673590936
  mood_security_sum       -1551.718872764295
  mood_purpose_sum        -8875.63042352323

ACTIONS (summed over samples)
  idle                    42784
  forage                  29360
  rest                    21424
  sleep                   15851
  go_home                 15742
  talk                    14261
  drink                   10027
  romp                    7607
  ponder                  6445
  spar                    6442
  chop                    6328
  ask                     5993
  store                   4114
  pick                    4088
  gather                  3602
  nurse                   3373
  discuss                 3341
  give                    2208
  haul                    1964
  hunt                    1657
  build                   1577
  take                    1383
  propose                 1092
  tame                    1057
  shelter                 874
  reflect                 713
  eat                     483
  teach                   356
  tend                    230
  cut_grass               204
  pickup                  195
  wander                  89
  praise                  63

KNOWLEDGE
  era: Middle Palaeolithic  ·  10 things known to somebody  ·  14 can make fire
  1 advances, 0 relapses

BANDS
  2 chiefs  ·  0 outcast  ·  0 exiled  ·  39 orders obeyed, 28 refused

BUILDINGS
  5 of 8 finished  ·  236 items in store

RELATIONSHIPS
  245 edges across 27 people  ·  245 warm  ·  0 hostile
  Rhaon band            theft tolerance 1.48   murder 1.12
  Belia band            theft tolerance 1.48   murder 1.13

TERRAIN
  water=5774  beach=1189  grass=4506  forest=3468  hills=1372  rock=75

TRAVEL
  12626 routes found  ·  14.2 mean / 194 worst expansions  ·  1402.9 searches per 1,000 ticks
  route_arrived=246  walk_blocked=0  abandoned_cannot_reach=0
  everything that walks: step_blocked=717  ·  axis_null=0  ·  slides=273
  people only: 0 stuck of 70294 walk ticks (0.0 per 1,000)  ·  denied: cooldown=18515 budget=0
  recoveries=0 (0 found a route)

CHECKS
  PASS  regions-stay-true       9 independently recomputed landmasses; 0 incorrectly labelled tiles and 0 incorrect region sizes
  PASS  hands-limit-loads       0 post-transfer states remained above the hands and fitted-container limit; 137 collection attempts hit a hand limit
  n/a   containers-carry-more   run the porters scenario to compare fitted containers with bare hands
  PASS  people-act-on-what-they-know5750/5750 forage, pick, drink, hunt and chop targets visible or remembered
  n/a   word-of-food-travels    measured in food-news, where the rumour supplies the only food
  PASS  stale-memories-cost     461 trips reached a remembered resource that was exhausted
  PASS  the-map-grows           7.4% → 10.7% mean explored (must grow and remain below 99%)
  n/a   kin-are-defended        0 attacks on children with adult witnesses (need 10)
  n/a   the-young-run-to-their-own0 attacked children fled (need 10)
  FAIL  cravings-steer-the-diet 12.7% rich-protein meals while craving vs 37.9% while calm (need 1.3x)
  FAIL  nights-are-slept        55.0% of 2058 adult samples in full night sleeping or resting (need 55%)
  PASS  nights-are-spent-at-home85.0% of 2058 adult night samples within 15 tiles of an anchor (need 70%)
  FAIL  moods-move-choices      8.2% talk in low-belonging tercile vs 10.2% in high (2100 samples each; low must be higher)
  PASS  children-keep-close     95.3% of 2143 child samples within radius + 3 of either living parent (need 75%; designated carer=92.7%; top actions: go_home=443, romp=373, sleep=315, ask=224, forage=223)
  PASS  no-nan                  worst sample had 0 non-finite fields
  PASS  people-in-bounds        worst sample had 0 people outside a 128x128 world
  PASS  people-on-land          worst sample had 0 people standing in water or on rock
  PASS  people-survive          27/20 alive at step 9000 (need 14 over 37 days)
  PASS  deaths-explained        nobody died
  PASS  nobody-stalls-under-orders0 people stalled under order for a full day; 0 gave up walking, 0 of those under order
  PASS  walkers-do-not-grind    0 of 70,294 walking ticks made no real progress (0.0 per 1,000; wanted under 5)
  PASS  paths-are-found         200 pairs sampled on the largest region, every one found — mean 611.3 / worst 3365 expansions; 0 gave up mid-play
  PASS  nobody-walled-in        27 checked; 0 cut off from water, 0 cut off from food in their own region
  PASS  people-drink            drink=1852
  PASS  drinking-is-paced       280 drinks finished over 885 person-days (0.32 each per day; wanted some, and fewer than 4)
  PASS  food-work-continues     1 ticks of food-gathering continued through hunger that would otherwise have stopped it (22 hunting)
  PASS  people-harvest          berries=516 meat=70 wood=0 flint=0
  PASS  people-eat              eat=810
  PASS  ai-uses-many-actions    33 distinct actions observed: idle=42784 forage=29360 rest=21424 sleep=15851 go_home=15742 talk=14261 drink=10027 romp=7607 ponder=6445 spar=6442 chop=6328 ask=5993 store=4114 pick=4088 gather=3602 nurse=3373 discuss=3341 give=2208 haul=1964 hunt=1657 build=1577 take=1383 propose=1092 tame=1057 shelter=874 reflect=713 eat=483 teach=356 tend=230 cut_grass=204 pickup=195 wander=89 praise=63
  PASS  needs-not-pinned        final avgHunger=14.6 avgThirst=15.8 avgCold=4.2 avgCompany=14.7
  PASS  health-holds-up         final avgHealth=99.5 (floor is 60)
  PASS  events-witnessed        deeds=82 witnessed=593 unwitnessed=0
  PASS  people-talk             conversations=139
  PASS  gossip-is-aimed         0 slanders and 1 praises over 139 conversations
  PASS  rumor-propagates        stories passed on=160
  n/a   opinions-diverge        measured after a witnessed assault in conflicts. 245 relationships across 27 people: 245 warm, 0 hostile
  PASS  materials-delivered     delivered=102 sites=8 finished=5
  PASS  building-starts-small   7 projects measured; 0 exceeded sponsor + backers + ordered workers
  PASS  projects-find-backers   5/5 completed AI-planned projects had a backer (need 70%)
  n/a   shelter-answers-cold    never got cold (peak avgCold 7.1)
  PASS  work-runs-in-stretches  baby_crying=86 node_empty=310 hands_full=983 thirsty=1 tree_bare=26
  PASS  foraging-bites          most bushes stripped at once: 286; wild food went from 1752 to 1110
  n/a   generations-turn-over   run covers only 37 days; too short to say
  PASS  forest-is-used          2 trees felled, 40 timber cut, 152 fruit picked
  PASS  fruit-comes-and-goes-with-the-seasonworst sample had 0 fruit hanging out of season; most windfall seen at once was 10946 across 4 seasons
  PASS  forest-persists         stand went from 1020 to 939 (817 grown, 44 seedlings); 26 seeded, 105 died of age
  PASS  bands-have-chiefs       2 chiefs for 27 people; 4 changes of leadership
  PASS  bands-decide-to-build   10 sites marked out by bands themselves (player placed none)
  n/a   camps-move-when-the-land-failsmeasured in the lean survival scenario
  n/a   jobs-bias-work          too few ticks with a job assigned to compare (0 held, 0 not)
  n/a   rebellion-is-rare-but-happensrun covers only 37 days; too short for rebellion to be expected or ruled out
  n/a   raids-are-organised     no chief in this world ever stood badly enough with a neighbour to weigh one
  n/a   knowledge-is-found      run covers under a year; too short to work anything out
  PASS  knowledge-is-passed-on  19 taught deliberately, 19 picked up by watching; 11 lessons that did not take
  PASS  children-are-taught     19 of 19 lessons went to a child, 19 of those from a parent
  n/a   sparks-are-various      this world was handed 10 technologies; what is left to conceive is the scenario talking, not the web
  PASS  ideas-are-conceived     12 ideas conceived (0.54 per person-year; wanted some, and fewer than 3)
  n/a   ideas-become-tech       run covers under a year; 12 conceived, too soon to prove any
  n/a   the-tree-is-climbed     run covers under a year; too soon to get past the root technologies
  PASS  research-is-social      16 breakthroughs alone, 5 by arguing it out
  n/a   trials-accumulate       nothing was proven, so nothing was tried more than once
  n/a   techs-are-refined       nothing was proven, so nothing could be improved
  n/a   records-are-cut         nobody in this world can write
  n/a   crafting-is-interruptibletoo few crafting attempts to tell (0 made, 0 interrupted)
  n/a   food-spoils             spoilage is switched off in this scenario
  n/a   stores-keep-food-better-than-packsspoilage is switched off in this scenario
  FAIL  pictures-are-painted    0 paintings left on rock by a band that cannot write
  n/a   music-answers-lonelinessthe knowledge is here and no flute was ever made
  n/a   beer-answers-loneliness nobody here knows how to brew
  n/a   the-temple-gathers      no band had a chief with redistribution and a granary
  n/a   the-ledger-remembers    no temple kept by a chief who keeps accounts
  n/a   taxes-reach-the-temple  no temple kept by a chief who knows how to tax
  n/a   the-law-is-the-same-for-allno chief who judges by the law heard a case of their own people
  n/a   soldiers-are-kept       no temple kept by a chief who knows a standing army
  n/a   kings-reign-for-life    nobody here knows kingship
  n/a   civilisation-is-derived no band holds the six things a civilisation is
  n/a   governments-declare-war-and-peaceno government declared anything in this run
  n/a   the-beaten-pay-tribute  no people submitted to another in this run
  n/a   serfs-are-owned         no governed people took an adult captive in this run
  n/a   feasts-gather-the-band  nobody here knows how to brew
  n/a   the-hurt-are-tended     only 1 person-days of hurt; too few to expect a healer at hand
  n/a   wounds-fester-untended  1 untended and 0 dressed wound-days; too few to compare (need 60 of each)
  PASS  raw-meat-sickens        18 illnesses after 174 raw meals; none after anything cooked
  PASS  the-wise-avoid-baneberries3 baneberry meals by people without plant lore (3 fell ill), 0 by people who had it
  PASS  animals-are-tamed       19 meals offered to wild animals, 1 of them came round
  n/a   heads-direct-work       nobody here has the idea of a band with a shape
  FAIL  kills-are-butchered-for-bone5 kills gave 0 of bone and sinew, worked into 0 tools and 0 coats (nobody here can sew)
  n/a   crafts-happen-at-stations5 station designs exist and no band finished one in this run
  n/a   the-hearth-warms        nobody was cold within range of a finished hearth
  n/a   roast-wins              nobody alive knows cooking
  n/a   cooking-spreads         scenario did not found anyone knowing cooking
  n/a   pots-reach-a-granary    nobody alive knows how to fire clay
  PASS  discovery-is-situated   every one of 12 ideas came by a named route; 0 of them into the technologies cold suggests
  PASS  population-bounded      peak population 27
  PASS  spatial-hash-spreads    largest bucket holds 4 of 27 items across 12 cells
  PASS  animals-move            mean drift 13.4 tiles/day (floor is 2)
  PASS  animals-flee            310 bolts opened the distance, 94 did not
  PASS  hunts-succeed-and-fail  5 kills, 8 misses, 0 outrun
  PASS  people-eat-meat         70 meat taken; 810 meals eaten
  PASS  fish-are-caught         174 fish taken; 810 meals eaten
  n/a   bands-set-traps         nobody in this world knows how to set a trap
  n/a   fields-are-sown-and-reapednobody in this world knows how to farm
  n/a   soil-is-drawn-down      no harvest was taken off any ground in this run
  n/a   compost-answers-exhaustionnobody in this world knows how to compost
  n/a   traps-catch             no trap was finished in this run
  n/a   herds-breed-and-are-cullednobody in this world knows how to keep a pen
  n/a   wells-are-drawn-from    nobody in this world knows how to sink a well
  n/a   milk-is-drawn-and-drunk no milk was ever bred in this run
  n/a   wool-is-sheared-and-wovenno wool was ever bred in this run
  PASS  bands-dont-overbuild    band0=3 band1=2; 0 over the ceiling, 0 holding empty stores
  PASS  families-exist          7 households of more than one; 27 people with family
  n/a   sleep-restores          nobody had a roof to sleep under in this run
  n/a   kin-outrank-strangers   not all three kinds of tie have 10+ pairs here: household=70.9 band=16.2 outsider=n/a outsider-unrelated=n/a · band-pairs=0 friendliest=0.0 hostile=0.0
  n/a   bands-take-sides        no two bands have touched each other in this run
  n/a   violence-concentrates   only 0 blows between peoples here; too few to say where they land
  n/a   peoples-drift-apart     0 incidents between peoples; too few to split the run around
  n/a   peace-within-bands      only 0 blows here; too few to say where they land
  n/a   children-are-not-struck only 0 blows here; too few to say
  n/a   the-struck-respond      only 0 second blows here; too few to say
  n/a   wrongs-reach-the-chief  only 0 debts run up; too few to say
  n/a   upbringing-follows-culturefewer than two peoples saw 15 wrongs by their children abroad, with regard for strangers 0.15 apart
  n/a   the-watched-intervene   only 0 property deeds were seen by their owners; too few to say
  n/a   captives-are-taken      only 0 blows between peoples; no quarrel long enough
  n/a   bodies-are-found        only 0 deaths here; too few to say
  n/a   murders-are-solved      only 0 killings here; too few to say
  PASS  world-has-land          grass=4506 forest=3468 water=5774
  n/a   perf-budget             717 steps/s with 27 people at the peak (floor 1,880); judged only when a scenario runs alone
  PASS  herds-follow-the-grass  2,710 grazer samples, 22% of them on poor grass, against 11% of the meadow and the wood being poor
  PASS  predators-hunt          12 grazers pulled down (8 by wolves, 2 by bears, 2 by lynxes); 0 people bitten
  PASS  fire-keeps-wolves-off   0 of 2250 hunter samples inside a circle of firelight, where chance alone would put 33.2 (0 turned back)
  n/a   a-hunted-out-land-stays-emptythis land was not hunted out
  PASS  slopes-slow             95,090 uphill steps cover 90.6% of the distance asked, 78,530 downhill 103.4%, 13,376 flat 100%
  n/a   hills-see-farther       0 sightings of strangers in this run; too few to say

==============================================================================
5/133 CHECKS FAILED: cravings-steer-the-diet, nights-are-slept, moods-move-choices, pictures-are-painted, kills-are-butchered-for-bone


WORLD HEALTH REPORT  -  scenario "lean"  seed "lean"
==============================================================================
24000 steps in 56602ms  (424 steps/s)

POPULATION OVER TIME
  step    day   alive  hunger  thirst  tired   cold   lonely  health  food   bare  store  trees  grown  fruit  kids  wed  age   oob  
  0       5     36     0.0     0.0     0.0     0.0    0.0     100.0   445    62    0      679    594    0      13    20   15    0    
  2400    15    36     39.5    18.1    21.2    0.0    40.8    94.0    174    68    18     622    518    374    13    20   15    0    
  4800    25    40     31.4    17.0    11.6    0.3    30.2    91.7    180    66    20     621    519    913    18    18   13    0    
  7200    35    39     55.2    13.2    21.4    53.4   51.0    87.4    129    104   22     620    520    0      18    16   13    0    
  9600    45    20     75.0    25.0    19.3    83.2   72.2    53.4    103    98    22     624    521    0      12    5    10    0    
  12000   55    1      10.8    18.6    0.0     42.8   100.0   70.9    169    46    25     641    520    459    0     0    21    0    
  14400   65    1      10.6    11.5    0.0     0.0    100.0   97.7    287    43    42     641    520    1092   0     0    21    0    
  16800   75    1      8.3     18.5    0.0     34.2   100.0   97.7    234    86    75     641    523    0      0     0    21    0    
  19200   85    1      15.2    5.0     0.0     58.9   100.0   97.7    205    85    84     644    525    0      0     0    22    0    
  21600   95    1      23.8    8.5     4.5     9.2    100.0   97.7    207    47    79     666    526    482    0     0    22    0    
  24000   105   1      21.6    36.0    12.1    0.3    100.0   97.7    301    43    101    662    524    1093   0     0    22    0    

EVENTS
  path_expanded           613256
  remembered_node_candidate396158
  malnutrition_samples    316110
  step_slope_up           140360
  walk_tick               135308
  step_slope_up_ratio     127461.60453786825
  step_slope_down_ratio   115659.99292437907
  place_memory_age_sum_band_1112753.91056804219
  step_slope_down         111985
  water_memory_candidate  92006
  water_visible_candidate 89782
  nursing_hunger_relief   77600
  nursing_thirst_relief   77600
  place_memory_age_sum_band_073157.6858779959
  malnutrition_sum        62910.12949024263
  cold_damage_ticks       51651
  craving_protein_search  49788
  food_accessible_at_think49486
  food_absent_in_search_at_think42550
  remembered_node_target  41454
  place_memory_age_sum_band_241177.79171477244
  walk_arrived            38184
  craving_protein_absent  31376
  path_denied_cooldown    28931
  rest                    28093
  path_found              26693
  hungry_at_work_rest     23770
  rest_ended_hungry       22807
  water_exploration_offered22055
  water_exploration_offered_adult21375
  step_slope_flat_ratio   20254.57660762643
  step_slope_flat         20229
  place_memory_samples_band_118361
  water_exploration_no_frontier16499
  place_memory_samples_band_015563
  diet_nutrition_total    14952
  hungry_at_work_sleep    14488
  action_target_knowledge_checked14468
  action_target_knowledge_known14468
  craving_protein_reachable14320
  woke_hungry             14101
  place_memory_samples_band_210916
  sleeping_open           10286
  mood_belonging_sum      8854.818851874985
  sheltering              7432
  action_target_knowledge_visible_forage7180
  remembered_empty_walk   7156
  yield_obs_yield_forage_sum6398.929768733249
  sleeping                5789
  action_target_from_memory_forage5612
  hunter_samples          5340
  hungry_at_work_explore  5024
  pushed_on_hunger_explore5024
  craving_protein_outside_reach4092
  action_target_knowledge_visible_pick4056
  stale_memory_resource_empty3858
  abandoned_remembered_wrong3858
  drink                   3786
  step_blocked            3713
  relocation_food_nodes   3634
  yield_obs_yield_fish_sum3418.8045080079323
  craving_protein_masked_by_reachable_food3338
  craving_protein_override_selected3338
  food_blocked_by_reach_at_think3148
  food_reach_fallback_at_think3148
  grazer_samples          3009
  diet_nutrition_protein  2970
  poison_ticks            2939
  fruit_thirst_relief     2909.0451146849646
  relocation_food_depleted2628
  place_exploration_fraction_band_12396.033203125
  place_exploration_fraction_band_02345.2685546875
  action_target_knowledge_remembered_forage2123
  fever_ticks             2027
  step_slide              1838
  explore_ended_cold      1836
  explore_ended_hungry    1732
  hungry_at_work_nurse    1630
  hungry_at_work_propose  1601
  proposed_hungry         1600
  mood_samples            1548
  macro_samples           1548
  macro_exertion_sum      1454.0104823096951
  hungry_at_work_romp     1179
  romp_hungry             1113
  hungry_at_work_talk     1079
  place_exploration_fraction_band_21039.8564453125
  shared_resource_depletion_seen959
  eat                     956
  macro_carb_sum          954.206979677668
  witnessed               869
  belief_seen_eat_berries 856
  animal_alarmed          838
  cold_damage_sum         830.0696504306549
  elite_larder_preferred  822
  hungry_at_work_steal    777
  interrupted_steal_hungry777
  nursing_sessions        776
  pushed_on_cold_propose  727
  worked_alongside        695
  water_exploration_offered_child680
  talked_hungry           670
  grazer_samples_on_poor  649
  eat_craving_protein     616
  drink_finished          612
  action_target_knowledge_visible_drink605
  hydrating_food_candidate569
  belief_seen_eat_pear    557
  hungry_at_work_investigate527
  abandoned_hands_full    469
  action_target_knowledge_visible_chop413
  route_arrived           405
  sought_out_chief_propose399
  cry_interrupted         358
  yield_obs_yield_forage_n355
  belief_told             346
  abandoned_no_fruit      344
  macro_fat_sum           317.68188569991264
  hungry_at_work_hunt     309
  pushed_on_hunger_hunt   309
  belief_seen_eat_apple   309
  hungry_at_work_spar     293
  hurt_person_days        286
  work_ended_tree_bare    280
  macro_protein_sum       276.11113462241576
  eat_calm_protein        276
  water_place_told        266
  belief_seen_eat_fish    263
  harvest_berries         249
  ate_berries             246
  eaten_berries           246
  work_ended_node_empty   241
  yield_obs_yield_fish_n  235
  work_ended_cold         235
  belief_seen_eat_plum    234
  talked_cold             234
  belief_seen_eat_hazelnut233
  bleeding_ticks          232
  ate_pear                216
  eaten_pear              216
  sought_out_chief_steal  216
  picked_pear             214
  sought_out_chief_talk   212
  romp_cold               201
  rumor_spread            199
  conversation            187
  ate_at_source           176
  harvest_fish            172
  ate_fish                165
  eaten_fish              165
  risky_meals_fish        165
  would_spoil_fish        163
  rest_ended_baby_crying  162
  stored                  152
  work_ended_hands_full   140
  hungry_at_work_give     140
  pushed_on_hunger_give   140
  picked_plum             139
  ate_plum                136
  eaten_plum              136
  romp_together           133
  abandoned_no_food       132
  interrupted_spar_hungry 130
  event_share_food        125
  gift_given              125
  meadow_poor_share_samples120
  hand_capacity_blocked   109
  settled_over_work       107
  sparred                 102
  eat_calm_protein_rich   102
  body_found              102
  raid_for_need_nowhere   99
  harvest_sticks          90
  food_stored_own         90
  tree_died_old           86
  picked_apple            86
  ate_apple               86
  eaten_apple             86
  ate_hazelnut            82
  eaten_hazelnut          82
  picked_hazelnut         81
  materials_delivered     79
  action_target_knowledge_visible_hunt76
  dropped                 75
  romp_away_from_family   69
  tree_seeded             69
  relocation_scarcity_days69
  conversation_chat       66
  inherited_goods         66
  belief_seen_sick        62
  conversation_interests  62
  spoilage_prevented      62
  reflected               60
  belief_seen_eat_toxic_berries60
  eat_craving_protein_rich58
  wet_nursing_sessions    56
  woke_away_from_family   55
  withdrawn               54
  talked_baby_crying      51
  carry_overflow_dropped  47
  sought_out_chief_spar   45
  shared_a_roof           45
  death_settled           44
  corpse_left             44
  hungry_at_work_pick     42
  pushed_on_hunger_pick   42
  woke_baby_crying        41
  harvest_reeds           40
  hunter_samples_expected_in_firelight39.78762668578066
  work_ended_baby_crying  38
  conversation_greet      36
  haul_units_band_1       34
  death_starvation        34
  corpse_first_found      31
  harvest_flint           30
  yield_obs_yield_pick_sum29.166666666666668
  yield_obs_yield_pick_n  28
  site_placed             27
  food_place_told         27
  interrupted_give_baby_crying27
  haul_units_band_0       26
  wound_days_untended     26
  picked_up               26
  pickup_ordered          26
  npc_pickup              26
  ate_toxic_berries       25
  eaten_toxic_berries     25
  ate_toxic_unwise        25
  risky_meals_toxic_berries25
  animal_bit_person       25
  interrupted_discuss_cold25
  poisoning_passed        24
  conversation_deep       23
  hungry_at_work_praise   23
  breakthrough_ponder     22
  starving_fed            22
  fled_from_animal        21
  hungry_at_work_build    20
  site_abandoned          20
  investigation_rounds    20
  project_request_refused 19
  haul_units_band_2       19
  ponder_nothing          17
  thought_nothing_came_of_it17
  conceived_plant_lore    17
  poisoned_toxic_berries  17
  abandoned_nothing_to_haul16
  order_obeyed            15
  order_haul_obeyed       15
  hungry_at_work_forage   15
  pushed_on_hunger_forage 15
  animal_bit_person_bear  15
  animal_blow_bear        15
  investigation_asked     15
  animal_born             14
  poison_grade_moderate   13
  succession              13
  haul_trip_band_1        12
  haul_trip_band_0        12
  action_target_knowledge_remembered_drink12
  poisoned_fish           12
  animal_bit_person_at_night12
  would_spoil_berries     11
  poison_grade_mild       11
  prey_killed_by_predator 11
  animal_predated         11
  sought_out_chief_discuss11
  starving_fed_remembered 11
  investigation_opened    11
  investigate_baby_crying 11
  animal_left_by_edge     11
  marriage                10
  founding_households     10
  baby_picked_up          10
  conception              10
  spark_plant_lore_0      10
  hearths                 10
  animal_entered_by_edge  10
  animal_bit_person_wolf  10
  animal_blow_wolf        10
  order_refused           9
  order_haul_refused      9
  band_planned_windbreak  9
  birth                   9
  gossiped_hungry         9
  interrupted_discuss_baby_crying9
  romp_alone              9
  interrupted_spar_cold   9
  hungry_at_work_court    9
  household_extinct       9
  yield_obs_yield_hunt_n  8
  rest_ended_away_from_family8
  prey_killed_by_wolf     8
  murder_unsolved         8
  interrupted_court_hungry8
  action_target_from_memory_gather_for_site7
  chief_chosen            7
  abandoned_subject_gone  7
  widowed_by_seeing       7
  prototype_trial_passed  7
  hungry_at_work_bring_food7
  interrupted_spar_baby_crying6
  project_backer_added    6
  belief_seen_yield_forage6
  haul_trip_band_2        6
  action_target_from_memory_gather6
  death_exposure          6
  bring_food_cold         6
  relocation_votes_yes    6
  relocation_votes_total  6
  meadow_poor_share_sum   5.130773511407901
  remains_found           5
  poison_grade_severe     5
  band_planned_mud_hut    5
  interrupted_steal_baby_crying5
  sought_out_chief_feed   5
  talked_away_from_family 4
  discuss_nothing         4
  talked_nothing_came_of_it4
  unwitnessed             4
  explore_ended_baby_crying4
  spark_plant_lore_1      4
  death_animal            4
  proposed_baby_crying    4
  band_planned_storage_pit4
  conceived_tracking      3
  spark_tracking_0        3
  action_target_knowledge_remembered_hunt3
  prey_killed_by_bear     3
  spark_plant_lore_2      3
  work_ended_thirsty      3
  herd_entered_by_edge    3
  orphan_carried          3
  conceived_firemaking    3
  belief_seen_yield_pick  3
  interrupted_court_cold  3
  abandoned_target_gone   3
  relocation_no_known_destination3
  person_killed_by_wolf   3
  herd_left_by_edge       3
  belief_seen_yield_fish  2
  building_completed      2
  talked_thirsty          2
  conceived_cordage       2
  spark_cordage_1         2
  conceived_storytelling  2
  observed_tracking       2
  spark_firemaking_0      2
  practised_plant_lore    2
  relocation_proposed     2
  relocation_approved     2
  camps_moved             2
  animal_starved          2
  animal_starved_out      2
  work_ended_away_from_family1
  completed_storage_pit   1
  romp_thirsty            1
  spark_storytelling_0    1
  completed_windbreak     1
  reasoned_out_tracking   1
  wound_festered_untended 1
  fled                    1
  person_killed_by_bear   1
  proven_tracking         1
  discovered_tracking     1
  spark_storytelling_1    1
  child_watched           1
  abandoned_fruit_fallen  1
  breakthrough_discuss    1
  proposed_thirsty        1
  investigate_hungry      1
  spark_firemaking_2      1
  courtship               1
  hunt_ended_baby_crying  1
  event_praise            1
  praise_told             1
  prototype_failed        1
  proven_plant_lore       1
  discovered_plant_lore   1
  prototyped_cordage      1
  yield_obs_yield_hunt_sum0
  would_spoil_plum        0
  would_spoil_pear        0
  would_spoil_toxic_berries0
  would_spoil_apple       0
  mood_comfort_sum        -1538.4554442940848
  mood_security_sum       -7060.966699043623
  mood_purpose_sum        -12287.415383469373

ACTIONS (summed over samples)
  idle                    116459
  go_home                 38827
  forage                  34660
  pick                    30525
  rest                    28950
  sleep                   17647
  romp                    16270
  talk                    15460
  drink                   13705
  spar                    8340
  ponder                  6860
  gather                  6764
  shelter                 5600
  explore                 4826
  give                    4802
  propose                 4366
  nurse                   3758
  wander                  2937
  investigate             2653
  store                   2181
  chop                    2004
  haul                    1820
  build                   1412
  reflect                 1221
  discuss                 1149
  steal                   896
  take                    864
  eat                     459
  hunt                    376
  pickup                  332
  flee                    331
  praise                  201
  bring_food              199
  prototype               135
  court                   75

KNOWLEDGE
  era: Lower Palaeolithic  ·  0 things known to somebody  ·  0 can make fire

BANDS
  1 chiefs  ·  0 outcast  ·  0 exiled  ·  15 orders obeyed, 9 refused

BUILDINGS
  2 of 7 finished  ·  101 items in store

RELATIONSHIPS
  483 edges across 45 people  ·  479 warm  ·  0 hostile
  Velesh band           theft tolerance 0.56   murder 1.00
  Eskur band            theft tolerance 0.34   murder 1.12
  Pyrta band            theft tolerance 1.06   murder 0.83

TERRAIN
  water=4212  beach=1822  grass=4994  forest=3991  hills=1143  rock=222

TRAVEL
  26693 routes found  ·  23.0 mean / 1870 worst expansions  ·  1112.2 searches per 1,000 ticks
  route_arrived=405  walk_blocked=0  abandoned_cannot_reach=0
  everything that walks: step_blocked=3713  ·  axis_null=0  ·  slides=1838
  people only: 0 stuck of 135308 walk ticks (0.0 per 1,000)  ·  denied: cooldown=28931 budget=0
  recoveries=0 (0 found a route)

CHECKS
  PASS  regions-stay-true       3 independently recomputed landmasses; 0 incorrectly labelled tiles and 0 incorrect region sizes
  PASS  hands-limit-loads       0 post-transfer states remained above the hands and fitted-container limit; 109 collection attempts hit a hand limit
  n/a   containers-carry-more   run the porters scenario to compare fitted containers with bare hands
  PASS  people-act-on-what-they-know14468/14468 forage, pick, drink, hunt and chop targets visible or remembered
  n/a   word-of-food-travels    measured in food-news, where the rumour supplies the only food
  PASS  stale-memories-cost     3858 trips reached a remembered resource that was exhausted
  PASS  the-map-grows           7.1% → 16.8% mean explored (must grow and remain below 99%)
  n/a   kin-are-defended        0 attacks on children with adult witnesses (need 10)
  n/a   the-young-run-to-their-own0 attacked children fled (need 10)
  FAIL  cravings-steer-the-diet 9.4% rich-protein meals while craving vs 37.0% while calm (need 1.3x)
  FAIL  nights-are-slept        36.7% of 3416 adult samples in full night sleeping or resting (need 55%)
  PASS  nights-are-spent-at-home77.4% of 3416 adult night samples within 15 tiles of an anchor (need 70%)
  FAIL  moods-move-choices      2.8% talk in low-belonging tercile vs 5.0% in high (3547 samples each; low must be higher)
  PASS  children-keep-close     92.2% of 5214 child samples within radius + 3 of either living parent (need 75%; designated carer=88.6%; top actions: go_home=1268, romp=803, idle=767, sleep=467, pick=409)
  PASS  no-nan                  worst sample had 0 non-finite fields
  PASS  people-in-bounds        worst sample had 0 people outside a 128x128 world
  PASS  people-on-land          worst sample had 0 people standing in water or on rock
  FAIL  population-persists     1 alive after 3 years (peaked at 40, 9 born); need 14 and at least one birth
  PASS  deaths-explained        starvation=34 settled=44 animal=4 exposure=6
  PASS  nobody-stalls-under-orders0 people stalled under order for a full day; 0 gave up walking, 0 of those under order
  PASS  walkers-do-not-grind    0 of 135,308 walking ticks made no real progress (0.0 per 1,000; wanted under 5)
  PASS  paths-are-found         200 pairs sampled on the largest region, every one found — mean 701.9 / worst 3387 expansions; 0 gave up mid-play
  PASS  nobody-walled-in        1 checked; 0 cut off from water, 0 cut off from food in their own region
  PASS  people-drink            drink=3786
  PASS  drinking-is-paced       612 drinks finished over 1609 person-days (0.38 each per day; wanted some, and fewer than 4)
  PASS  food-work-continues     57 ticks of food-gathering continued through hunger that would otherwise have stopped it (309 hunting)
  PASS  people-harvest          berries=249 meat=0 wood=0 flint=30
  PASS  people-eat              eat=956
  PASS  ai-uses-many-actions    35 distinct actions observed: idle=116459 go_home=38827 forage=34660 pick=30525 rest=28950 sleep=17647 romp=16270 talk=15460 drink=13705 spar=8340 ponder=6860 gather=6764 shelter=5600 explore=4826 give=4802 propose=4366 nurse=3758 wander=2937 investigate=2653 store=2181 chop=2004 haul=1820 build=1412 reflect=1221 discuss=1149 steal=896 take=864 eat=459 hunt=376 pickup=332 flee=331 praise=201 bring_food=199 prototype=135 court=75
  FAIL  needs-not-pinned        final avgHunger=21.6 avgThirst=36.0 avgCold=0.3 avgCompany=100.0
  PASS  health-holds-up         final avgHealth=97.7 (floor is 60)
  PASS  events-witnessed        deeds=126 witnessed=869 unwitnessed=4
  PASS  people-talk             conversations=187
  PASS  gossip-is-aimed         0 slanders and 1 praises over 187 conversations
  PASS  rumor-propagates        stories passed on=199
  n/a   opinions-diverge        measured after a witnessed assault in conflicts. 483 relationships across 45 people: 479 warm, 0 hostile
  PASS  materials-delivered     delivered=79 sites=7 finished=2
  PASS  building-starts-small   7 projects measured; 0 exceeded sponsor + backers + ordered workers
  FAIL  projects-find-backers   1/2 completed AI-planned projects had a backer (need 70%)
  PASS  shelter-answers-cold    ticks spent sheltering=7432 final avgCold=0.3
  PASS  work-runs-in-stretches  hands_full=140 node_empty=241 baby_crying=38 tree_bare=280 away_from_family=1 thirsty=3 cold=235
  PASS  foraging-bites          most bushes stripped at once: 104; wild food went from 445 to 301
  PASS  generations-turn-over   over 2 years: 1 courtships, 10 marriages, 10 conceptions, 9 births, 13 successions
  PASS  forest-is-used          0 trees felled, 0 timber cut, 546 fruit picked
  PASS  fruit-comes-and-goes-with-the-seasonworst sample had 0 fruit hanging out of season; most windfall seen at once was 4047 across 4 seasons
  PASS  forest-persists         stand went from 679 to 662 (524 grown, 77 seedlings); 69 seeded, 86 died of age
  PASS  bands-have-chiefs       1 chiefs for 1 people; 7 changes of leadership
  PASS  bands-decide-to-build   18 sites marked out by bands themselves (player placed none)
  PASS  camps-move-when-the-land-fails2 camps moved after sustained local scarcity to food and water their proposer knew
  n/a   jobs-bias-work          too few ticks with a job assigned to compare (0 held, 0 not)
  n/a   rebellion-is-rare-but-happensnone fired in this run; a rare stochastic event, see band.test.ts for the deterministic assertion
  n/a   raids-are-organised     no chief in this world ever stood badly enough with a neighbour to weigh one
  PASS  knowledge-is-found      tracking=1 plant_lore=1
  n/a   knowledge-is-passed-on  nobody knew anything worth passing on
  n/a   children-are-taught     nobody knew anything worth passing on
  PASS  ideas-are-conceived     27 ideas conceived (0.67 per person-year; wanted some, and fewer than 3)
  PASS  sparks-are-various      9 routes into 5 technologies: tracking plant_lore cordage storytelling firemaking
  PASS  ideas-become-tech       27 conceived, 1 built, 2 proven, 1 failed their trial
  FAIL  the-tree-is-climbed     0 of 5 technologies conceived were past the root nodes
  PASS  research-is-social      22 breakthroughs alone, 1 by arguing it out
  PASS  trials-accumulate       7 trials went well across 2 designs proven, 1 went badly
  FAIL  techs-are-refined       0 improvements to proven designs, 0 carried as far as they go
  n/a   records-are-cut         nobody in this world can write
  n/a   crafting-is-interruptibletoo few crafting attempts to tell (0 made, 0 interrupted)
  n/a   food-spoils             spoilage is switched off in this scenario
  n/a   stores-keep-food-better-than-packsspoilage is switched off in this scenario
  n/a   pictures-are-painted    nobody here knows how to burn earth red
  n/a   music-answers-lonelinessnobody here can make a flute
  n/a   beer-answers-loneliness nobody here knows how to brew
  n/a   the-temple-gathers      no band had a chief with redistribution and a granary
  n/a   the-ledger-remembers    no temple kept by a chief who keeps accounts
  n/a   taxes-reach-the-temple  no temple kept by a chief who knows how to tax
  n/a   the-law-is-the-same-for-allno chief who judges by the law heard a case of their own people
  n/a   soldiers-are-kept       no temple kept by a chief who knows a standing army
  n/a   kings-reign-for-life    nobody here knows kingship
  n/a   civilisation-is-derived no band holds the six things a civilisation is
  n/a   governments-declare-war-and-peaceno government declared anything in this run
  n/a   the-beaten-pay-tribute  no people submitted to another in this run
  n/a   serfs-are-owned         no governed people took an adult captive in this run
  n/a   feasts-gather-the-band  nobody here knows how to brew
  n/a   the-hurt-are-tended     nobody here knows a herb from a weed
  n/a   wounds-fester-untended  26 untended and 0 dressed wound-days; too few to compare (need 60 of each)
  PASS  raw-meat-sickens        12 illnesses after 165 raw meals; none after anything cooked
  PASS  the-wise-avoid-baneberries25 baneberry meals by people without plant lore (17 fell ill), 0 by people who had it
  n/a   animals-are-tamed       nobody here would think of feeding one
  n/a   heads-direct-work       nobody here has the idea of a band with a shape
  n/a   kills-are-butchered-for-bonenobody alive knows what to do with a carcass
  n/a   crafts-happen-at-stations5 station designs exist and no band finished one in this run
  n/a   the-hearth-warms        nobody was cold within range of a finished hearth
  n/a   roast-wins              nobody alive knows cooking
  n/a   cooking-spreads         scenario did not found anyone knowing cooking
  n/a   pots-reach-a-granary    nobody alive knows how to fire clay
  PASS  discovery-is-situated   every one of 27 ideas came by a named route; 2 of them into the technologies cold suggests
  PASS  population-bounded      peak population 40
  PASS  spatial-hash-spreads    largest bucket holds 1 of 1 items across 1 cells
  PASS  animals-move            mean drift 12.9 tiles/day (floor is 2)
  PASS  animals-flee            406 bolts opened the distance, 192 did not
  n/a   hunts-succeed-and-fail  too few strikes to tell (0 kills, 0 misses)
  n/a   people-eat-meat         no meat entered the world in this run
  PASS  fish-are-caught         172 fish taken; 956 meals eaten
  n/a   bands-set-traps         nobody in this world knows how to set a trap
  n/a   fields-are-sown-and-reapednobody in this world knows how to farm
  n/a   soil-is-drawn-down      no harvest was taken off any ground in this run
  n/a   compost-answers-exhaustionnobody in this world knows how to compost
  n/a   traps-catch             no trap was finished in this run
  n/a   herds-breed-and-are-cullednobody in this world knows how to keep a pen
  n/a   wells-are-drawn-from    nobody in this world knows how to sink a well
  n/a   milk-is-drawn-and-drunk no milk was ever bred in this run
  n/a   wool-is-sheared-and-wovenno wool was ever bred in this run
  PASS  bands-dont-overbuild    band1=2; 0 over the ceiling, 0 holding empty stores
  FAIL  families-exist          0 households of more than one; 1 people with family
  n/a   sleep-restores          nobody had a roof to sleep under in this run
  n/a   kin-outrank-strangers   not all three kinds of tie have 10+ pairs here: household=n/a band=n/a outsider=n/a outsider-unrelated=n/a · band-pairs=0 friendliest=0.0 hostile=0.0
  n/a   bands-take-sides        no two bands have touched each other in this run
  n/a   violence-concentrates   only 0 blows between peoples here; too few to say where they land
  n/a   peoples-drift-apart     0 incidents between peoples; too few to split the run around
  n/a   peace-within-bands      only 0 blows here; too few to say where they land
  n/a   children-are-not-struck only 0 blows here; too few to say
  n/a   the-struck-respond      only 0 second blows here; too few to say
  n/a   wrongs-reach-the-chief  only 0 debts run up; too few to say
  n/a   upbringing-follows-culturefewer than two peoples saw 15 wrongs by their children abroad, with regard for strangers 0.15 apart
  n/a   the-watched-intervene   only 0 property deeds were seen by their owners; too few to say
  n/a   captives-are-taken      only 0 blows between peoples; no quarrel long enough
  PASS  bodies-are-found        31 of 44 bodies found by somebody (102 findings of somebody known, 5 of remains past knowing)
  n/a   murders-are-solved      only 0 killings here; too few to say
  PASS  world-has-land          grass=4994 forest=3991 water=4212
  n/a   perf-budget             424 steps/s with 40 people at the peak (floor 1,351); judged only when a scenario runs alone
  PASS  herds-follow-the-grass  3,009 grazer samples, 22% of them on poor grass, against 4% of the meadow and the wood being poor
  PASS  predators-hunt          11 grazers pulled down (8 by wolves, 3 by bears, 0 by lynxes); 25 people bitten
  PASS  fire-keeps-wolves-off   0 of 5340 hunter samples inside a circle of firelight, where chance alone would put 39.8 (0 turned back)
  n/a   a-hunted-out-land-stays-emptythis land was not hunted out
  PASS  slopes-slow             140,360 uphill steps cover 90.8% of the distance asked, 111,985 downhill 103.3%, 20,229 flat 100%
  n/a   hills-see-farther       0 sightings of strangers in this run; too few to say

==============================================================================
9/133 CHECKS FAILED: cravings-steer-the-diet, nights-are-slept, moods-move-choices, population-persists, needs-not-pinned, projects-find-backers, the-tree-is-climbed, techs-are-refined, families-exist


SCENARIO MATRIX
==============================================================================
  scenario        checks    steps/s     failures
  food-news       1/1       3,371       -
  conflicts       1/1       1,333       -
  tiny            47/47     2,110       -
  band            53/54     750         cravings-steer-the-diet
  crowded         55/56     243         cravings-steer-the-diet
  century         71/76     232         cravings-steer-the-diet, nights-are-slept, moods-move-choices, the-wise-avoid-baneberries, discovery-is-situated
  craft           61/65     488         cravings-steer-the-diet, nights-are-slept, gossip-is-aimed, discovery-is-situated
  wilds           61/64     640         cravings-steer-the-diet, moods-move-choices, the-wise-avoid-baneberries
  emptied         53/58     2,214       cravings-steer-the-diet, nights-are-spent-at-home, moods-move-choices, needs-not-pinned, shelter-answers-cold
  hearths         62/67     564         people-act-on-what-they-know, cravings-steer-the-diet, nights-are-slept, moods-move-choices, roast-wins
  porters         51/54     849         cravings-steer-the-diet, moods-move-choices, animals-flee
  scribes         64/66     459         cravings-steer-the-diet, discovery-is-situated
  harsh-winter    51/57     525         cravings-steer-the-diet, nights-are-slept, nights-are-spent-at-home, moods-move-choices, needs-not-pinned, shelter-answers-cold
  coast           52/53     1,089       cravings-steer-the-diet
  traps           59/64     737         cravings-steer-the-diet, nights-are-slept, moods-move-choices, gossip-is-aimed, shelter-answers-cold
  millers         70/75     648         cravings-steer-the-diet, nights-are-slept, moods-move-choices, gossip-is-aimed, the-wise-avoid-baneberries
  hunters         59/63     665         cravings-steer-the-diet, gossip-is-aimed, kills-are-butchered-for-bone, discovery-is-situated
  fishers         59/61     838         cravings-steer-the-diet, moods-move-choices
  farmers         68/75     370         cravings-steer-the-diet, nights-are-slept, moods-move-choices, crafts-happen-at-stations, discovery-is-situated, herds-breed-and-are-culled, bands-take-sides
  herders         67/72     452         cravings-steer-the-diet, nights-are-slept, gossip-is-aimed, techs-are-refined, animals-are-tamed
  feasts          68/75     403         cravings-steer-the-diet, moods-move-choices, techs-are-refined, pots-reach-a-granary, discovery-is-situated, bands-take-sides, hills-see-farther
  stewards        67/72     374         people-act-on-what-they-know, cravings-steer-the-diet, moods-move-choices, gossip-is-aimed, discovery-is-situated
  labour          58/65     407         cravings-steer-the-diet, nights-are-slept, people-survive, needs-not-pinned, gossip-is-aimed, shelter-answers-cold, peoples-drift-apart
  polity          78/84     341         people-act-on-what-they-know, cravings-steer-the-diet, nights-are-slept, moods-move-choices, roast-wins, cooking-spreads
  conquest        84/89     454         cravings-steer-the-diet, nights-are-slept, roast-wins, cooking-spreads, discovery-is-situated
  culture         60/65     717         cravings-steer-the-diet, nights-are-slept, moods-move-choices, pictures-are-painted, kills-are-butchered-for-bone
  lean            59/68     424         cravings-steer-the-diet, nights-are-slept, moods-move-choices, population-persists, needs-not-pinned, projects-find-backers, the-tree-is-climbed, techs-are-refined, families-exist
==============================================================================
SOME SCENARIOS FAILED

